curve_id,layer,point_order,x,y,z,mix
0,0,0,37.36661148071289,165.05810546875,835.9880981445312,0.1733
0,0,1,37.77691650390625,164.20263671875,834.0328369140625,0.1026
0,0,2,37.67724609375,163.32489013671875,832.0383911132812,0.1466
0,0,3,36.96982192993164,162.27871704101562,830.1727294921875,0.3057
0,0,4,35.800323486328125,161.4981231689453,828.5549926757812,0.2184
0,0,5,34.283233642578125,160.78895568847656,827.259521484375,0.2009
0,0,6,32.46910095214844,160.390380859375,826.437744140625,0.2485
0,0,7,30.496614456176758,160.27703857421875,826.4969482421875,0.3422
0,0,8,28.995206832885742,160.91561889648438,827.7901000976562,0.42
0,0,9,28.26154136657715,161.8516082763672,829.6368408203125,0.3504
0,0,10,28.421781539916992,162.84898376464844,831.6282958984375,0.2563
0,0,11,28.8383846282959,163.88270568847656,833.581298828125,0.1923
0,0,12,28.877405166625977,164.9545135498047,835.572021484375,0.1795
0,0,13,28.140958786010742,165.85720825195312,837.40185546875,0.1799
0,0,14,26.93060302734375,166.6100311279297,838.9839477539062,0.1023
0,0,15,25.139881134033203,167.00946044921875,839.8143920898438,0.1876
0,0,16,23.157373428344727,167.36000061035156,839.8416748046875,0.138
0,0,17,21.22579574584961,167.5562744140625,839.3677978515625,0.1873
0,0,18,19.556753158569336,167.62033081054688,838.3159790039062,0.1963
0,0,19,18.518545150756836,166.96429443359375,836.6609497070312,0.0983
0,0,20,18.526325225830078,165.71298217773438,834.7089233398438,0.0711
0,0,21,19.54976463317871,164.64639282226562,833.0167236328125,0.0656
0,0,22,21.063770294189453,164.0269775390625,831.7166748046875,0.2008
0,0,23,22.274534225463867,163.03463745117188,830.1275024414062,0.2359
0,0,24,22.65591812133789,161.45022583007812,828.172607421875,0.1143
0,0,25,22.330209732055664,159.7481231689453,826.2066040039062,0.1098
0,0,26,22.343624114990234,157.60858154296875,824.2090454101562,0.1332
0,0,27,22.73543930053711,155.54461669921875,822.2548217773438,0.3216
0,0,28,23.06686019897461,153.49217224121094,820.2855834960938,0.2428
0,0,29,23.001569747924805,151.75242614746094,818.3031616210938,0.339
0,0,30,22.322481155395508,150.162353515625,816.4456787109375,0.3633
0,0,31,21.041912078857422,148.8759307861328,814.9324340820312,0.292
0,0,32,19.391998291015625,148.18405151367188,813.8164672851562,0.2598
0,0,33,17.57164192199707,147.9918212890625,812.9983520507812,0.4214
0,0,34,15.670184135437012,148.0647735595703,812.388916015625,0.3978
0,0,35,13.721085548400879,147.983642578125,811.9545288085938,0.3498
0,0,36,11.740362167358398,147.60739135742188,811.7039184570312,0.4733
0,0,37,9.74522876739502,147.55780029296875,811.6857299804688,0.3927
0,0,38,7.782638072967529,147.58253479003906,812.018798828125,0.2471
0,0,39,6.055064678192139,148.07525634765625,812.9696655273438,0.2042
0,0,40,5.150166034698486,149.19851684570312,814.678466796875,0.114
0,0,41,4.989161014556885,150.57814025878906,816.6072998046875,0.2351
0,0,42,5.429100513458252,152.09356689453125,818.5250854492188,0.2128
0,0,43,6.565598964691162,153.1527099609375,820.1681518554688,0.2929
0,0,44,8.281695365905762,153.42767333984375,821.1221313476562,0.2201
0,0,45,10.164051055908203,152.9230499267578,820.9669799804688,0.0579
0,0,46,11.859591484069824,151.87335205078125,819.9959716796875,0.1735
0,0,47,13.429679870605469,150.44427490234375,818.7837524414062,0.1993
0,0,48,15.26033878326416,149.76522827148438,818.0072631835938,0.2658
0,0,49,16.96347999572754,150.568603515625,818.8167724609375,0.3236
0,0,50,17.315711975097656,152.57241821289062,820.7269897460938,0.2175
0,0,51,17.03955841064453,154.98960876464844,822.7047729492188,0.2146
0,0,52,16.85039520263672,157.38258361816406,824.6936645507812,0.1887
0,0,53,16.70140266418457,159.4940948486328,826.6859130859375,0.2955
0,0,54,16.074878692626953,160.97438049316406,828.5608520507812,0.2554
0,0,55,14.803668975830078,161.99888610839844,830.0416870117188,0.1603
0,0,56,12.989739418029785,162.65115356445312,830.7490844726562,0.2275
0,0,57,11.016233444213867,162.71461486816406,830.706298828125,0.3087
0,0,58,9.080116271972656,162.5439910888672,830.2403564453125,0.3593
0,0,59,7.131450653076172,162.2938232421875,829.818359375,0.4336
0,0,60,5.147768497467041,162.27044677734375,829.7376708984375,0.4745
0,0,61,3.1707940101623535,162.6857452392578,829.9913330078125,0.3035
0,0,62,1.1963953971862793,163.35726928710938,830.2499389648438,0.0847
0,0,63,-0.7510203123092651,163.6927032470703,830.0081176757812,0.1361
0,0,64,-2.3092997074127197,163.30984497070312,828.8802490234375,0.1949
0,0,65,-3.010244846343994,162.04364013671875,827.0646362304688,0.239
0,0,66,-3.111902952194214,160.1971435546875,825.0784301757812,0.3206
0,0,67,-3.233938455581665,158.53538513183594,823.086669921875,0.281
0,0,68,-3.3136630058288574,156.85231018066406,821.0926513671875,0.2877
0,0,69,-3.13250994682312,154.9434814453125,819.1131591796875,0.3338
0,0,70,-2.9350852966308594,153.28964233398438,817.1371459960938,0.2236
0,0,71,-3.4092001914978027,151.96717834472656,815.2496337890625,0.0826
0,0,72,-4.724403381347656,151.35064697265625,813.8187255859375,0.2302
0,0,73,-6.5418009757995605,151.228759765625,813.0668334960938,0.2205
0,0,74,-8.517755508422852,151.42129516601562,812.8793334960938,0.3622
0,0,75,-10.501335144042969,151.8714599609375,813.0640258789062,0.3278
0,0,76,-12.44747543334961,152.50421142578125,813.5015869140625,0.3624
0,0,77,-14.345848083496094,153.18490600585938,814.1185913085938,0.2815
0,0,78,-16.19451332092285,154.4039306640625,814.8731689453125,0.363
0,0,79,-17.97878074645996,156.4669189453125,815.7677612304688,0.4619
0,0,80,-19.651546478271484,159.06419372558594,816.8518676757812,0.6125
0,0,81,-21.123292922973633,162.70616149902344,818.1884765625,0.5345
0,0,82,-22.25484275817871,166.6358642578125,819.81298828125,0.2026
0,0,83,-22.837297439575195,169.30560302734375,821.688720703125,0.1122
0,0,84,-22.57455825805664,171.01055908203125,823.5985107421875,0.1744
0,0,85,-21.27911949157715,171.57293701171875,824.96533203125,0.1831
0,0,86,-19.395132064819336,171.27012634277344,825.4688110351562,0.2291
0,0,87,-17.48196792602539,170.03053283691406,825.1596069335938,0.0553
0,0,88,-15.832945823669434,167.06448364257812,824.0626831054688,0.2417
0,0,89,-14.504914283752441,163.86724853515625,822.5757446289062,0.3585
0,0,90,-12.889557838439941,161.23773193359375,821.4314575195312,0.6284
0,0,91,-10.944156646728516,160.27198791503906,821.3739013671875,0.5601
0,0,92,-9.405898094177246,160.61724853515625,822.5576171875,0.5692
0,0,93,-8.556367874145508,162.02711486816406,824.3626098632812,0.546
0,0,94,-7.956876754760742,163.5940704345703,826.2684326171875,0.3434
0,0,95,-7.847287178039551,165.50819396972656,828.2613525390625,0.2205
0,0,96,-8.344355583190918,167.76287841796875,830.1798706054688,0.066
0,0,97,-9.465831756591797,169.67401123046875,831.8043823242188,0.0473
0,0,98,-10.966446876525879,171.58816528320312,833.1058959960938,0.129
0,0,99,-12.646073341369629,173.35345458984375,834.1809692382812,0.25
0,0,100,-14.499737739562988,174.9625244140625,834.8670043945312,0.2751
0,0,101,-16.455263137817383,176.21670532226562,834.839599609375,0.1394
0,0,102,-18.182504653930664,176.91246032714844,833.927490234375,0.1325
0,0,103,-19.482839584350586,176.87637329101562,832.4318237304688,0.1169
0,0,104,-20.842649459838867,176.56846618652344,830.9732055664062,0.1087
0,0,105,-22.461576461791992,176.3611602783203,829.8283081054688,0.1153
0,0,106,-24.215953826904297,176.4084014892578,828.8740844726562,0.2219
0,0,107,-25.98920440673828,176.42999267578125,827.9539184570312,0.1661
0,0,108,-27.77467155456543,176.46920776367188,827.065673828125,0.1215
0,0,109,-29.666336059570312,176.86895751953125,826.4230346679688,0.0545
0,0,110,-31.66144371032715,177.69711303710938,826.4877319335938,0.1491
0,0,111,-33.38322830200195,179.05564880371094,827.45166015625,0.2837
0,0,112,-34.7103157043457,180.34500122070312,828.9432373046875,0.4629
0,0,113,-35.82792663574219,181.63385009765625,830.5983276367188,0.5033
0,0,114,-36.79743957519531,182.8826141357422,832.3447875976562,0.4226
0,0,115,-37.65298843383789,184.58473205566406,834.1500244140625,0.4248
0,0,116,-38.43394088745117,186.26104736328125,835.9888916015625,0.4113
0,0,117,-39.17095947265625,187.6112823486328,837.8457641601562,0.2995
0,0,118,-39.84697723388672,188.35772705078125,839.7252807617188,0.1709
0,0,119,-40.34831619262695,188.5297088623047,841.6582641601562,0.096
0,0,120,-40.39817428588867,188.0451202392578,843.655517578125,0.2769
0,0,121,-39.904422760009766,187.47976684570312,845.5860595703125,0.2336
0,0,122,-38.871585845947266,186.76051330566406,847.2760009765625,0.2535
0,0,123,-37.36799621582031,185.76455688476562,848.5447998046875,0.1024
0,0,124,-35.51601791381836,185.11587524414062,849.1348266601562,0.1225
0,0,125,-33.6063232421875,185.2157440185547,848.8358154296875,0.0781
0,0,126,-32.13311004638672,185.72882080078125,847.6162719726562,0.1073
0,0,127,-31.149341583251953,186.32089233398438,845.8861694335938,0.2215
0,0,128,-30.293703079223633,186.47174072265625,844.0961303710938,0.4326
0,0,129,-28.919790267944336,185.8062744140625,842.645751953125,0.5011
0,0,130,-27.193389892578125,184.84542846679688,841.7217407226562,0.4969
0,0,131,-25.296113967895508,183.7081298828125,841.3908081054688,0.6107
0,0,132,-23.393585205078125,182.52133178710938,841.9398193359375,0.8566
0,0,133,-21.704980850219727,181.7935028076172,842.982177734375,0.7644
0,0,134,-20.351625442504883,181.48907470703125,844.4384155273438,0.629
0,0,135,-19.46990966796875,181.17178344726562,846.2298583984375,0.5025
0,0,136,-19.169296264648438,181.2012176513672,848.2049560546875,0.2732
0,0,137,-19.51510238647461,181.6810760498047,850.1654052734375,0.2303
0,0,138,-20.67327880859375,182.49095153808594,851.7745361328125,0.3511
0,0,139,-22.40276527404785,183.15939331054688,852.7571411132812,0.2517
0,0,140,-24.378183364868164,183.9152069091797,853.0174560546875,0.2008
0,0,141,-26.371530532836914,184.3439483642578,852.9182739257812,0.1458
0,0,142,-28.3612060546875,184.2459259033203,853.064697265625,0.1458
0,0,143,-30.233844757080078,183.57977294921875,853.7219848632812,0.2984
0,0,144,-31.686527252197266,182.52615356445312,855.0574340820312,0.2762
0,0,145,-31.9539852142334,181.4039306640625,857.0004272460938,0.1798
0,0,146,-31.192901611328125,180.8416290283203,858.8264770507812,0.2404
0,0,147,-29.792808532714844,180.6254425048828,860.2469482421875,0.2013
0,0,148,-28.168041229248047,180.4411163330078,861.4090576171875,0.2056
0,0,149,-26.718637466430664,179.87745666503906,862.7840576171875,0.2846
0,0,150,-25.797901153564453,179.1380157470703,864.5501098632812,0.2657
0,0,151,-25.759185791015625,178.6151123046875,866.5371704101562,0.1346
0,0,152,-26.566635131835938,178.19496154785156,868.3577880859375,0.1328
0,0,153,-27.82295036315918,177.8852996826172,869.90380859375,0.1952
0,0,154,-29.35666847229004,178.08387756347656,871.173828125,0.2659
0,0,155,-31.20339584350586,178.81642150878906,871.8680419921875,0.3776
0,0,156,-33.174339294433594,179.6690673828125,871.8068237304688,0.2767
0,0,157,-35.08184051513672,180.25131225585938,871.2438354492188,0.3576
0,0,158,-36.837379455566406,180.81134033203125,870.3096923828125,0.1302
0,0,159,-38.444740295410156,180.97149658203125,869.129638671875,0.0713
0,0,160,-40.117469787597656,181.0860595703125,868.0523681640625,0.1208
0,0,161,-41.9982795715332,181.66140747070312,867.4832763671875,0.2381
0,0,162,-43.95927810668945,182.074951171875,867.607177734375,0.293
0,0,163,-45.75421905517578,182.43516540527344,868.4039306640625,0.4647
0,0,164,-47.041648864746094,182.89456176757812,869.8544311523438,0.3503
0,0,165,-47.454185485839844,183.20596313476562,871.7474365234375,0.255
0,0,166,-46.99481201171875,183.3782196044922,873.6524658203125,0.2635
0,0,167,-46.01194763183594,183.50921630859375,875.3796997070312,0.1359
0,0,168,-44.93937301635742,183.26217651367188,877.0621337890625,0.1163
0,0,169,-44.128265380859375,182.50146484375,878.873291015625,0.1062
0,0,170,-43.74647521972656,181.92379760742188,880.822021484375,0.1073
0,0,171,-43.92755126953125,182.0895233154297,882.7791748046875,0.2842
0,0,172,-44.83018112182617,182.97850036621094,884.5275268554688,0.2182
0,0,173,-46.15595626831055,184.10308837890625,886.019287109375,0.1409
0,0,174,-47.54416275024414,185.2255401611328,887.455322265625,0.1626
0,0,175,-48.895057678222656,185.91168212890625,888.9267578125,0.3117
0,0,176,-50.311588287353516,186.6359100341797,890.3340454101562,0.5002
0,0,177,-51.886253356933594,187.62901306152344,891.5505981445312,0.6333
0,0,178,-53.792964935302734,188.91110229492188,892.0804443359375,0.7294
0,0,179,-55.71038818359375,190.20394897460938,891.639892578125,0.5188
0,0,180,-57.181724548339844,191.2317657470703,890.33544921875,0.3807
0,0,181,-58.01651382446289,191.5231475830078,888.5341796875,0.4267
0,0,182,-58.380680084228516,191.33119201660156,886.57275390625,0.5561
0,0,183,-58.4913444519043,190.916259765625,884.5787963867188,0.5942
0,0,184,-58.806175231933594,190.73011779785156,882.6061401367188,0.4793
0,0,185,-59.449466705322266,191.0289764404297,880.7146606445312,0.2771
0,0,186,-60.17048263549805,191.54417419433594,878.8515014648438,0.0789
0,0,187,-60.43235778808594,191.7406768798828,876.874267578125,0.0728
0,0,188,-60.14237976074219,191.0369415283203,874.9004516601562,0.1356
0,0,189,-59.16385269165039,189.8914794921875,873.1725463867188,0.1865
0,0,190,-57.510189056396484,188.77085876464844,872.0816040039062,0.2998
0,0,191,-55.63420867919922,187.63330078125,871.4105834960938,0.2317
0,0,192,-53.97806930541992,186.93722534179688,870.3394775390625,0.1692
0,0,193,-52.882110595703125,186.35406494140625,868.72509765625,0.1972
0,0,194,-52.32896041870117,185.74510192871094,866.8104858398438,0.3425
0,0,195,-51.607547760009766,185.19271850585938,864.9842529296875,0.3707
0,0,196,-50.31226348876953,184.87701416015625,863.5279541015625,0.284
0,0,197,-48.52671813964844,184.32977294921875,862.6940307617188,0.4398
0,0,198,-46.536380767822266,183.3737030029297,862.5587158203125,0.4951
0,0,199,-44.557315826416016,182.8711395263672,862.83251953125,0.4625
0,0,200,-42.56222152709961,182.08030700683594,862.74951171875,0.2232
0,0,201,-40.65100860595703,181.6409149169922,862.2061767578125,0.0959
0,0,202,-38.964508056640625,181.2071533203125,861.17724609375,0.0658
0,0,203,-37.64597702026367,181.01954650878906,859.7141723632812,0.1792
0,0,204,-36.88505935668945,181.11474609375,857.9120483398438,0.2547
0,0,205,-36.978515625,181.60670471191406,855.9933471679688,0.2165
0,0,206,-37.93989562988281,182.6797637939453,854.2774658203125,0.1578
0,0,207,-39.35809326171875,183.67601013183594,852.8703002929688,0.1315
0,0,208,-40.813377380371094,185.46005249023438,851.504150390625,0.209
0,0,209,-42.46030807495117,187.1020050048828,850.3750610351562,0.1807
0,0,210,-44.29241943359375,188.21871948242188,849.5784301757812,0.198
0,0,211,-46.22385787963867,189.15481567382812,849.0700073242188,0.0937
0,0,212,-48.207820892333984,190.06153869628906,849.1683349609375,0.1076
0,0,213,-50.038902282714844,190.76019287109375,849.901123046875,0.2851
0,0,214,-51.683536529541016,191.2911834716797,851.0264892578125,0.4412
0,0,215,-53.230262756347656,191.59744262695312,852.2900390625,0.5425
0,0,216,-54.7432861328125,191.7834014892578,853.5946655273438,0.5983
0,0,217,-56.254638671875,191.92613220214844,854.9011840820312,0.593
0,0,218,-57.7894401550293,191.84814453125,856.1801147460938,0.5206
0,0,219,-59.372676849365234,192.01458740234375,857.3980102539062,0.4059
0,0,220,-61.02322769165039,192.15789794921875,858.5225830078125,0.2667
0,0,221,-62.74336624145508,192.537841796875,859.5371704101562,0.1941
0,0,222,-64.51473236083984,193.0232696533203,860.4603881835938,0.1778
0,0,223,-66.30159759521484,193.40396118164062,861.3538208007812,0.1827
0,0,224,-68.0541000366211,194.1777801513672,862.3119506835938,0.2634
0,0,225,-69.69520568847656,194.70350646972656,863.445068359375,0.3346
0,0,226,-71.07100677490234,195.00474548339844,864.876953125,0.2902
0,0,227,-71.78660583496094,194.82420349121094,866.7044067382812,0.0863
0,0,228,-71.21876525878906,194.1837615966797,868.5721435546875,0.1243
0,0,229,-69.9533920288086,194.09783935546875,870.1067504882812,0.0748
0,0,230,-68.37235260009766,194.06346130371094,871.3184204101562,0.1889
0,0,231,-66.98724365234375,193.89138793945312,872.7492065429688,0.131
0,0,232,-66.08030700683594,193.99594116210938,874.503662109375,0.0963
0,0,233,-65.74176788330078,194.17568969726562,876.4512939453125,0.1165
0,0,234,-65.42366027832031,194.4262237548828,878.4205322265625,0.2583
0,0,235,-64.80528259277344,194.38087463378906,880.3128051757812,0.3825
0,0,236,-63.906734466552734,194.24801635742188,882.0917358398438,0.2375
0,0,237,-63.05082702636719,194.142822265625,883.8931274414062,0.3058
0,0,238,-62.49650192260742,194.04664611816406,885.8037719726562,0.2837
0,0,239,-62.13827896118164,194.0641326904297,887.7686157226562,0.1796
0,0,240,-61.95146179199219,193.5489959716797,889.7533569335938,0.1186
0,0,241,-62.1480598449707,193.28509521484375,891.718505859375,0.0864
0,0,242,-62.935638427734375,193.1089630126953,893.5205688476562,0.1607
0,0,243,-64.29176330566406,193.13848876953125,894.9491577148438,0.3707
0,0,244,-66.05323028564453,193.33255004882812,895.8394775390625,0.4058
0,0,245,-68.01593780517578,194.1457061767578,896.062744140625,0.4623
0,0,246,-69.91419219970703,194.75543212890625,895.5153198242188,0.5002
0,0,247,-71.43794250488281,195.3233184814453,894.2462158203125,0.494
0,0,248,-72.45862579345703,196.00103759765625,892.5317993164062,0.5075
0,0,249,-73.16690826416016,196.4767303466797,890.6638793945312,0.4567
0,0,250,-74.12702178955078,197.0641632080078,888.911865234375,0.358
0,0,251,-75.59809112548828,197.2720184326172,887.5626220703125,0.316
0,0,252,-77.43897247314453,197.2500762939453,886.7874145507812,0.1184
0,0,253,-79.37191772460938,197.1551513671875,886.2838745117188,0.1352
0,0,254,-81.35865020751953,196.6558074951172,886.0966186523438,0.1099
0,0,255,-83.31156921386719,195.80490112304688,886.461669921875,0.2252
0,0,256,-85.14117431640625,194.714599609375,887.243408203125,0.2991
0,0,257,-86.92926788330078,193.6428680419922,888.1341552734375,0.3574
0,0,258,-88.83435821533203,193.0535125732422,888.63232421875,0.391
0,0,259,-90.59517669677734,192.6556854248047,887.9425659179688,0.23
0,0,260,-91.17549896240234,193.24266052246094,886.0945434570312,0.246
0,0,261,-90.55525207519531,194.0076904296875,884.1971435546875,0.2773
0,0,262,-89.39170837402344,194.80995178222656,882.5733642578125,0.1497
0,0,263,-88.51334381103516,195.40187072753906,880.7789916992188,0.0823
0,0,264,-91.03487396240234,196.51577758789062,878.143798828125,0.2933
0,0,265,-87.60514068603516,196.7790985107422,876.8960571289062,0.0801
0,0,266,-86.5975112915039,197.29421997070312,875.1824340820312,0.1728
0,0,267,-85.42479705810547,197.93882751464844,873.566162109375,0.2443
0,0,268,-83.99481964111328,198.18783569335938,872.1926879882812,0.119
0,0,269,-82.17313385009766,198.1618194580078,871.83203125,0.2131
0,0,270,-80.93000793457031,198.10804748535156,873.2288208007812,0.3888
0,0,271,-80.46765899658203,198.14950561523438,875.1537475585938,0.6019
0,0,272,-80.54064178466797,198.1252899169922,877.133544921875,0.5969
0,0,273,-80.31421661376953,198.0837860107422,879.0924072265625,0.3827
0,0,274,-79.25428009033203,198.18075561523438,880.7105712890625,0.283
0,0,275,-77.7096939086914,198.14950561523438,881.9623413085938,0.2129
0,0,276,-75.8810806274414,197.9796142578125,882.6548461914062,0.1269
0,0,277,-73.94961547851562,197.32162475585938,882.4688110351562,0.167
0,0,278,-72.33065032958984,196.4676971435547,881.3931274414062,0.1263
0,0,279,-71.49207305908203,195.959716796875,879.6512451171875,0.0452
0,0,280,-71.73304748535156,195.6727294921875,877.7276611328125,0.1674
0,0,281,-72.31672668457031,195.46133422851562,875.8171997070312,0.4214
0,0,282,-73.11825561523438,195.4590301513672,874.00048828125,0.5242
0,0,283,-74.1812744140625,195.4579315185547,872.3118896484375,0.4794
0,0,284,-75.3349380493164,195.61553955078125,870.6829223632812,0.4039
0,0,285,-76.35494995117188,195.917236328125,868.9667358398438,0.4534
0,0,286,-77.61603546142578,196.5345001220703,867.4258422851562,0.2442
0,0,287,-79.41070556640625,197.2239990234375,866.5845947265625,0.0206
0,0,288,-81.3917007446289,197.92762756347656,866.4871215820312,0.1862
0,0,289,-83.3310317993164,198.2378692626953,866.9378051757812,0.2912
0,0,290,-85.16889190673828,198.7257080078125,867.7142333984375,0.4209
0,0,291,-86.90192413330078,199.12791442871094,868.7025146484375,0.5086
0,0,292,-88.45061492919922,199.17724609375,869.9449462890625,0.4738
0,0,293,-89.73101806640625,199.3238983154297,871.4769287109375,0.427
0,0,294,-90.89881134033203,199.5651397705078,873.0974731445312,0.5327
0,0,295,-91.9677505493164,198.88919067382812,874.7835693359375,0.3058
0,0,296,-92.85546875,197.74002075195312,876.5689697265625,0.1706
0,0,297,-93.5508804321289,196.40211486816406,878.4407958984375,0.29
0,0,298,-94.46178436279297,195.57518005371094,880.2188720703125,0.2981
0,0,299,-95.62308502197266,195.22201538085938,881.840087890625,0.1434
0,0,300,-97.14007568359375,195.01303100585938,883.1085205078125,0.1717
0,0,301,-98.81538391113281,195.2032012939453,884.1965942382812,0.1588
0,0,302,-100.18133544921875,195.16172790527344,885.6280517578125,0.2679
0,0,303,-100.78571319580078,194.74359130859375,887.5289916992188,0.3533
0,0,304,-101.01065826416016,194.4356231689453,889.5140991210938,0.3407
0,0,305,-100.94430541992188,194.12896728515625,891.5109252929688,0.2949
0,0,306,-100.6321792602539,193.5373992919922,893.483154296875,0.3291
0,0,307,-100.07290649414062,193.2543487548828,895.399169921875,0.3828
0,0,308,-99.25293731689453,192.8939971923828,897.2182006835938,0.4527
0,0,309,-98.14920043945312,192.78660583496094,898.8788452148438,0.3221
0,0,310,-96.74052429199219,192.82958984375,900.2870483398438,0.2321
0,0,311,-95.02943420410156,193.1256561279297,901.3009643554688,0.1171
0,0,312,-93.08637237548828,193.3562469482422,901.7139892578125,0.1297
0,0,313,-91.14090728759766,193.38829040527344,901.2989501953125,0.1885
0,0,314,-89.5635757446289,193.61585998535156,900.0770874023438,0.1569
0,0,315,-88.47505187988281,194.12911987304688,898.4022216796875,0.1952
0,0,316,-87.74986267089844,194.33154296875,896.5405883789062,0.1217
0,0,317,-86.8121566772461,194.4280548095703,894.7766723632812,0.1251
0,0,318,-85.47852325439453,194.94979858398438,893.2916870117188,0.1188
0,0,319,-84.00029754638672,195.3731689453125,891.9488525390625,0.1099
0,0,320,-82.2330322265625,196.0401611328125,891.037109375,0.0577
0,0,321,-80.26274108886719,196.309326171875,890.910888671875,0.1199
0,0,322,-78.44022369384766,196.3717803955078,891.664794921875,0.213
0,0,323,-77.07704162597656,196.26904296875,893.0901489257812,0.3155
0,0,324,-76.26272583007812,196.19503784179688,894.888427734375,0.5639
0,0,325,-76.14838409423828,195.88394165039062,896.843994140625,0.4828
0,0,326,-76.8759536743164,195.4368438720703,898.6502075195312,0.4919
0,0,327,-78.33094024658203,195.06565856933594,899.9563598632812,0.3804
0,0,328,-80.18696594238281,194.3610076904297,900.62255859375,0.2865
0,0,329,-82.16504669189453,193.89060974121094,900.861572265625,0.2188
0,0,330,-84.08396911621094,193.48605346679688,901.3706665039062,0.1313
0,0,331,-85.83399200439453,193.2723388671875,902.3021850585938,0.1724
0,0,332,-87.376220703125,192.92408752441406,903.5553588867188,0.2152
0,0,333,-88.61705017089844,192.57862854003906,905.0939331054688,0.3171
0,0,334,-89.42174530029297,192.436279296875,906.9108276367188,0.0869
0,0,335,-89.8152847290039,192.3443145751953,908.8670654296875,0.1714
0,0,336,-89.77163696289062,191.67916870117188,910.864501953125,0.2117
0,0,337,-89.19808959960938,190.94873046875,912.76708984375,0.0352
0,0,338,-88.06493377685547,190.2688446044922,914.3707275390625,0.2409
0,0,339,-86.47999572753906,189.51806640625,915.5215454101562,0.2171
0,0,340,-84.60879516601562,188.9177703857422,916.127685546875,0.2596
0,0,341,-82.63592529296875,188.7574462890625,916.1049194335938,0.2638
0,0,342,-80.77490234375,189.13099670410156,915.3886108398438,0.1289
0,0,343,-79.0658950805664,189.51187133789062,914.3562622070312,0.1233
0,0,344,-77.57267761230469,190.22023010253906,913.0288696289062,0.1118
0,0,345,-76.23702239990234,190.77578735351562,911.5444946289062,0.1516
0,0,346,-74.92298126220703,191.5306396484375,910.0394897460938,0.0885
0,0,347,-73.32685089111328,191.9478302001953,908.8645629882812,0.2264
0,0,348,-71.39680480957031,191.81451416015625,908.5560913085938,0.2206
0,0,349,-69.89496612548828,191.0250701904297,909.7239379882812,0.221
0,0,350,-69.82563018798828,190.2577667236328,911.6383666992188,0.0595
0,0,351,-70.86109924316406,189.5983428955078,913.297607421875,0.1648
0,0,352,-72.4111099243164,189.0660400390625,914.541259765625,0.0936
0,0,353,-74.0960464477539,188.5824432373047,915.610107421875,0.0687
0,0,354,-75.66522979736328,188.0309295654297,916.8427734375,0.1647
0,0,355,-77.08493041992188,187.33251953125,918.2449340820312,0.1196
0,0,356,-78.16355895996094,186.6380615234375,919.9266967773438,0.1485
0,0,357,-78.56657409667969,185.60311889648438,921.871826171875,0.1872
0,0,358,-78.15217590332031,184.36196899414062,923.7958374023438,0.1935
0,0,359,-76.94263458251953,183.22103881835938,925.3399658203125,0.2025
0,0,360,-75.36939239501953,182.13922119140625,926.5645751953125,0.1329
0,0,361,-73.72483825683594,180.7939453125,927.6986694335938,0.2727
0,0,362,-72.08289337158203,179.4083251953125,928.8367309570312,0.2431
0,0,363,-70.44956970214844,178.16983032226562,929.9871826171875,0.3698
0,0,364,-68.79844665527344,177.03793334960938,931.1119384765625,0.3575
0,0,365,-67.08927154541016,175.97291564941406,932.14501953125,0.4754
0,0,366,-65.28697204589844,174.88626098632812,933.0017700195312,0.3718
0,0,367,-63.380859375,173.9661102294922,933.5824584960938,0.2145
0,0,368,-61.401512145996094,173.60032653808594,933.7600708007812,0.1201
0,0,369,-59.471351623535156,173.59957885742188,933.33447265625,0.1598
0,0,370,-58.06154251098633,174.22735595703125,931.986083984375,0.1543
0,0,371,-58.058494567871094,175.35525512695312,929.9882202148438,0.3703
0,0,372,-58.9685173034668,176.33663940429688,928.2178344726562,0.6203
0,0,373,-60.23482894897461,177.0716094970703,926.6844482421875,0.714
0,0,374,-61.20357894897461,177.75279235839844,924.9576416015625,0.5768
0,0,375,-61.403831481933594,178.9606170654297,923.0352783203125,0.395
0,0,376,-60.71207046508789,180.18922424316406,921.232177734375,0.3662
0,0,377,-59.35595703125,181.12571716308594,919.8115234375,0.2824
0,0,378,-57.6257209777832,181.57522583007812,918.8489990234375,0.1632
0,0,379,-55.690826416015625,181.7025604248047,918.3685913085938,0.4727
0,0,380,-53.69528579711914,181.48074340820312,918.4659423828125,0.4458
0,0,381,-51.81220245361328,180.81198120117188,919.1017456054688,0.3098
0,0,382,-50.19491958618164,179.55233764648438,920.236083984375,0.155
0,0,383,-49.034244537353516,178.32586669921875,921.8174438476562,0.1555
0,0,384,-48.43017578125,176.9691619873047,923.6895751953125,0.3851
0,0,385,-48.37872314453125,175.89576721191406,925.666748046875,0.4425
0,0,386,-48.8056526184082,174.90365600585938,927.6124877929688,0.2941
0,0,387,-49.302913665771484,173.9322052001953,929.5255126953125,0.1211
0,0,388,-49.007301330566406,172.5323944091797,931.4411010742188,0.3444
0,0,389,-47.69648361206055,171.21124267578125,932.8405151367188,0.2619
0,0,390,-45.8162956237793,170.28082275390625,933.4083251953125,0.1866
0,0,391,-43.83132553100586,169.67416381835938,933.3936157226562,0.2123
0,0,392,-41.87498474121094,169.4241180419922,933.0179443359375,0.1656
0,0,393,-39.974979400634766,169.2001495361328,932.4091186523438,0.0514
0,0,394,-38.12982177734375,169.1275177001953,931.6459350585938,0.083
0,0,395,-36.334228515625,168.96685791015625,930.7718505859375,0.1943
0,0,396,-34.59535598754883,168.98422241210938,929.79052734375,0.2692
0,0,397,-32.949066162109375,169.42318725585938,928.6637573242188,0.0904
0,0,398,-31.473033905029297,170.08364868164062,927.327880859375,0.1346
0,0,399,-30.288997650146484,171.05711364746094,925.7344970703125,0.3232
0,0,400,-29.57174301147461,172.14794921875,923.8934936523438,0.2662
0,0,401,-29.583192825317383,173.50299072265625,921.9369506835938,0.3504
0,0,402,-30.401443481445312,174.92950439453125,920.1578979492188,0.14
0,0,403,-31.765371322631836,176.06668090820312,918.723388671875,0.0736
0,0,404,-33.50543975830078,177.01133728027344,917.81298828125,0.0763
0,0,405,-35.45744705200195,177.5909423828125,917.5515747070312,0.0864
0,0,406,-37.44093704223633,177.7628173828125,917.73583984375,0.0729
0,0,407,-39.4221076965332,177.96156311035156,917.92919921875,0.1037
0,0,408,-41.374778747558594,178.4140167236328,917.6788940429688,0.1682
0,0,409,-43.0844612121582,179.15138244628906,916.7308349609375,0.0748
0,0,410,-44.212554931640625,179.91180419921875,915.1375732421875,0.129
0,0,411,-44.50992965698242,180.33660888671875,913.2096557617188,0.1871
0,0,412,-43.89943313598633,180.8206024169922,911.357666015625,0.1531
0,0,413,-42.541358947753906,181.20297241210938,909.9400024414062,0.1083
0,0,414,-40.775428771972656,181.50338745117188,909.025390625,0.1088
0,0,415,-38.89685821533203,181.63050842285156,908.3511962890625,0.2296
0,0,416,-37.1341667175293,181.55303955078125,907.4366455078125,0.354
0,0,417,-35.77968978881836,181.60690307617188,905.997314453125,0.3297
0,0,418,-35.03849792480469,181.88157653808594,904.147216796875,0.2149
0,0,419,-34.673946380615234,182.01730346679688,902.2009887695312,0.136
0,0,420,-35.04194259643555,182.09197998046875,900.2669067382812,0.1613
0,0,421,-36.2745361328125,182.16241455078125,898.7520751953125,0.0926
0,0,422,-38.097381591796875,182.4292449951172,897.9942626953125,0.2141
0,0,423,-40.08376693725586,182.99703979492188,897.8056640625,0.3166
0,0,424,-42.07984161376953,183.33474731445312,897.8223266601562,0.4974
0,0,425,-44.05031204223633,183.93606567382812,897.4925537109375,0.4698
0,0,426,-45.7543830871582,184.28468322753906,896.4566650390625,0.5244
0,0,427,-46.6445426940918,184.49191284179688,894.6951904296875,0.4587
0,0,428,-46.41775131225586,184.77978515625,892.7416381835938,0.3855
0,0,429,-45.36156463623047,184.80751037597656,891.0582275390625,0.3122
0,0,430,-43.92595672607422,184.2838134765625,889.6737060546875,0.3442
0,0,431,-42.287506103515625,183.78790283203125,888.5309448242188,0.1596
0,0,432,-40.7751350402832,182.94203186035156,887.2254638671875,0.0988
0,0,433,-39.68093490600586,182.10604858398438,885.5593872070312,0.2537
0,0,434,-39.19866943359375,181.2911834716797,883.631591796875,0.2559
0,0,435,-39.23237228393555,180.72421264648438,881.6426391601562,0.1641
0,0,436,-39.45180892944336,180.4578399658203,879.65771484375,0.22
0,0,437,-39.29958724975586,180.49671936035156,877.6817016601562,0.2723
0,0,438,-38.20346450805664,180.47804260253906,876.074462890625,0.2714
0,0,439,-36.29804992675781,180.00152587890625,875.5614013671875,0.3656
0,0,440,-34.315338134765625,179.34422302246094,875.8076171875,0.3264
0,0,441,-32.3872184753418,178.6480712890625,876.3305053710938,0.1711
0,0,442,-30.4029483795166,178.04750061035156,876.5324096679688,0.1711
0,0,443,-28.46885871887207,177.56410217285156,876.1066284179688,0.2139
0,0,444,-26.827945709228516,177.17697143554688,875.003173828125,0.1382
0,0,445,-25.537456512451172,176.9810333251953,873.4915771484375,0.1924
0,0,446,-24.30565071105957,176.97955322265625,871.9188232421875,0.1611
0,0,447,-22.930641174316406,177.01429748535156,870.4764404296875,0.1414
0,0,448,-21.199981689453125,176.99185180664062,869.5707397460938,0.0799
0,0,449,-19.260217666625977,176.7559814453125,869.6669311523438,0.1126
0,0,450,-17.51734161376953,176.36306762695312,870.5914306640625,0.1791
0,0,451,-16.024810791015625,175.9088592529297,871.908935546875,0.1589
0,0,452,-14.81845760345459,175.91934204101562,873.491455078125,0.0641
0,0,453,-13.694583892822266,176.31228637695312,875.1431274414062,0.1155
0,0,454,-12.53518295288086,177.060791015625,876.7698364257812,0.1371
0,0,455,-11.458925247192383,177.72262573242188,878.4512329101562,0.1312
0,0,456,-10.292179107666016,177.97251892089844,880.0695190429688,0.2262
0,0,457,-8.850349426269531,178.0606231689453,881.4356689453125,0.3046
0,0,458,-7.137441158294678,177.93417358398438,882.436279296875,0.2233
0,0,459,-5.264623641967773,177.79115295410156,883.1153564453125,0.282
0,0,460,-3.3722198009490967,177.29043579101562,883.7514038085938,0.2753
0,0,461,-1.5215141773223877,176.96900939941406,884.501953125,0.342
0,0,462,0.2896859347820282,176.4488525390625,885.343505859375,0.2707
0,0,463,1.9473024606704712,176.02923583984375,886.4269409179688,0.4016
0,0,464,3.228203058242798,175.93624877929688,887.9262084960938,0.4516
0,0,465,4.004282474517822,175.9146728515625,889.7437133789062,0.5411
0,0,466,4.258962631225586,175.7898406982422,891.70947265625,0.4774
0,0,467,3.1394755840301514,175.4364776611328,893.4390258789062,0.3175
0,0,468,0.7740277647972107,175.45025634765625,893.9324340820312,0.218
0,0,469,0.4691048562526703,175.12188720703125,895.2393188476562,0.2563
0,0,470,0.3430652916431427,174.859130859375,898.4053344726562,0.3291
0,0,471,-0.822354257106781,174.7007598876953,901.2728271484375,0.5056
0,0,472,-2.679920196533203,174.99977111816406,901.5960693359375,0.4681
0,0,473,-5.439910888671875,175.79884338378906,900.14794921875,0.4086
0,0,474,-8.76297378540039,176.07679748535156,899.7097778320312,0.4023
0,0,475,-10.334234237670898,175.83270263671875,901.447998046875,0.2647
0,0,476,-9.560986518859863,175.18560791015625,904.4638671875,0.3977
0,0,477,-9.395824432373047,174.50161743164062,908.0366821289062,0.2018
0,0,478,-12.475835800170898,175.36935424804688,906.78857421875,0.2195
0,0,479,-14.384078025817871,175.7600555419922,906.4266357421875,0.1698
0,0,480,-15.900199890136719,176.37632751464844,905.1856079101562,0.2558
0,0,481,-16.874622344970703,176.70506286621094,903.467041015625,0.1175
0,0,482,-17.50050926208496,177.15689086914062,901.575927734375,0.1881
0,0,483,-18.175975799560547,177.68115234375,899.7009887695312,0.1758
0,0,484,-19.205970764160156,178.33392333984375,898.015380859375,0.144
0,0,485,-20.685699462890625,179.12881469726562,896.7184448242188,0.0951
0,0,486,-22.50783920288086,179.81570434570312,895.9664306640625,0.1642
0,0,487,-24.479204177856445,180.36976623535156,895.8109741210938,0.2218
0,0,488,-26.413230895996094,180.91412353515625,896.2470092773438,0.2824
0,0,489,-28.12516975402832,181.12730407714844,897.2554321289062,0.2496
0,0,490,-29.410966873168945,181.3270721435547,898.7759399414062,0.2177
0,0,491,-30.134815216064453,181.26571655273438,900.63671875,0.2512
0,0,492,-30.390579223632812,181.091796875,902.6181640625,0.3318
0,0,493,-30.70913314819336,180.7767333984375,904.5903930664062,0.4223
0,0,494,-31.290096282958984,180.37908935546875,906.4983520507812,0.3614
0,0,495,-32.079219818115234,180.16795349121094,908.3309326171875,0.1289
0,0,496,-32.741947174072266,179.77549743652344,910.211181640625,0.176
0,0,497,-32.595558166503906,179.1177520751953,912.15966796875,0.1986
0,0,498,-31.43144989013672,178.06356811523438,913.7581176757812,0.2153
0,0,499,-29.94588279724121,177.08934020996094,915.0922241210938,0.3053
0,0,500,-28.489158630371094,176.0981903076172,916.45947265625,0.2064
0,0,501,-27.034399032592773,175.24261474609375,917.8287963867188,0.1207
0,0,502,-25.559185028076172,174.097412109375,919.1759033203125,0.1486
0,0,503,-24.163951873779297,172.6307830810547,920.6021118164062,0.0651
0,0,504,-22.631200790405273,171.169677734375,921.8565673828125,0.0255
0,0,505,-20.859073638916016,169.83062744140625,922.768798828125,0.0344
0,0,506,-18.990846633911133,168.7748260498047,923.472412109375,0.066
0,0,507,-17.066919326782227,167.6370849609375,924.005859375,0.0973
0,0,508,-15.100223541259766,166.92681884765625,924.3463745117188,0.1016
0,0,509,-13.107818603515625,166.54637145996094,924.4421997070312,0.0494
0,0,510,-11.128702163696289,166.3802947998047,924.2140502929688,0.1619
0,0,511,-9.257950782775879,166.1785125732422,923.5436401367188,0.2037
0,0,512,-7.7147440910339355,166.09976196289062,922.302734375,0.2322
0,0,513,-6.749452590942383,166.43792724609375,920.5738525390625,0.3531
0,0,514,-6.313236236572266,167.56988525390625,918.6333618164062,0.5412
0,0,515,-8.624309539794922,170.44642639160156,916.0033569335938,0.3359
0,0,516,-7.72119665145874,171.64608764648438,914.0894775390625,0.2843
0,0,517,-4.732156276702881,171.3330535888672,912.854736328125,0.1365
0,0,518,-2.242199420928955,171.4753875732422,910.7042846679688,0.4046
0,0,519,-2.4251887798309326,172.38548278808594,908.7843017578125,0.2949
0,0,520,-4.680664539337158,173.67391967773438,906.9925537109375,0.1754
0,0,521,-6.250675678253174,174.8952178955078,903.864013671875,0.3189
0,0,522,-4.739603519439697,175.47898864746094,901.4096069335938,0.4951
0,0,523,-1.5044012069702148,174.65106201171875,901.9694213867188,0.4946
0,0,524,0.8187868595123291,173.1649169921875,904.2421264648438,0.5401
0,0,525,1.7104746103286743,172.49539184570312,905.209228515625,0.336
0,0,526,3.6303462982177734,172.18504333496094,904.2858276367188,0.1404
0,0,527,6.9976325035095215,171.16497802734375,903.6375732421875,0.2603
0,0,528,9.331174850463867,169.50070190429688,904.4159545898438,0.3199
0,0,529,9.48460578918457,167.523193359375,906.9700317382812,0.3542
0,0,530,8.302634239196777,165.95285034179688,910.2963256835938,0.17
0,0,531,7.9510650634765625,164.95948791503906,912.603271484375,0.1077
0,0,532,9.496210098266602,164.13150024414062,913.2433471679688,0.1569
0,0,533,11.89427661895752,163.1158447265625,915.4574584960938,0.1671
0,0,534,10.148341178894043,162.7574005126953,918.8302612304688,0.263
0,0,535,6.913928985595703,163.33148193359375,917.9658203125,0.2317
0,0,536,5.794926643371582,165.162353515625,914.513916015625,0.1449
0,0,537,3.652559995651245,167.84530639648438,911.82568359375,0.1365
0,0,538,0.6363329887390137,168.84100341796875,912.9190063476562,0.166
0,0,539,0.48124465346336365,166.33787536621094,916.468994140625,0.1147
0,0,540,1.7368710041046143,164.33653259277344,919.1121826171875,0.1087
0,0,541,1.5026445388793945,163.96121215820312,920.0492553710938,0.1408
0,0,542,-0.5069748759269714,163.8609619140625,921.7340087890625,0.075
0,0,543,-0.9507911801338196,163.1910400390625,925.192626953125,0.1443
0,0,544,1.2848680019378662,162.236328125,926.9120483398438,0.2139
0,0,545,4.106858253479004,161.70654296875,925.403076171875,0.227
0,0,546,6.1018385887146,162.15219116210938,922.7107543945312,0.1639
0,0,547,7.591130256652832,162.26425170898438,921.6441650390625,0.1507
0,0,548,9.731380462646484,161.814697265625,922.9503173828125,0.2341
0,0,549,12.664873123168945,161.18653869628906,924.83251953125,0.1772
0,0,550,15.14605712890625,160.99929809570312,924.9713134765625,0.3039
0,0,551,16.21226692199707,161.57864379882812,922.62255859375,0.1256
0,0,552,16.39716911315918,162.12681579589844,919.1270751953125,0.1165
0,0,553,17.059425354003906,162.11349487304688,916.7553100585938,0.1978
0,0,554,19.15504264831543,161.66554260253906,916.580078125,0.1937
0,0,555,22.567903518676758,161.02635192871094,917.1290283203125,0.3519
0,0,556,25.540494918823242,160.582763671875,915.6290283203125,0.2818
0,0,557,24.92967987060547,161.7152099609375,912.3260498046875,0.1822
0,0,558,21.348875045776367,162.6000518798828,911.610595703125,0.1776
0,0,559,18.56338119506836,162.88954162597656,911.9622192382812,0.1479
0,0,560,17.52785301208496,163.39503479003906,910.7412719726562,0.2021
0,0,561,17.051849365234375,165.11155700683594,907.6437377929688,0.4433
0,0,562,15.794617652893066,167.17227172851562,904.7424926757812,0.7683
0,0,563,14.288926124572754,167.8016357421875,904.2899169921875,0.6597
0,0,564,11.689251899719238,167.6320343017578,905.4124145507812,0.4075
0,0,565,8.32780647277832,168.97068786621094,905.7361450195312,0.3283
0,0,566,6.56394100189209,171.04684448242188,904.1414794921875,0.2287
0,0,567,7.309849262237549,172.3285675048828,901.0905151367188,0.1984
0,0,568,9.70003604888916,172.20974731445312,898.9816284179688,0.2076
0,0,569,10.751785278320312,172.1690673828125,898.2373657226562,0.2558
0,0,570,10.037348747253418,173.01229858398438,896.1675415039062,0.3324
0,0,571,10.274711608886719,174.47991943359375,892.6760864257812,0.2484
0,0,572,12.650897026062012,174.63381958007812,890.827392578125,0.2252
0,0,573,15.236799240112305,174.06939697265625,892.5502319335938,0.0933
0,0,574,15.853276252746582,172.98887634277344,895.9479370117188,0.1637
0,0,575,15.644655227661133,171.70631408691406,897.944091796875,0.2207
0,0,576,17.245525360107422,171.3582000732422,898.5363159179688,0.1597
0,0,577,20.389270782470703,170.90048217773438,899.695556640625,0.1872
0,0,578,22.42082405090332,170.1622772216797,901.1715087890625,0.1813
0,0,579,22.10026741027832,169.122802734375,902.5485229492188,0.1066
0,0,580,21.192792892456055,166.71484375,905.6040649414062,0.4685
0,0,581,22.112892150878906,164.15811157226562,908.7791137695312,0.2017
0,0,582,24.973979949951172,163.5082244873047,909.1319580078125,0.1445
0,0,583,27.0599308013916,165.24520874023438,906.3142700195312,0.314
0,0,584,27.646595001220703,167.6494598388672,903.432861328125,0.2386
0,0,585,28.834304809570312,168.07371520996094,902.548583984375,0.2275
0,0,586,31.771596908569336,167.0655059814453,902.98974609375,0.0927
0,0,587,35.13755798339844,166.28717041015625,902.85498046875,0.0623
0,0,588,36.643733978271484,167.4950408935547,901.0987548828125,0.2339
0,0,589,35.564998626708984,169.19329833984375,898.239990234375,0.4099
0,0,590,33.613555908203125,170.8308563232422,895.4790649414062,0.4991
0,0,591,33.30677032470703,171.55380249023438,893.4963989257812,0.5305
0,0,592,35.5228157043457,171.88304138183594,892.0501708984375,0.4878
0,0,593,38.63169860839844,172.06507873535156,890.4541015625,0.3548
0,0,594,39.99489974975586,172.44863891601562,888.3605346679688,0.0974
0,0,595,38.420833587646484,172.7871856689453,886.1675415039062,0.0965
0,0,596,35.319705963134766,172.99476623535156,884.6217041015625,0.2208
0,0,597,33.43752670288086,173.66897583007812,883.8148193359375,0.2243
0,0,598,33.76045608520508,173.5521240234375,882.2606201171875,0.3378
0,0,599,33.453163146972656,172.99424743652344,879.0408935546875,0.4217
0,0,600,31.450454711914062,172.74398803710938,876.7454223632812,0.3593
0,0,601,28.850753784179688,172.74827575683594,877.5679931640625,0.3414
0,0,602,27.671920776367188,173.15452575683594,880.8673095703125,0.1165
0,0,603,27.97442054748535,173.7503662109375,883.4271850585938,0.2433
0,0,604,26.956871032714844,173.78012084960938,884.3486938476562,0.312
0,0,605,23.913890838623047,173.814697265625,885.0660400390625,0.2907
0,0,606,21.22150993347168,173.86190795898438,884.7846069335938,0.294
0,0,607,20.543594360351562,173.91693115234375,885.1356811523438,0.3021
0,0,608,19.229717254638672,174.32843017578125,887.4912109375,0.1883
0,0,609,15.56811809539795,174.85421752929688,887.8223876953125,0.2376
0,0,610,14.382347106933594,175.19834899902344,884.4262084960938,0.3907
0,0,611,17.294721603393555,174.61097717285156,882.455078125,0.3384
0,0,612,20.65616798400879,173.84263610839844,882.5967407226562,0.1261
0,0,613,22.717025756835938,173.7830047607422,881.6989135742188,0.2687
0,0,614,21.66802978515625,173.77899169921875,878.1665649414062,0.1777
0,0,615,21.76341438293457,173.68919372558594,876.2015991210938,0.2008
0,0,616,20.893888473510742,173.7818603515625,874.4033203125,0.0489
0,0,617,19.902660369873047,173.98622131347656,872.67138671875,0.2195
0,0,618,18.634639739990234,174.3496551513672,871.1282348632812,0.0735
0,0,619,17.034992218017578,174.66595458984375,869.93115234375,0.1474
0,0,620,15.280487060546875,174.82528686523438,868.9797973632812,0.2328
0,0,621,13.373239517211914,174.93539428710938,868.4177856445312,0.0938
0,0,622,11.41567325592041,175.0578155517578,868.5809326171875,0.1165
0,0,623,9.763285636901855,175.90260314941406,869.6300659179688,0.1349
0,0,624,8.775907516479492,176.61380004882812,871.330322265625,0.143
0,0,625,8.4498929977417,176.78440856933594,873.2823486328125,0.31
0,0,626,8.474529266357422,176.7738037109375,875.2753295898438,0.4332
0,0,627,8.39809513092041,176.72439575195312,877.266357421875,0.6322
0,0,628,7.874400615692139,176.7187042236328,879.1669921875,0.6352
0,0,629,6.714719295501709,176.69235229492188,880.739013671875,0.5267
0,0,630,4.9920172691345215,176.83567810058594,881.6435546875,0.5321
0,0,631,3.036032199859619,176.87100219726562,881.7301025390625,0.4017
0,0,632,1.1053725481033325,176.9359588623047,881.2567138671875,0.3217
0,0,633,-0.7236292362213135,177.28823852539062,880.4686889648438,0.3027
0,0,634,-2.445438861846924,177.72152709960938,879.459228515625,0.1752
0,0,635,-4.005554676055908,177.84532165527344,878.2303466796875,0.1305
0,0,636,-5.27390718460083,177.8741912841797,876.69580078125,0.2152
0,0,637,-6.426013946533203,177.87197875976562,875.0664672851562,0.2938
0,0,638,-7.762869834899902,177.84805297851562,873.5895385742188,0.3137
0,0,639,-9.241168975830078,177.75570678710938,872.2457275390625,0.2036
0,0,640,-10.679326057434082,177.38311767578125,870.8609008789062,0.1886
0,0,641,-12.09090805053711,177.1468963623047,869.4500732421875,0.224
0,0,642,-13.634904861450195,177.0830535888672,868.1863403320312,0.2322
0,0,643,-15.276938438415527,177.1412353515625,867.0482788085938,0.2181
0,0,644,-16.910505294799805,177.59445190429688,865.898193359375,0.086
0,0,645,-18.482276916503906,178.29110717773438,864.68310546875,0.2879
0,0,646,-19.681615829467773,179.17442321777344,863.1068115234375,0.3269
0,0,647,-20.344816207885742,179.97674560546875,861.2429809570312,0.3108
0,0,648,-20.36208152770996,180.6235809326172,859.2642211914062,0.1881
0,0,649,-19.714847564697266,181.02008056640625,857.388671875,0.1114
0,0,650,-18.53721046447754,180.80027770996094,855.7788696289062,0.1484
0,0,651,-17.095279693603516,180.4013214111328,854.39599609375,0.2421
0,0,652,-15.815935134887695,179.94137573242188,852.8616333007812,0.2898
0,0,653,-15.008869171142578,179.5208282470703,851.0380859375,0.1829
0,0,654,-14.832612037658691,178.94102478027344,849.0546875,0.1828
0,0,655,-15.121417045593262,178.84107971191406,847.08251953125,0.1212
0,0,656,-15.408232688903809,178.87545776367188,845.1055297851562,0.2706
0,0,657,-15.390838623046875,178.67269897460938,843.11474609375,0.3722
0,0,658,-14.80221176147461,177.9038543701172,841.23046875,0.3055
0,0,659,-13.602030754089355,177.02169799804688,839.6643676757812,0.064
0,0,660,-12.004883766174316,175.72259521484375,838.486572265625,0.3233
0,0,661,-10.303349494934082,174.11209106445312,837.439697265625,0.1491
0,0,662,-8.660346984863281,172.39620971679688,836.3070068359375,0.2886
0,0,663,-7.012447357177734,170.71109008789062,835.1807250976562,0.2859
0,0,664,-5.204485893249512,169.30076599121094,834.3745727539062,0.0603
0,0,665,-3.2460780143737793,168.45968627929688,834.2382202148438,0.1944
0,0,666,-1.2794835567474365,168.2080078125,834.5677490234375,0.3829
0,0,667,0.6951191425323486,167.55859375,834.8399047851562,0.5389
0,0,668,2.682652235031128,166.5848388671875,834.7870483398438,0.381
0,0,669,4.659295082092285,165.7735595703125,834.50146484375,0.2164
0,0,670,6.641294002532959,165.5504913330078,834.3347778320312,0.1009
0,0,671,8.620308876037598,165.48594665527344,834.5344848632812,0.095
0,0,672,10.531331062316895,165.6383819580078,835.089599609375,0.1298
0,0,673,12.20050048828125,166.31198120117188,836.1241455078125,0.2735
0,0,674,13.350923538208008,167.24819946289062,837.7205810546875,0.2324
0,0,675,14.25582218170166,168.39622497558594,839.5013427734375,0.0778
0,0,676,15.346490859985352,169.12039184570312,841.1607666015625,0.2289
0,0,677,16.799720764160156,169.54270935058594,842.4951171875,0.4233
0,0,678,18.588834762573242,169.1584014892578,843.3389892578125,0.3723
0,0,679,20.540739059448242,168.9322967529297,843.7472534179688,0.2645
0,0,680,22.510419845581055,168.52601623535156,844.048828125,0.1298
0,0,681,24.384843826293945,168.43170166015625,844.70703125,0.0598
0,0,682,26.0028018951416,168.4995574951172,845.843505859375,0.0918
0,0,683,27.21588706970215,168.5952606201172,847.4219360351562,0.0882
0,0,684,28.13075828552246,168.59780883789062,849.1962280273438,0.1701
0,0,685,28.82525062561035,168.60415649414062,851.0696411132812,0.1354
0,0,686,29.48842430114746,168.61427307128906,852.9539184570312,0.2448
0,0,687,29.952211380004883,168.64981079101562,854.89306640625,0.3444
0,0,688,29.66447639465332,168.97628784179688,856.79541015625,0.4203
0,0,689,28.338945388793945,169.32049560546875,858.1437377929688,0.3099
0,0,690,26.458017349243164,169.5884246826172,858.5230102539062,0.1421
0,0,691,24.506980895996094,169.751953125,858.2030029296875,0.1732
0,0,692,22.634979248046875,169.90748596191406,857.5109252929688,0.1654
0,0,693,20.827987670898438,170.6132354736328,856.66796875,0.0655
0,0,694,18.864402770996094,171.64361572265625,856.3358154296875,0.034
0,0,695,16.930477142333984,172.5313720703125,856.8087768554688,0.2072
0,0,696,15.341849327087402,173.2247314453125,858.015869140625,0.1733
0,0,697,14.340622901916504,173.1858673095703,859.7446899414062,0.233
0,0,698,14.119734764099121,172.8893585205078,861.7276000976562,0.1668
0,0,699,14.819430351257324,173.08416748046875,863.5938110351562,0.0443
0,0,700,16.268783569335938,173.38455200195312,864.9688110351562,0.1725
0,0,701,17.975799560546875,173.10317993164062,866.0046997070312,0.1819
0,0,702,19.75810432434082,172.90524291992188,866.9057006835938,0.0825
0,0,703,21.43158531188965,172.75897216796875,867.9892578125,0.1485
0,0,704,22.878847122192383,172.56036376953125,869.3519897460938,0.216
0,0,705,24.03352928161621,172.34371948242188,870.9702758789062,0.2501
0,0,706,25.208410263061523,172.24258422851562,872.5804443359375,0.1216
0,0,707,26.641721725463867,172.44085693359375,873.9607543945312,0.274
0,0,708,28.42275047302246,172.479248046875,874.791259765625,0.3313
0,0,709,30.39171600341797,172.60775756835938,874.959716796875,0.2669
0,0,710,32.19710159301758,172.56765747070312,874.2244873046875,0.2601
0,0,711,33.556705474853516,172.16578674316406,872.7833251953125,0.2689
0,0,712,34.53276062011719,171.7253875732422,871.0449829101562,0.251
0,0,713,35.295860290527344,171.33694458007812,869.199951171875,0.2442
0,0,714,35.98634719848633,170.82162475585938,867.3253173828125,0.3073
0,0,715,36.70001983642578,170.68214416503906,865.459228515625,0.1979
0,0,716,37.483367919921875,170.66598510742188,863.621826171875,0.1512
0,0,717,38.32851028442383,170.607666015625,861.8116455078125,0.1875
0,0,718,39.179290771484375,170.45933532714844,860.00390625,0.2766
0,0,719,39.937950134277344,169.96253967285156,858.1565551757812,0.2227
0,0,720,40.44981002807617,169.4556884765625,856.2301635742188,0.1295
0,0,721,40.43746566772461,168.7726287841797,854.2484130859375,0.3729
0,0,722,39.499542236328125,168.5985565185547,852.51708984375,0.6085
0,0,723,37.76217269897461,168.692138671875,851.5493774414062,0.6572
0,0,724,35.8655891418457,168.7474365234375,850.9514770507812,0.5545
0,0,725,34.172367095947266,168.65518188476562,849.9053955078125,0.478
0,0,726,32.9014892578125,168.5727081298828,848.3639526367188,0.5776
0,0,727,31.892459869384766,168.46209716796875,846.6422119140625,0.465
0,0,728,30.907197952270508,168.0741424560547,844.9042358398438,0.2948
0,0,729,30.671621322631836,167.5380859375,842.9840698242188,0.2373
0,0,730,32.00421905517578,167.2538299560547,841.5465087890625,0.1719
0,0,731,33.74859619140625,166.91419982910156,840.576171875,0.1714
0,0,732,35.383846282958984,166.4427032470703,839.4346313476562,0.1254
0,0,733,36.545494079589844,165.81842041015625,837.8093872070312,0.0833
0,0,734,37.36661148071289,165.05810546875,835.9880981445312,0.1733
1,1,0,37.06737518310547,167.9797821044922,836.03515625,0.1442
1,1,1,37.662479400634766,167.185546875,834.1265869140625,0.3375
1,1,2,37.632843017578125,166.3468780517578,832.1312255859375,0.1938
1,1,3,36.94363021850586,165.34278869628906,830.2611694335938,0.2814
1,1,4,35.79065704345703,164.5786895751953,828.6329956054688,0.2367
1,1,5,34.308250427246094,163.8818817138672,827.2984619140625,0.354
1,1,6,32.52956771850586,163.4825897216797,826.4041748046875,0.4478
1,1,7,30.59579849243164,163.4234161376953,826.5812377929688,0.4425
1,1,8,29.15955352783203,164.12301635742188,827.97119140625,0.491
1,1,9,28.568199157714844,164.93731689453125,829.8809204101562,0.4016
1,1,10,28.823286056518555,165.9078369140625,831.8322143554688,0.3494
1,1,11,29.329204559326172,166.88125610351562,833.7657470703125,0.1854
1,1,12,29.36547088623047,167.92063903808594,835.75341796875,0.1346
1,1,13,28.350982666015625,168.76168823242188,837.4534912109375,0.1769
1,1,14,26.904844284057617,169.45318603515625,838.8286743164062,0.1616
1,1,15,25.04006004333496,169.78469848632812,839.4926147460938,0.2533
1,1,16,23.061477661132812,170.1430206298828,839.5466918945312,0.0743
1,1,17,21.122173309326172,170.3789520263672,839.1290893554688,0.1179
1,1,18,19.43412971496582,170.4263153076172,838.1375732421875,0.1384
1,1,19,18.414236068725586,169.73483276367188,836.4971923828125,0.0716
1,1,20,18.49834632873535,168.5314483642578,834.568115234375,0.0969
1,1,21,19.647876739501953,167.57933044433594,832.982421875,0.0672
1,1,22,21.21577262878418,167.0187225341797,831.7491455078125,0.0983
1,1,23,22.327098846435547,166.0196075439453,830.101806640625,0.2773
1,1,24,22.681549072265625,164.50233459472656,828.1640014648438,0.2326
1,1,25,22.4052677154541,162.86660766601562,826.2074584960938,0.1274
1,1,26,22.276626586914062,160.81602478027344,824.2265014648438,0.1874
1,1,27,22.584125518798828,158.80824279785156,822.2687377929688,0.2021
1,1,28,23.032760620117188,156.8553466796875,820.3257446289062,0.4594
1,1,29,23.181447982788086,155.2349090576172,818.3477172851562,0.4465
1,1,30,22.73541259765625,153.70138549804688,816.421875,0.2553
1,1,31,21.376955032348633,152.4442596435547,814.975341796875,0.2512
1,1,32,19.668254852294922,151.78192138671875,813.9452514648438,0.2881
1,1,33,17.83966064453125,151.523193359375,813.1417846679688,0.3105
1,1,34,15.945625305175781,151.60092163085938,812.5070190429688,0.5429
1,1,35,14.002723693847656,151.58590698242188,812.0444946289062,0.3567
1,1,36,12.023096084594727,151.19366455078125,811.7864379882812,0.3466
1,1,37,10.029773712158203,151.1469268798828,811.8036499023438,0.3651
1,1,38,8.104776382446289,151.25868225097656,812.2674560546875,0.2419
1,1,39,6.556494235992432,151.81500244140625,813.4486694335938,0.1311
1,1,40,5.729177951812744,152.94808959960938,815.2686157226562,0.1906
1,1,41,5.848764896392822,154.36715698242188,817.252685546875,0.4052
1,1,42,6.793831825256348,155.4086151123047,818.931396484375,0.3778
1,1,43,8.551116943359375,155.1898956298828,819.4052734375,0.2774
1,1,44,10.397894859313965,154.415283203125,818.7847290039062,0.1579
1,1,45,12.219756126403809,153.50694274902344,817.9932250976562,0.2179
1,1,46,14.155261039733887,153.13365173339844,817.5674438476562,0.1701
1,1,47,16.072404861450195,153.2537841796875,818.0138549804688,0.2711
1,1,48,16.964296340942383,154.86196899414062,819.7561645507812,0.4265
1,1,49,16.807498931884766,157.0510711669922,821.74853515625,0.2389
1,1,50,16.37105369567871,159.29232788085938,823.699462890625,0.1705
1,1,51,16.188522338867188,161.66026306152344,825.6874389648438,0.315
1,1,52,15.85424518585205,163.44947814941406,827.6541748046875,0.2296
1,1,53,14.939705848693848,164.6141357421875,829.379638671875,0.1913
1,1,54,13.323150634765625,165.46315002441406,830.462890625,0.1764
1,1,55,11.37369441986084,165.69505310058594,830.6746215820312,0.2016
1,1,56,9.411026954650879,165.60745239257812,830.3462524414062,0.2199
1,1,57,7.448870658874512,165.43350219726562,829.967041015625,0.3234
1,1,58,5.463709354400635,165.32810974121094,829.78955078125,0.4215
1,1,59,3.470998764038086,165.5702667236328,829.8739013671875,0.2269
1,1,60,1.486704707145691,166.15573120117188,830.117431640625,0.1515
1,1,61,-0.4889947175979614,166.73623657226562,830.1549072265625,0.1923
1,1,62,-2.2389602661132812,166.65045166015625,829.3416137695312,0.0901
1,1,63,-2.9632925987243652,165.52886962890625,827.5908203125,0.1456
1,1,64,-2.720930337905884,163.64395141601562,825.6265869140625,0.2564
1,1,65,-2.6956305503845215,161.95849609375,823.6398315429688,0.41
1,1,66,-3.098156452178955,160.52671813964844,821.6971435546875,0.2541
1,1,67,-3.417412281036377,158.86077880859375,819.7438354492188,0.3127
1,1,68,-3.142456293106079,157.21682739257812,817.783447265625,0.2324
1,1,69,-3.064746379852295,155.62181091308594,815.8020629882812,0.2238
1,1,70,-3.99468994140625,154.72816467285156,814.0721435546875,0.2464
1,1,71,-5.746415138244629,154.51634216308594,813.1411743164062,0.4053
1,1,72,-7.716299533843994,154.67835998535156,812.8507080078125,0.3075
1,1,73,-9.707887649536133,155.0708465576172,812.980712890625,0.3543
1,1,74,-11.664689064025879,155.70680236816406,813.3838500976562,0.2894
1,1,75,-13.577215194702148,156.36160278320312,813.9645385742188,0.2285
1,1,76,-15.450160026550293,157.20269775390625,814.662841796875,0.3508
1,1,77,-17.28183937072754,158.8889617919922,815.4629516601562,0.2879
1,1,78,-19.04585838317871,161.19580078125,816.4021606445312,0.5052
1,1,79,-20.666366577148438,164.19239807128906,817.5718994140625,0.2791
1,1,80,-21.979887008666992,168.1676483154297,819.0790405273438,0.1753
1,1,81,-22.736787796020508,171.214599609375,820.9288330078125,0.1646
1,1,82,-22.684911727905273,173.21900939941406,822.9254760742188,0.1326
1,1,83,-21.595775604248047,174.09970092773438,824.5958862304688,0.0848
1,1,84,-19.689062118530273,173.8275909423828,825.1871337890625,0.1435
1,1,85,-17.728818893432617,172.73046875,824.9757080078125,0.2316
1,1,86,-16.02027130126953,170.062744140625,824.0444946289062,0.0416
1,1,87,-14.570561408996582,167.03216552734375,822.6808471679688,0.2502
1,1,88,-13.058876991271973,164.390380859375,821.4296875,0.4186
1,1,89,-11.22028636932373,163.6059112548828,821.47314453125,0.608
1,1,90,-9.972285270690918,164.37806701660156,822.9718627929688,0.4256
1,1,91,-9.0276517868042,165.6690216064453,824.732177734375,0.3129
1,1,92,-8.511634826660156,167.27235412597656,826.6535034179688,0.1729
1,1,93,-8.462871551513672,169.16339111328125,828.638671875,0.0948
1,1,94,-8.963969230651855,171.3555450439453,830.5487060546875,0.1938
1,1,95,-10.0036039352417,173.0582275390625,832.2259521484375,0.2195
1,1,96,-11.46805477142334,174.8619842529297,833.5552368164062,0.1606
1,1,97,-13.234572410583496,176.52931213378906,834.4412841796875,0.1704
1,1,98,-15.181198120117188,177.925537109375,834.7542114257812,0.1461
1,1,99,-17.12445640563965,179.01576232910156,834.3919677734375,0.1339
1,1,100,-18.858558654785156,179.58636474609375,833.424072265625,0.1153
1,1,101,-20.279985427856445,179.59556579589844,832.0280151367188,0.1211
1,1,102,-21.63578987121582,179.12005615234375,830.5839233398438,0.107
1,1,103,-23.34431266784668,179.10739135742188,829.573974609375,0.1183
1,1,104,-25.17856788635254,179.2901611328125,828.7789916992188,0.1617
1,1,105,-27.011241912841797,179.3644256591797,827.9805297851562,0.1064
1,1,106,-28.867456436157227,179.54061889648438,827.252197265625,0.1775
1,1,107,-30.852643966674805,180.21719360351562,827.0160522460938,0.1658
1,1,108,-32.738162994384766,181.34237670898438,827.6571044921875,0.2383
1,1,109,-34.34292221069336,182.5720672607422,828.8425903320312,0.3776
1,1,110,-35.64377975463867,183.81114196777344,830.3570556640625,0.5555
1,1,111,-36.68302917480469,185.0125274658203,832.0632934570312,0.5124
1,1,112,-37.52763748168945,186.57440185546875,833.8748168945312,0.5037
1,1,113,-38.2490119934082,188.24838256835938,835.7391967773438,0.331
1,1,114,-38.89906311035156,189.5729522705078,837.6296997070312,0.1867
1,1,115,-39.480716705322266,190.32473754882812,839.5419921875,0.2344
1,1,116,-39.907814025878906,190.53158569335938,841.4943237304688,0.1353
1,1,117,-39.92250442504883,190.14572143554688,843.493408203125,0.1269
1,1,118,-39.45540237426758,189.5906524658203,845.4315795898438,0.1412
1,1,119,-38.461063385009766,188.91964721679688,847.1444702148438,0.1768
1,1,120,-36.89377975463867,188.0404815673828,848.3117065429688,0.0592
1,1,121,-34.974700927734375,187.68031311035156,848.4417724609375,0.0478
1,1,122,-33.243465423583984,187.96981811523438,847.5534057617188,0.144
1,1,123,-31.835468292236328,188.4110565185547,846.1600341796875,0.3703
1,1,124,-30.473108291625977,188.71493530273438,844.7123413085938,0.4991
1,1,125,-28.877656936645508,188.2036590576172,843.5292358398438,0.6163
1,1,126,-26.937076568603516,187.30734252929688,843.0559692382812,0.7379
1,1,127,-24.941791534423828,186.44569396972656,842.9315185546875,0.6795
1,1,128,-22.985116958618164,185.1763153076172,843.339599609375,0.7754
1,1,129,-21.27741050720215,184.43106079101562,844.365478515625,0.6866
1,1,130,-20.035429000854492,183.9173583984375,845.914306640625,0.4984
1,1,131,-19.43899917602539,183.7267608642578,847.7996215820312,0.4972
1,1,132,-19.567996978759766,184.04876708984375,849.7677612304688,0.4997
1,1,133,-20.515640258789062,184.74269104003906,851.4825439453125,0.5429
1,1,134,-22.117759704589844,185.36712646484375,852.6195678710938,0.3997
1,1,135,-24.04880142211914,186.07933044433594,853.006591796875,0.3693
1,1,136,-26.036998748779297,186.57861328125,852.911865234375,0.1992
1,1,137,-28.031774520874023,186.64947509765625,852.8543701171875,0.0654
1,1,138,-29.962562561035156,186.13446044921875,853.248046875,0.2396
1,1,139,-31.520917892456055,185.17210388183594,854.3963623046875,0.2493
1,1,140,-32.16575622558594,184.13381958007812,856.207763671875,0.1747
1,1,141,-31.728849411010742,183.3672637939453,858.1072998046875,0.286
1,1,142,-30.50941276550293,183.10977172851562,859.6525268554688,0.1485
1,1,143,-28.956872940063477,182.92396545410156,860.9014282226562,0.2671
1,1,144,-27.450136184692383,182.53077697753906,862.2069091796875,0.1919
1,1,145,-26.32876205444336,181.87857055664062,863.8236083984375,0.2274
1,1,146,-25.958293914794922,181.32034301757812,865.7339477539062,0.0927
1,1,147,-26.46079444885254,180.87232971191406,867.6222534179688,0.2233
1,1,148,-27.561792373657227,180.5434112548828,869.2687377929688,0.1966
1,1,149,-29.008134841918945,180.50961303710938,870.6321411132812,0.1102
1,1,150,-30.74601173400879,181.1291046142578,871.5497436523438,0.0938
1,1,151,-32.70078659057617,181.94436645507812,871.7320556640625,0.0722
1,1,152,-34.64372634887695,182.52540588378906,871.2996826171875,0.0545
1,1,153,-36.47837448120117,183.12265014648438,870.5250854492188,0.0823
1,1,154,-38.170867919921875,183.35726928710938,869.4680786132812,0.2328
1,1,155,-39.819278717041016,183.416748046875,868.3489990234375,0.151
1,1,156,-41.66095733642578,183.894775390625,867.6438598632812,0.0716
1,1,157,-43.63710021972656,184.36819458007812,867.6356811523438,0.0678
1,1,158,-45.494232177734375,184.69967651367188,868.3009033203125,0.126
1,1,159,-46.88469696044922,185.1696014404297,869.661376953125,0.1334
1,1,160,-47.377227783203125,185.4400634765625,871.54638671875,0.2029
1,1,161,-47.01642608642578,185.6595916748047,873.485107421875,0.2009
1,1,162,-46.13951873779297,185.8332061767578,875.27587890625,0.2192
1,1,163,-45.12857437133789,185.66183471679688,876.9966430664062,0.2216
1,1,164,-44.37052536010742,184.97421264648438,878.8399047851562,0.2552
1,1,165,-43.99289321899414,184.39529418945312,880.79736328125,0.133
1,1,166,-44.098976135253906,184.49147033691406,882.7753295898438,0.1545
1,1,167,-44.935142517089844,185.351318359375,884.5728149414062,0.1689
1,1,168,-46.2474250793457,186.44387817382812,886.0796508789062,0.1283
1,1,169,-47.65283203125,187.5176239013672,887.5007934570312,0.2826
1,1,170,-48.956878662109375,188.15663146972656,889.01611328125,0.5441
1,1,171,-50.34492111206055,188.84219360351562,890.4547729492188,0.755
1,1,172,-52.05098342895508,189.88502502441406,891.4825439453125,0.631
1,1,173,-54.004798889160156,191.16456604003906,891.8101196289062,0.5254
1,1,174,-55.908538818359375,192.3845977783203,891.2738037109375,0.4352
1,1,175,-57.3623046875,193.35125732421875,889.9288940429688,0.4228
1,1,176,-58.14687728881836,193.51467895507812,888.1028442382812,0.4102
1,1,177,-58.522315979003906,193.37680053710938,886.1436157226562,0.4924
1,1,178,-58.70364761352539,193.00242614746094,884.1539916992188,0.4951
1,1,179,-59.06730651855469,192.91650390625,882.1925048828125,0.4149
1,1,180,-59.72101974487305,193.28150939941406,880.3096923828125,0.1693
1,1,181,-60.485862731933594,193.8087158203125,878.462646484375,0.2724
1,1,182,-60.879119873046875,194.16896057128906,876.5283203125,0.2451
1,1,183,-60.54117965698242,193.4541015625,874.5932006835938,0.3021
1,1,184,-59.43357849121094,192.22244262695312,872.9804077148438,0.1858
1,1,185,-57.76893615722656,191.08937072753906,871.9369506835938,0.1438
1,1,186,-55.871253967285156,189.93344116210938,871.3306274414062,0.0726
1,1,187,-54.122154235839844,189.16409301757812,870.4000854492188,0.0694
1,1,188,-52.83980178833008,188.53497314453125,868.897216796875,0.2888
1,1,189,-52.01425552368164,187.85484313964844,867.0897827148438,0.3508
1,1,190,-51.088356018066406,187.2770233154297,865.3241577148438,0.3636
1,1,191,-49.66007995605469,186.8675994873047,863.99462890625,0.3889
1,1,192,-47.83024978637695,186.2429962158203,863.2733154296875,0.3426
1,1,193,-45.85587692260742,185.42996215820312,863.0941772460938,0.5135
1,1,194,-43.86589431762695,184.9429168701172,863.0059814453125,0.4291
1,1,195,-41.944801330566406,184.30316162109375,862.519287109375,0.2557
1,1,196,-40.208438873291016,183.92721557617188,861.5686645507812,0.1884
1,1,197,-38.773433685302734,183.6654815673828,860.2001342773438,0.0784
1,1,198,-37.75801467895508,183.6345977783203,858.4928588867188,0.2517
1,1,199,-37.37367248535156,183.94430541992188,856.5406494140625,0.3074
1,1,200,-38.05500411987305,184.87240600585938,854.6611328125,0.1402
1,1,201,-39.378841400146484,185.7895050048828,853.1806030273438,0.0701
1,1,202,-40.89214324951172,187.4684295654297,851.8802490234375,0.1812
1,1,203,-42.58463668823242,189.16409301757812,850.8383178710938,0.0438
1,1,204,-44.439666748046875,190.3320770263672,850.1146240234375,0.0303
1,1,205,-46.39295959472656,191.25628662109375,849.7421875,0.097
1,1,206,-48.366554260253906,192.13888549804688,849.858642578125,0.2456
1,1,207,-50.24256134033203,192.86480712890625,850.5156860351562,0.411
1,1,208,-51.97370529174805,193.3931427001953,851.5067138671875,0.4775
1,1,209,-53.59116744995117,193.62185668945312,852.67919921875,0.4877
1,1,210,-55.140262603759766,193.8395538330078,853.9424438476562,0.5754
1,1,211,-56.6623649597168,193.9282989501953,855.2385864257812,0.4724
1,1,212,-58.1954231262207,193.87875366210938,856.521484375,0.4785
1,1,213,-59.774627685546875,194.04556274414062,857.7462158203125,0.288
1,1,214,-61.42570114135742,194.2037811279297,858.8711547851562,0.1849
1,1,215,-63.15492248535156,194.62640380859375,859.8717651367188,0.1863
1,1,216,-64.94353485107422,195.04861450195312,860.7636108398438,0.2039
1,1,217,-66.75033569335938,195.5867462158203,861.6192016601562,0.2373
1,1,218,-68.50756072998047,196.23118591308594,862.5663452148438,0.1638
1,1,219,-70.0900650024414,196.79415893554688,863.7672729492188,0.1575
1,1,220,-71.2590103149414,196.89857482910156,865.3513793945312,0.1596
1,1,221,-71.66575622558594,196.5629119873047,867.2518920898438,0.0296
1,1,222,-71.0336685180664,196.07435607910156,869.067626953125,0.1705
1,1,223,-69.62445831298828,196.02401733398438,870.4424438476562,0.1631
1,1,224,-68.0986099243164,195.99417114257812,871.7221069335938,0.0872
1,1,225,-66.94422149658203,195.89979553222656,873.3148193359375,0.0903
1,1,226,-66.38499450683594,196.02377319335938,875.2039794921875,0.2669
1,1,227,-66.14617919921875,196.3018798828125,877.1867065429688,0.2429
1,1,228,-65.62177276611328,196.48956298828125,879.10302734375,0.2498
1,1,229,-64.71817016601562,196.3118438720703,880.8790283203125,0.3336
1,1,230,-63.726905822753906,196.1636505126953,882.611328125,0.3545
1,1,231,-62.99860763549805,196.0717010498047,884.4638061523438,0.4322
1,1,232,-62.538047790527344,196.0750274658203,886.4078369140625,0.404
1,1,233,-62.25215148925781,195.92684936523438,888.3822021484375,0.3472
1,1,234,-62.27198028564453,195.51535034179688,890.3710327148438,0.2122
1,1,235,-62.79335403442383,195.3838653564453,892.2876586914062,0.2385
1,1,236,-63.92453384399414,195.31439208984375,893.9280395507812,0.3705
1,1,237,-65.5493392944336,195.4418487548828,895.0927734375,0.5403
1,1,238,-67.4759292602539,196.00881958007812,895.6185302734375,0.5587
1,1,239,-69.45392608642578,196.5806427001953,895.4148559570312,0.5818
1,1,240,-71.16555786132812,197.1547393798828,894.4148559570312,0.5112
1,1,241,-72.32884216308594,197.75390625,892.8062133789062,0.4675
1,1,242,-73.12467956542969,198.23703002929688,890.9768676757812,0.3531
1,1,243,-74.09567260742188,198.8211669921875,889.2327270507812,0.3529
1,1,244,-75.52838897705078,199.07286071777344,887.8663330078125,0.3479
1,1,245,-77.2713394165039,199.07362365722656,886.91162109375,0.107
1,1,246,-79.17435455322266,199.01564025878906,886.3408813476562,0.057
1,1,247,-81.14604949951172,198.50640869140625,886.2574462890625,0.0334
1,1,248,-83.08012390136719,197.748046875,886.690185546875,0.1669
1,1,249,-84.90042877197266,196.7255401611328,887.5066528320312,0.3044
1,1,250,-86.66162872314453,195.72019958496094,888.4345703125,0.4522
1,1,251,-88.58585357666016,195.0655975341797,888.8623046875,0.5864
1,1,252,-90.39338684082031,194.62413024902344,888.2564086914062,0.5117
1,1,253,-91.18666076660156,195.0645751953125,886.5546264648438,0.3566
1,1,254,-90.75550842285156,195.72744750976562,884.6632690429688,0.2062
1,1,255,-89.7432861328125,196.53457641601562,882.9452514648438,0.1259
1,1,256,-88.84947204589844,197.1673583984375,881.1842041015625,0.1227
1,1,257,-88.39021301269531,197.84402465820312,879.2457885742188,0.1073
1,1,258,-88.0649642944336,198.47120666503906,877.2810668945312,0.0466
1,1,259,-87.39031982421875,199.1633758544922,875.4066772460938,0.1655
1,1,260,-86.19214630126953,199.63674926757812,873.806396484375,0.2688
1,1,261,-84.64322662353516,199.96160888671875,872.5596313476562,0.3096
1,1,262,-82.76374053955078,199.96095275878906,872.1607055664062,0.2005
1,1,263,-81.2510757446289,199.92584228515625,873.2196044921875,0.1902
1,1,264,-80.72232818603516,199.93821716308594,875.076904296875,0.4175
1,1,265,-80.813720703125,199.88568115234375,877.0569458007812,0.4493
1,1,266,-80.70832824707031,199.80068969726562,879.01806640625,0.255
1,1,267,-79.87189483642578,199.9342803955078,880.7513427734375,0.1327
1,1,268,-78.38197326660156,199.94607543945312,882.0534057617188,0.0758
1,1,269,-76.52569580078125,199.83224487304688,882.7957153320312,0.1453
1,1,270,-74.57867431640625,199.3951416015625,882.509521484375,0.1894
1,1,271,-72.94570922851562,198.56918334960938,881.3916625976562,0.2109
1,1,272,-71.90863800048828,197.9739532470703,879.70361328125,0.1142
1,1,273,-72.06256866455078,197.642822265625,877.7418823242188,0.1518
1,1,274,-72.77893829345703,197.50192260742188,875.9026489257812,0.3498
1,1,275,-73.70336151123047,197.6217803955078,874.130126953125,0.515
1,1,276,-74.64641571044922,197.58006286621094,872.3677368164062,0.6436
1,1,277,-75.72750854492188,197.69786071777344,870.6861572265625,0.4077
1,1,278,-76.8241958618164,198.00299072265625,869.0147094726562,0.231
1,1,279,-78.03985595703125,198.5568084716797,867.4356689453125,0.0701
1,1,280,-79.60883331298828,199.11260986328125,866.3092041015625,0.2378
1,1,281,-81.55847930908203,199.79307556152344,866.2779541015625,0.3699
1,1,282,-83.42681121826172,200.0395050048828,866.9577026367188,0.5384
1,1,283,-85.15460968017578,200.49755859375,867.9569702148438,0.5614
1,1,284,-86.7616195678711,200.8463592529297,869.1431884765625,0.6125
1,1,285,-88.2574234008789,200.86024475097656,870.467529296875,0.6464
1,1,286,-89.64231872558594,201.01051330566406,871.9076538085938,0.6034
1,1,287,-90.90730285644531,201.14471435546875,873.4541015625,0.4823
1,1,288,-92.03667449951172,200.45875549316406,875.10205078125,0.2988
1,1,289,-93.03093719482422,199.34866333007812,876.8351440429688,0.2644
1,1,290,-93.95340728759766,198.17593383789062,878.608642578125,0.339
1,1,291,-94.97391510009766,197.5595245361328,880.3265991210938,0.2795
1,1,292,-96.3056869506836,197.24354553222656,881.8086547851562,0.0798
1,1,293,-97.73794555664062,197.09027099609375,883.2029418945312,0.1518
1,1,294,-99.07528686523438,197.02268981933594,884.6863403320312,0.3487
1,1,295,-100.13056945800781,196.89080810546875,886.3746948242188,0.4181
1,1,296,-100.7718276977539,196.48924255371094,888.2577514648438,0.3556
1,1,297,-100.99222564697266,196.24522399902344,890.23779296875,0.2881
1,1,298,-100.86454010009766,195.8878631591797,892.2286376953125,0.2775
1,1,299,-100.46102142333984,195.383056640625,894.1837158203125,0.3093
1,1,300,-99.8172607421875,195.09619140625,896.0736083984375,0.3341
1,1,301,-98.92664337158203,194.7747802734375,897.8594360351562,0.3624
1,1,302,-97.75167083740234,194.75360107421875,899.4691772460938,0.1746
1,1,303,-96.25646209716797,194.84844970703125,900.7796630859375,0.1632
1,1,304,-94.46244049072266,195.1917724609375,901.6249389648438,0.2638
1,1,305,-92.49365234375,195.32232666015625,901.7876586914062,0.2776
1,1,306,-90.64797973632812,195.38348388671875,901.1074829101562,0.1607
1,1,307,-89.23434448242188,195.64642333984375,899.7341918945312,0.1274
1,1,308,-88.33154296875,196.15187072753906,897.9736938476562,0.0792
1,1,309,-87.78717803955078,196.2603302001953,896.056884765625,0.1552
1,1,310,-86.98658752441406,196.30746459960938,894.2457275390625,0.1166
1,1,311,-85.50434875488281,196.85057067871094,892.9615478515625,0.1851
1,1,312,-83.77346801757812,197.34213256835938,891.9659423828125,0.1788
1,1,313,-81.90030670166016,197.9700164794922,891.297607421875,0.0362
1,1,314,-79.94133758544922,198.16888427734375,891.3176879882812,0.1466
1,1,315,-78.18267822265625,198.1861572265625,892.1729125976562,0.284
1,1,316,-76.924560546875,198.1156768798828,893.6746826171875,0.336
1,1,317,-76.32171630859375,198.0740203857422,895.541748046875,0.4506
1,1,318,-76.5741958618164,197.59291076660156,897.465087890625,0.4698
1,1,319,-77.70573425292969,197.22189331054688,899.0426635742188,0.4011
1,1,320,-79.38822937011719,196.7144317626953,900.0582275390625,0.2755
1,1,321,-81.3019790649414,196.08961486816406,900.5916748046875,0.2922
1,1,322,-83.24665069580078,195.61471557617188,901.0250244140625,0.2427
1,1,323,-85.03738403320312,195.31793212890625,901.8628540039062,0.026
1,1,324,-86.56510162353516,195.01161193847656,903.1370239257812,0.2629
1,1,325,-87.7710952758789,194.5249786376953,904.7073974609375,0.2597
1,1,326,-88.5185317993164,194.41644287109375,906.5492553710938,0.2542
1,1,327,-88.8338394165039,194.34402465820312,908.5189208984375,0.2433
1,1,328,-88.72962951660156,193.82843017578125,910.5153198242188,0.2452
1,1,329,-88.04006958007812,193.14842224121094,912.3864135742188,0.189
1,1,330,-86.83706665039062,192.3881072998047,913.9585571289062,0.2623
1,1,331,-85.1631851196289,191.63088989257812,914.9725952148438,0.1931
1,1,332,-83.2304458618164,191.25636291503906,915.2809448242188,0.1758
1,1,333,-81.27284240722656,191.34188842773438,914.9871826171875,0.1046
1,1,334,-79.43988800048828,191.61097717285156,914.2304077148438,0.0762
1,1,335,-77.82100677490234,192.2511444091797,913.0763549804688,0.0386
1,1,336,-76.4379653930664,192.78372192382812,911.6342163085938,0.1274
1,1,337,-75.15247344970703,193.48951721191406,910.10595703125,0.0548
1,1,338,-73.59500885009766,193.97903442382812,908.8555297851562,0.2925
1,1,339,-71.68354034423828,193.9560546875,908.3291015625,0.2045
1,1,340,-69.89141845703125,193.30215454101562,909.0385131835938,0.1525
1,1,341,-69.22979736328125,192.4951629638672,910.7926025390625,0.1151
1,1,342,-70.02392578125,191.88003540039062,912.5364379882812,0.1343
1,1,343,-71.55425262451172,191.52774047851562,913.7868041992188,0.2116
1,1,344,-73.21546173095703,191.08358764648438,914.8992309570312,0.104
1,1,345,-74.80448913574219,190.44056701660156,916.1071166992188,0.0582
1,1,346,-76.23426818847656,189.8673095703125,917.4931640625,0.1967
1,1,347,-77.36493682861328,189.10008239746094,919.118408203125,0.1471
1,1,348,-77.94886779785156,188.1942138671875,921.0177001953125,0.1947
1,1,349,-77.83490753173828,187.15774536132812,923.0045166015625,0.1731
1,1,350,-76.80953979492188,185.8563690185547,924.714111328125,0.1458
1,1,351,-75.4044418334961,184.75067138671875,926.1339721679688,0.175
1,1,352,-73.8511734008789,183.42327880859375,927.3921508789062,0.2309
1,1,353,-72.24913024902344,182.07008361816406,928.5880126953125,0.1994
1,1,354,-70.64559173583984,180.81594848632812,929.7819213867188,0.0985
1,1,355,-69.02491760253906,179.7101593017578,930.9522094726562,0.1611
1,1,356,-67.34855651855469,178.6726837158203,932.0409545898438,0.2482
1,1,357,-65.5785903930664,177.58676147460938,932.9700317382812,0.3214
1,1,358,-63.69498825073242,176.6061553955078,933.639892578125,0.2443
1,1,359,-61.71868896484375,176.1436004638672,933.9351196289062,0.2484
1,1,360,-59.76692581176758,176.1048126220703,933.58837890625,0.2725
1,1,361,-58.48988723754883,176.83348083496094,932.174560546875,0.194
1,1,362,-58.36698532104492,177.86569213867188,930.2215576171875,0.3007
1,1,363,-59.08607864379883,178.84095764160156,928.3580322265625,0.561
1,1,364,-60.256229400634766,179.57785034179688,926.7371826171875,0.6663
1,1,365,-60.97822570800781,180.26617431640625,924.879150390625,0.5334
1,1,366,-60.890865325927734,181.43896484375,922.9312744140625,0.3863
1,1,367,-59.99466323852539,182.54150390625,921.2108154296875,0.21
1,1,368,-58.48774719238281,183.30645751953125,919.9781494140625,0.0687
1,1,369,-56.629417419433594,183.51406860351562,919.2984619140625,0.1696
1,1,370,-54.64565658569336,183.2454376220703,919.1046752929688,0.3493
1,1,371,-52.68348693847656,182.8895721435547,919.4873657226562,0.1916
1,1,372,-50.9446907043457,182.0137176513672,920.4482421875,0.0776
1,1,373,-49.65495300292969,180.88839721679688,921.9322509765625,0.1688
1,1,374,-48.94151306152344,179.57400512695312,923.7615356445312,0.2499
1,1,375,-48.827064514160156,178.5512237548828,925.7271728515625,0.4186
1,1,376,-49.227561950683594,177.61505126953125,927.6754150390625,0.2755
1,1,377,-49.675445556640625,176.59848022460938,929.6032104492188,0.3179
1,1,378,-49.361202239990234,175.26348876953125,931.5170288085938,0.176
1,1,379,-48.05078125,173.97402954101562,932.9193115234375,0.3591
1,1,380,-46.17592239379883,173.0550079345703,933.5107421875,0.3101
1,1,381,-44.18968963623047,172.48085021972656,933.5162353515625,0.2205
1,1,382,-42.23088836669922,172.2020721435547,933.1480102539062,0.2534
1,1,383,-40.331138610839844,172.0303955078125,932.5343627929688,0.2129
1,1,384,-38.48978042602539,171.95420837402344,931.75927734375,0.1836
1,1,385,-36.69483947753906,171.85032653808594,930.8803100585938,0.1305
1,1,386,-34.93558883666992,171.8016815185547,929.9312744140625,0.1569
1,1,387,-33.219852447509766,172.08480834960938,928.9063720703125,0.1034
1,1,388,-31.620651245117188,172.5628662109375,927.7144165039062,0.2113
1,1,389,-30.405269622802734,173.4967041015625,926.1641845703125,0.2376
1,1,390,-29.659603118896484,174.57501220703125,924.3268432617188,0.3648
1,1,391,-29.490921020507812,175.8642578125,922.3688354492188,0.36
1,1,392,-30.0658016204834,177.2122344970703,920.5022583007812,0.1353
1,1,393,-31.300947189331055,178.38705444335938,918.9661254882812,0.3081
1,1,394,-32.98117446899414,179.32203674316406,917.9535522460938,0.2484
1,1,395,-34.922607421875,179.97471618652344,917.582763671875,0.2992
1,1,396,-36.91556167602539,180.2276611328125,917.6847534179688,0.2765
1,1,397,-38.89683151245117,180.3657989501953,917.9069213867188,0.2967
1,1,398,-40.87336349487305,180.77890014648438,917.7333374023438,0.1776
1,1,399,-42.654109954833984,181.46090698242188,916.866943359375,0.1645
1,1,400,-43.8952522277832,182.19378662109375,915.3247680664062,0.1203
1,1,401,-44.331199645996094,182.6981964111328,913.39404296875,0.2865
1,1,402,-43.860347747802734,183.1587677001953,911.4724731445312,0.1865
1,1,403,-42.5987548828125,183.57997131347656,909.94140625,0.1224
1,1,404,-40.86943435668945,183.89425659179688,908.9447021484375,0.0552
1,1,405,-38.98567581176758,184.0298309326172,908.276611328125,0.1809
1,1,406,-37.21748733520508,183.9700927734375,907.343994140625,0.2739
1,1,407,-35.80760192871094,183.99497985839844,905.9329833984375,0.4375
1,1,408,-34.826866149902344,184.19386291503906,904.2018432617188,0.2612
1,1,409,-34.42740249633789,184.34197998046875,902.263427734375,0.2017
1,1,410,-34.87858963012695,184.42379760742188,900.357177734375,0.1459
1,1,411,-36.202362060546875,184.50311279296875,898.9142456054688,0.0878
1,1,412,-38.03095626831055,184.73883056640625,898.1754760742188,0.1446
1,1,413,-40.005977630615234,185.2812042236328,897.9603881835938,0.3076
1,1,414,-42.00209426879883,185.6161651611328,897.8510131835938,0.4255
1,1,415,-43.9361457824707,186.191162109375,897.4380493164062,0.6109
1,1,416,-45.57180404663086,186.52845764160156,896.3807983398438,0.5074
1,1,417,-46.47440719604492,186.71585083007812,894.6724853515625,0.4668
1,1,418,-46.37096405029297,187.0213623046875,892.7354736328125,0.4714
1,1,419,-45.45001220703125,187.0832977294922,890.9987182617188,0.4048
1,1,420,-44.028072357177734,186.57720947265625,889.6224975585938,0.3756
1,1,421,-42.43500900268555,186.06866455078125,888.41455078125,0.255
1,1,422,-40.97987747192383,185.24114990234375,887.0646362304688,0.042
1,1,423,-39.94146728515625,184.43658447265625,885.3888549804688,0.0606
1,1,424,-39.48152160644531,183.6549835205078,883.46435546875,0.123
1,1,425,-39.49716567993164,183.1327667236328,881.468994140625,0.1656
1,1,426,-39.68996047973633,182.92941284179688,879.482177734375,0.3767
1,1,427,-39.490318298339844,182.97909545898438,877.5176391601562,0.3685
1,1,428,-38.27364730834961,182.90652465820312,876.0364990234375,0.293
1,1,429,-36.37002182006836,182.42697143554688,875.6387939453125,0.372
1,1,430,-34.39734649658203,181.79043579101562,875.92236328125,0.3517
1,1,431,-32.44282913208008,181.13072204589844,876.3222045898438,0.2173
1,1,432,-30.46072769165039,180.5586700439453,876.390625,0.2116
1,1,433,-28.562482833862305,180.11203002929688,875.8323364257812,0.0708
1,1,434,-26.96508026123047,179.7161102294922,874.648681640625,0.0623
1,1,435,-25.668264389038086,179.52328491210938,873.127197265625,0.2837
1,1,436,-24.356454849243164,179.5175018310547,871.6189575195312,0.4049
1,1,437,-22.854793548583984,179.58387756347656,870.2992553710938,0.3358
1,1,438,-20.993732452392578,179.47190856933594,869.5823364257812,0.3217
1,1,439,-19.010433197021484,179.2326202392578,869.7852783203125,0.1673
1,1,440,-17.247793197631836,178.84393310546875,870.7288208007812,0.0392
1,1,441,-15.720780372619629,178.4835968017578,872.0186767578125,0.0874
1,1,442,-14.52592945098877,178.4927978515625,873.620361328125,0.1308
1,1,443,-13.336077690124512,178.94732666015625,875.2269287109375,0.2085
1,1,444,-12.106465339660645,179.75003051757812,876.8030395507812,0.1695
1,1,445,-11.085932731628418,180.25440979003906,878.52099609375,0.1896
1,1,446,-9.879069328308105,180.4575653076172,880.1141967773438,0.1205
1,1,447,-8.357667922973633,180.47129821777344,881.4057006835938,0.1238
1,1,448,-6.588778972625732,180.39425659179688,882.3239135742188,0.1461
1,1,449,-4.707876682281494,180.2691192626953,882.9949951171875,0.1272
1,1,450,-2.879410743713379,179.71395874023438,883.7987670898438,0.1591
1,1,451,-1.0718830823898315,179.39743041992188,884.6529541015625,0.2334
1,1,452,0.6247797608375549,178.86337280273438,885.703369140625,0.2584
1,1,453,2.0192229747772217,178.5149383544922,887.1107177734375,0.3119
1,1,454,2.95796537399292,178.48419189453125,888.8494873046875,0.3454
1,1,455,3.3897693157196045,178.46435546875,890.77978515625,0.249
1,1,456,3.3255252838134766,178.2076416015625,892.759521484375,0.1252
1,1,457,2.365819215774536,177.76602172851562,894.48583984375,0.2868
1,1,458,-0.35553357005119324,177.86672973632812,894.630615234375,0.2746
1,1,459,-1.1407431364059448,177.80374145507812,895.6415405273438,0.4052
1,1,460,-1.4613763093948364,177.58401489257812,898.6544189453125,0.486
1,1,461,-2.056098461151123,177.44766235351562,901.777587890625,0.5788
1,1,462,-3.4578611850738525,177.52447509765625,902.7510986328125,0.6142
1,1,463,-6.2516703605651855,178.01976013183594,902.0643920898438,0.5683
1,1,464,-9.613320350646973,178.1988067626953,901.8927612304688,0.4191
1,1,465,-11.089630126953125,178.1907501220703,902.9457397460938,0.4725
1,1,466,-10.917276382446289,177.86758422851562,905.4732055664062,0.4633
1,1,467,-12.473540306091309,177.9660186767578,906.695556640625,0.3521
1,1,468,-14.3941011428833,178.38011169433594,906.1981201171875,0.214
1,1,469,-15.909814834594727,178.92263793945312,904.90966796875,0.1325
1,1,470,-16.924354553222656,179.25328063964844,903.18798828125,0.0318
1,1,471,-17.610380172729492,179.75387573242188,901.3101806640625,0.1178
1,1,472,-18.49171257019043,180.3253173828125,899.516845703125,0.031
1,1,473,-19.7654972076416,181.04244995117188,897.9913330078125,0.1511
1,1,474,-21.433086395263672,181.75640869140625,896.9306030273438,0.2276
1,1,475,-23.347728729248047,182.37283325195312,896.4532470703125,0.3667
1,1,476,-25.315114974975586,182.9584197998047,896.5899047851562,0.4273
1,1,477,-27.1378173828125,183.3445587158203,897.33544921875,0.359
1,1,478,-28.604028701782227,183.546875,898.6453247070312,0.2973
1,1,479,-29.576051712036133,183.59994506835938,900.365234375,0.3237
1,1,480,-30.198854446411133,183.47177124023438,902.2634887695312,0.2485
1,1,481,-30.76006507873535,183.28237915039062,904.181640625,0.2828
1,1,482,-31.441091537475586,182.92564392089844,906.0581665039062,0.2727
1,1,483,-32.29747009277344,182.72364807128906,907.8638916015625,0.3611
1,1,484,-32.94050979614258,182.38694763183594,909.7413940429688,0.3519
1,1,485,-32.7938117980957,181.7322998046875,911.697509765625,0.2211
1,1,486,-31.750337600708008,180.8563232421875,913.3688354492188,0.3067
1,1,487,-30.276514053344727,179.8157958984375,914.7186279296875,0.332
1,1,488,-28.76796531677246,178.88314819335938,916.0300903320312,0.2951
1,1,489,-27.298261642456055,178.01251220703125,917.3853149414062,0.2929
1,1,490,-25.815881729125977,177.03822326660156,918.7263793945312,0.2188
1,1,491,-24.307207107543945,175.7164764404297,920.0377807617188,0.0866
1,1,492,-22.806285858154297,174.2422637939453,921.3543701171875,0.1594
1,1,493,-21.147111892700195,172.9004669189453,922.4619750976562,0.1107
1,1,494,-19.342058181762695,171.8441162109375,923.3133544921875,0.1097
1,1,495,-17.443355560302734,170.63446044921875,923.9310913085938,0.2265
1,1,496,-15.487242698669434,169.87728881835938,924.3307495117188,0.2783
1,1,497,-13.498230934143066,169.44869995117188,924.48974609375,0.2105
1,1,498,-11.512125968933105,169.2794189453125,924.3370971679688,0.109
1,1,499,-9.614339828491211,169.09889221191406,923.7554321289062,0.1171
1,1,500,-7.984471797943115,168.97152709960938,922.6400756835938,0.165
1,1,501,-6.805305480957031,169.1245880126953,921.0519409179688,0.3799
1,1,502,-6.095485210418701,169.918212890625,919.194580078125,0.5041
1,1,503,-5.5930867195129395,171.14785766601562,917.2601928710938,0.3321
1,1,504,-5.218921184539795,172.6110076904297,915.3038330078125,0.0806
1,1,505,-7.446266174316406,174.8760986328125,913.1414184570312,0.0705
1,1,506,-7.526730537414551,175.76791381835938,911.4569702148438,0.0973
1,1,507,-5.384720802307129,175.81851196289062,909.3698120117188,0.1897
1,1,508,-2.634140968322754,175.4464111328125,907.9176635742188,0.306
1,1,509,-1.7295483350753784,175.5194854736328,907.0554809570312,0.4207
1,1,510,-2.371375799179077,176.56727600097656,904.6647338867188,0.6229
1,1,511,-1.984636902809143,177.52276611328125,901.2078857421875,0.5868
1,1,512,0.3685435354709625,177.4104461669922,899.5278930664062,0.5018
1,1,513,3.022948741912842,176.15902709960938,901.4674072265625,0.4002
1,1,514,3.3411335945129395,174.6776580810547,904.9052734375,0.3348
1,1,515,3.5180788040161133,173.5556640625,906.9790649414062,0.3264
1,1,516,5.807321071624756,172.20506286621094,907.5228881835938,0.2753
1,1,517,9.341886520385742,170.16770935058594,907.388916015625,0.3138
1,1,518,11.862983703613281,168.4680938720703,908.3511962890625,0.2676
1,1,519,12.021718978881836,167.1446533203125,910.9315185546875,0.2137
1,1,520,9.750100135803223,166.92161560058594,913.4757690429688,0.1208
1,1,521,7.784270286560059,167.67343139648438,913.4524536132812,0.0381
1,1,522,7.772309303283691,167.42236328125,914.1746826171875,0.1101
1,1,523,6.097452163696289,166.9862823486328,916.6505737304688,0.2593
1,1,524,3.9862000942230225,167.0167999267578,918.249755859375,0.1773
1,1,525,3.1641886234283447,167.38754272460938,917.987060546875,0.1849
1,1,526,0.6413571834564209,169.0310516357422,916.7178344726562,0.0415
1,1,527,-2.7925703525543213,170.25521850585938,916.9805908203125,0.2207
1,1,528,-3.939627170562744,168.64512634277344,919.8715209960938,0.3816
1,1,529,-1.191521167755127,166.85675048828125,922.1165771484375,0.1258
1,1,530,1.8247824907302856,166.29678344726562,921.4786376953125,0.2451
1,1,531,3.1963233947753906,165.8720245361328,921.5811157226562,0.282
1,1,532,4.263221740722656,165.07704162597656,923.998779296875,0.4478
1,1,533,6.188831806182861,164.27578735351562,926.8939208984375,0.3685
1,1,534,8.665731430053711,164.19610595703125,927.5336303710938,0.3611
1,1,535,10.421792030334473,164.24826049804688,925.1859130859375,0.2654
1,1,536,11.12452220916748,165.07542419433594,921.7778930664062,0.143
1,1,537,12.123658180236816,165.48214721679688,919.7696533203125,0.0474
1,1,538,14.534629821777344,165.26742553710938,920.02783203125,0.2704
1,1,539,17.75623893737793,164.7683563232422,921.395263671875,0.1802
1,1,540,20.365375518798828,164.2918701171875,921.6500244140625,0.3422
1,1,541,21.491313934326172,164.24391174316406,919.50634765625,0.1851
1,1,542,21.129518508911133,164.1701202392578,916.096923828125,0.1466
1,1,543,20.077259063720703,164.80409240722656,914.3935546875,0.1742
1,1,544,20.66029930114746,164.83348083496094,913.9236450195312,0.2247
1,1,545,22.106056213378906,165.72132873535156,911.1998291015625,0.1816
1,1,546,22.278972625732422,167.52830505371094,908.1084594726562,0.2484
1,1,547,20.325231552124023,168.5983428955078,906.7605590820312,0.4857
1,1,548,17.08602523803711,167.94761657714844,907.8081665039062,0.5129
1,1,549,14.547253608703613,167.33273315429688,909.5626831054688,0.2772
1,1,550,12.30307674407959,167.9525909423828,909.0894775390625,0.2229
1,1,551,11.425620079040527,170.25247192382812,905.81591796875,0.4532
1,1,552,11.822484016418457,172.5888671875,902.5864868164062,0.3963
1,1,553,11.215392112731934,173.548828125,901.2061157226562,0.2396
1,1,554,8.705160140991211,174.60769653320312,900.7366333007812,0.1447
1,1,555,5.892809867858887,176.28358459472656,898.5758666992188,0.1637
1,1,556,6.107755661010742,176.90338134765625,895.5135498046875,0.203
1,1,557,9.268410682678223,176.4902801513672,894.6924438476562,0.3005
1,1,558,12.25880241394043,175.42684936523438,896.2874145507812,0.2601
1,1,559,13.660361289978027,174.9298553466797,897.3051147460938,0.1097
1,1,560,15.114738464355469,175.5592803955078,896.0266723632812,0.0978
1,1,561,18.17345428466797,176.3218536376953,894.4384765625,0.2166
1,1,562,21.177490234375,175.4929962158203,895.4287109375,0.3403
1,1,563,21.132732391357422,174.26953125,898.35498046875,0.3761
1,1,564,18.667512893676758,172.6934356689453,900.995849609375,0.3864
1,1,565,17.41339111328125,170.5583038330078,903.8187866210938,0.4169
1,1,566,19.417936325073242,169.3424072265625,905.7659301757812,0.4543
1,1,567,22.881166458129883,169.7186279296875,905.3178100585938,0.2983
1,1,568,24.997238159179688,170.636474609375,903.9525756835938,0.218
1,1,569,25.979541778564453,170.1071319580078,904.3235473632812,0.2175
1,1,570,28.255393981933594,167.9124755859375,906.3084716796875,0.3002
1,1,571,31.439538955688477,166.2199249267578,907.2422485351562,0.2425
1,1,572,33.29654312133789,166.93589782714844,905.6640014648438,0.2791
1,1,573,32.87710952758789,170.24891662597656,902.4366455078125,0.1387
1,1,574,31.67424964904785,172.36630249023438,899.4305419921875,0.1879
1,1,575,32.044715881347656,173.0299835205078,897.6668701171875,0.3526
1,1,576,34.711544036865234,172.90501403808594,896.7261352539062,0.3918
1,1,577,37.956077575683594,172.92337036132812,895.5811767578125,0.3125
1,1,578,39.27495574951172,173.5797119140625,893.6759033203125,0.2897
1,1,579,37.806983947753906,174.6342315673828,891.2717895507812,0.3873
1,1,580,35.18017578125,175.3846893310547,889.016357421875,0.1274
1,1,581,34.00590515136719,175.8653106689453,887.2061157226562,0.2059
1,1,582,35.39848709106445,175.62940979003906,885.3666381835938,0.3148
1,1,583,37.730934143066406,175.61654663085938,882.7246704101562,0.2222
1,1,584,37.766151428222656,175.5341339111328,879.494873046875,0.2943
1,1,585,33.937530517578125,175.79721069335938,880.3463134765625,0.5102
1,1,586,31.971622467041016,175.92361450195312,880.1316528320312,0.4671
1,1,587,29.979270935058594,175.83665466308594,880.2965087890625,0.3621
1,1,588,28.00606918334961,175.71888732910156,880.5220336914062,0.3657
1,1,589,25.845468521118164,175.86151123046875,880.8916625976562,0.2379
1,1,590,22.626205444335938,176.4125213623047,881.489990234375,0.1185
1,1,591,22.10753631591797,176.4519805908203,883.5152587890625,0.2245
1,1,592,23.141254425048828,176.4612274169922,886.4773559570312,0.2692
1,1,593,22.293127059936523,176.46621704101562,889.871337890625,0.4072
1,1,594,19.034257888793945,176.60516357421875,890.3846435546875,0.1134
1,1,595,17.41242218017578,177.39303588867188,887.1109619140625,0.3134
1,1,596,19.33002471923828,176.90841674804688,885.1502075195312,0.1692
1,1,597,20.010183334350586,176.65628051757812,884.7523803710938,0.1709
1,1,598,19.381338119506836,176.60568237304688,882.2888793945312,0.188
1,1,599,20.35308265686035,176.4959716796875,880.4595947265625,0.1288
1,1,600,21.454181671142578,176.435302734375,878.826171875,0.0999
1,1,601,21.704015731811523,176.36598205566406,876.9151000976562,0.1512
1,1,602,20.93451690673828,176.4350128173828,875.0830078125,0.1136
1,1,603,19.87544822692871,176.6507568359375,873.3875122070312,0.1296
1,1,604,18.780086517333984,177.04385375976562,871.7249145507812,0.3357
1,1,605,17.33892059326172,177.26058959960938,870.3482666015625,0.2949
1,1,606,15.615351676940918,177.4259796142578,869.3369750976562,0.2651
1,1,607,13.721952438354492,177.56385803222656,868.69482421875,0.2087
1,1,608,11.7293701171875,177.68397521972656,868.7485961914062,0.1333
1,1,609,9.98483657836914,178.44451904296875,869.70556640625,0.0446
1,1,610,8.915923118591309,179.15231323242188,871.3915405273438,0.0684
1,1,611,8.529974937438965,179.3134765625,873.353271484375,0.2678
1,1,612,8.489755630493164,179.30072021484375,875.3508911132812,0.3441
1,1,613,8.245352745056152,179.27032470703125,877.3330688476562,0.4179
1,1,614,7.54356575012207,179.3151397705078,879.1881713867188,0.4654
1,1,615,6.276437282562256,179.2727508544922,880.6956787109375,0.5395
1,1,616,4.52603816986084,179.36251831054688,881.5795288085938,0.3645
1,1,617,2.5663552284240723,179.40040588378906,881.670166015625,0.301
1,1,618,0.6571440100669861,179.48916625976562,881.141357421875,0.1478
1,1,619,-1.1182743310928345,179.94375610351562,880.2391967773438,0.1136
1,1,620,-2.7854037284851074,180.2571258544922,879.1387939453125,0.0702
1,1,621,-4.294053077697754,180.34774780273438,877.841552734375,0.1449
1,1,622,-5.567174911499023,180.36685180664062,876.3059692382812,0.2388
1,1,623,-6.795716285705566,180.35948181152344,874.7328491210938,0.3064
1,1,624,-8.210715293884277,180.3192596435547,873.327392578125,0.3759
1,1,625,-9.692509651184082,180.1450958251953,871.9868774414062,0.378
1,1,626,-11.091058731079102,179.8155517578125,870.5595092773438,0.3295
1,1,627,-12.531485557556152,179.6006317138672,869.1795654296875,0.3407
1,1,628,-14.138171195983887,179.5154266357422,867.9968872070312,0.2574
1,1,629,-15.792344093322754,179.63478088378906,866.8765869140625,0.1876
1,1,630,-17.33458137512207,180.2364044189453,865.61083984375,0.1573
1,1,631,-18.646495819091797,181.02398681640625,864.1217651367188,0.1
1,1,632,-19.52838897705078,181.85336303710938,862.3455200195312,0.0685
1,1,633,-19.878862380981445,182.54835510253906,860.3904418945312,0.1201
1,1,634,-19.668073654174805,183.1380615234375,858.4120483398438,0.1113
1,1,635,-18.918670654296875,183.26109313964844,856.5626220703125,0.1359
1,1,636,-17.757511138916016,182.9819793701172,854.9353637695312,0.1322
1,1,637,-16.506933212280273,182.63275146484375,853.3756713867188,0.0615
1,1,638,-15.566890716552734,182.19509887695312,851.6146850585938,0.1521
1,1,639,-15.137892723083496,181.66616821289062,849.670166015625,0.2558
1,1,640,-15.165054321289062,181.3077392578125,847.6770629882812,0.24
1,1,641,-15.221570014953613,181.31053161621094,845.6786499023438,0.407
1,1,642,-14.985507011413574,181.1257781982422,843.7005004882812,0.4454
1,1,643,-14.33021354675293,180.45741271972656,841.825439453125,0.3642
1,1,644,-13.276552200317383,179.58363342285156,840.1410522460938,0.1983
1,1,645,-11.915390968322754,178.35861206054688,838.689453125,0.019
1,1,646,-10.366063117980957,176.7550048828125,837.4303588867188,0.1762
1,1,647,-8.738183975219727,175.083740234375,836.2702026367188,0.2356
1,1,648,-7.050090789794922,173.4856414794922,835.20703125,0.2274
1,1,649,-5.2152485847473145,172.1637420654297,834.4522094726562,0.0574
1,1,650,-3.2447264194488525,171.24343872070312,834.2031860351562,0.2099
1,1,651,-1.250587821006775,170.7903289794922,834.337646484375,0.2725
1,1,652,0.7406178116798401,170.09811401367188,834.5055541992188,0.3275
1,1,653,2.739015579223633,169.26580810546875,834.565185546875,0.3783
1,1,654,4.736852169036865,168.74740600585938,834.6279907226562,0.2464
1,1,655,6.7343316078186035,168.63246154785156,834.6529541015625,0.1494
1,1,656,8.721099853515625,168.57965087890625,834.86376953125,0.144
1,1,657,10.662548065185547,168.6958770751953,835.3088989257812,0.1916
1,1,658,12.365331649780273,169.29837036132812,836.3088989257812,0.1356
1,1,659,13.516341209411621,170.2407684326172,837.9230346679688,0.0652
1,1,660,14.408514022827148,171.34213256835938,839.7056884765625,0.0564
1,1,661,15.609970092773438,171.9490966796875,841.2828979492188,0.1868
1,1,662,18.35927391052246,171.37730407714844,840.329833984375,0.25
1,1,663,19.792407989501953,171.08493041992188,840.4688110351562,0.2407
1,1,664,21.150022506713867,171.33831787109375,842.9430541992188,0.2106
1,1,665,22.147985458374023,172.0779266357422,845.9736328125,0.2086
1,1,666,22.69279670715332,172.26112365722656,847.1542358398438,0.2842
1,1,667,25.0219783782959,171.55715942382812,847.133056640625,0.2533
1,1,668,26.81805419921875,171.45001220703125,848.3480224609375,0.2581
1,1,669,27.73335838317871,171.42555236816406,850.1251831054688,0.169
1,1,670,28.44601058959961,171.4244842529297,851.9928588867188,0.0451
1,1,671,28.988296508789062,171.440673828125,853.9147338867188,0.1336
1,1,672,29.111862182617188,171.55921936035156,855.885009765625,0.2709
1,1,673,28.254043579101562,171.943359375,857.54931640625,0.2404
1,1,674,26.461715698242188,172.28297424316406,858.1717529296875,0.1106
1,1,675,24.50093650817871,172.47862243652344,857.9599609375,0.0782
1,1,676,22.585655212402344,172.682861328125,857.3977661132812,0.1307
1,1,677,20.675500869750977,173.42608642578125,856.8377075195312,0.125
1,1,678,18.70395851135254,174.38494873046875,856.7110595703125,0.2045
1,1,679,16.832517623901367,175.28662109375,857.3350830078125,0.1882
1,1,680,15.382553100585938,175.7237548828125,858.681640625,0.3104
1,1,681,14.569467544555664,175.56607055664062,860.4931030273438,0.2486
1,1,682,14.52294921875,175.44509887695312,862.4805297851562,0.1476
1,1,683,15.329046249389648,175.95254516601562,864.2937622070312,0.3179
1,1,684,16.85455322265625,176.0141143798828,865.5684204101562,0.3452
1,1,685,18.692150115966797,175.62704467773438,866.3538818359375,0.2413
1,1,686,20.462289810180664,175.49661254882812,867.2822265625,0.3287
1,1,687,22.000446319580078,175.36964416503906,868.5594482421875,0.2141
1,1,688,23.281396865844727,175.19996643066406,870.0885009765625,0.0255
1,1,689,24.287954330444336,175.04335021972656,871.8095092773438,0.1415
1,1,690,25.562734603881836,175.05886840820312,873.3368530273438,0.2021
1,1,691,27.22983741760254,175.12716674804688,874.402587890625,0.27
1,1,692,29.142593383789062,175.19302368164062,874.8639526367188,0.2893
1,1,693,31.106740951538086,175.27130126953125,874.7182006835938,0.3505
1,1,694,32.820106506347656,175.15841674804688,873.8253173828125,0.4043
1,1,695,33.997005462646484,174.65542602539062,872.24072265625,0.2457
1,1,696,34.80034637451172,174.31858825683594,870.4151611328125,0.2288
1,1,697,35.46295928955078,173.85317993164062,868.529296875,0.1636
1,1,698,36.123558044433594,173.45938110351562,866.6424560546875,0.089
1,1,699,36.854190826416016,173.43109130859375,864.7822875976562,0.1047
1,1,700,37.67267990112305,173.39688110351562,862.958984375,0.2105
1,1,701,38.549781799316406,173.31936645507812,861.1625366210938,0.3044
1,1,702,39.418846130371094,173.0717315673828,859.3623046875,0.2817
1,1,703,40.175926208496094,172.56422424316406,857.5147705078125,0.2709
1,1,704,40.646522521972656,172.00030517578125,855.5836791992188,0.2529
1,1,705,40.49872589111328,171.4888153076172,853.6310424804688,0.1947
1,1,706,39.4545783996582,171.4019775390625,852.000732421875,0.3879
1,1,707,37.75640869140625,171.46490478515625,851.0128784179688,0.4047
1,1,708,35.82722854614258,171.4954833984375,850.515625,0.3679
1,1,709,34.194427490234375,171.44119262695312,849.4038696289062,0.3128
1,1,710,33.22283935546875,171.37095642089844,847.6762084960938,0.2804
1,1,711,32.153106689453125,171.2100372314453,845.990234375,0.2173
1,1,712,30.871007919311523,170.77377319335938,844.464111328125,0.0769
1,1,713,30.04035186767578,170.33804321289062,842.694091796875,0.1183
1,1,714,30.983556747436523,169.91696166992188,841.0055541992188,0.1032
1,1,715,32.61100387573242,169.52517700195312,839.8530883789062,0.1277
1,1,716,34.387569427490234,169.01614379882812,838.9500122070312,0.1678
1,1,717,35.918968200683594,168.58447265625,837.6715087890625,0.2156
1,1,718,37.06737518310547,167.9797821044922,836.03515625,0.1442
2,2,0,37.03985595703125,170.91163635253906,836.0369873046875,0.3897
2,2,1,37.62253952026367,170.1397247314453,834.12451171875,0.2923
2,2,2,37.55521011352539,169.3263397216797,832.1367797851562,0.2302
2,2,3,36.86576843261719,168.36277770996094,830.275634765625,0.1188
2,2,4,35.709224700927734,167.63816833496094,828.6585083007812,0.1791
2,2,5,34.18302917480469,166.9788055419922,827.38916015625,0.3703
2,2,6,32.35966110229492,166.61740112304688,826.629638671875,0.3551
2,2,7,30.411508560180664,166.55258178710938,826.6846313476562,0.4894
2,2,8,29.00058937072754,167.16912841796875,827.9456787109375,0.4943
2,2,9,28.534839630126953,167.9712677001953,829.8385009765625,0.4679
2,2,10,28.849428176879883,168.88319396972656,831.7762451171875,0.3562
2,2,11,29.32604217529297,169.82839965820312,833.7161254882812,0.2125
2,2,12,29.235248565673828,170.83091735839844,835.6593627929688,0.3441
2,2,13,28.201353073120117,171.6124267578125,837.28466796875,0.3994
2,2,14,27.773143768310547,172.7111053466797,840.41357421875,0.2563
2,2,15,25.541845321655273,173.2735595703125,842.1105346679688,0.2688
2,2,16,22.800676345825195,173.2177734375,840.3699951171875,0.119
2,2,17,21.646146774291992,172.5675506591797,837.2330932617188,0.2226
2,2,18,21.334516525268555,172.10000610351562,835.8916625976562,0.2071
2,2,19,19.514415740966797,172.32701110839844,836.0460815429688,0.1522
2,2,20,16.871692657470703,170.80856323242188,833.9483032226562,0.2425
2,2,21,17.070850372314453,168.6315460205078,830.875,0.1694
2,2,22,20.8376522064209,169.74688720703125,831.3758544921875,0.1613
2,2,23,22.075044631958008,168.86398315429688,829.8561401367188,0.2176
2,2,24,22.77762222290039,167.43911743164062,827.9974975585938,0.1982
2,2,25,23.006059646606445,165.82644653320312,826.0343627929688,0.2246
2,2,26,22.782466888427734,163.8454132080078,824.0497436523438,0.0828
2,2,27,22.830312728881836,161.88034057617188,822.0623168945312,0.3327
2,2,28,23.1452579498291,160.00088500976562,820.0957641601562,0.4218
2,2,29,22.96775245666504,158.40585327148438,818.1277465820312,0.3814
2,2,30,22.131689071655273,156.93943786621094,816.3408203125,0.2754
2,2,31,20.777082443237305,155.80238342285156,814.8937377929688,0.1897
2,2,32,19.122526168823242,155.19482421875,813.7872314453125,0.0866
2,2,33,17.30872344970703,155.07070922851562,812.957763671875,0.1174
2,2,34,15.405149459838867,155.11180114746094,812.3580932617188,0.148
2,2,35,13.445772171020508,155.0111846923828,811.97998046875,0.0946
2,2,36,11.456122398376465,154.71229553222656,811.8629760742188,0.2181
2,2,37,9.487972259521484,154.7835693359375,812.1181030273438,0.264
2,2,38,7.735302925109863,155.1108856201172,812.9785766601562,0.2517
2,2,39,6.737035274505615,155.89990234375,814.5888671875,0.2998
2,2,40,6.634612083435059,157.0693817138672,816.5361938476562,0.3713
2,2,41,7.386258602142334,158.1940460205078,818.3887939453125,0.3625
2,2,42,9.116127014160156,158.41026306152344,819.3627319335938,0.3016
2,2,43,11.045154571533203,158.17279052734375,819.345458984375,0.24
2,2,44,12.916059494018555,157.3652801513672,818.7098388671875,0.3236
2,2,45,14.797802925109863,156.77796936035156,818.1010131835938,0.4334
2,2,46,16.528921127319336,157.201416015625,818.6357421875,0.4743
2,2,47,16.59709358215332,158.9527587890625,820.48876953125,0.4175
2,2,48,15.957305908203125,160.992919921875,822.37646484375,0.1348
2,2,49,15.432565689086914,163.15980529785156,824.2999267578125,0.2023
2,2,50,15.229351997375488,165.39706420898438,826.2728881835938,0.1723
2,2,51,15.047484397888184,166.9456329345703,828.2341918945312,0.2347
2,2,52,13.956306457519531,168.047119140625,829.8220825195312,0.2205
2,2,53,12.165024757385254,168.64981079101562,830.613037109375,0.2301
2,2,54,10.186264991760254,168.82650756835938,830.7662963867188,0.2635
2,2,55,8.188811302185059,168.9695281982422,830.6998291015625,0.1612
2,2,56,6.194850921630859,168.88925170898438,830.5582275390625,0.1002
2,2,57,4.199182033538818,168.9756317138672,830.4558715820312,0.0583
2,2,58,2.2020084857940674,169.1629180908203,830.3738403320312,0.1937
2,2,59,0.2095276415348053,169.5493621826172,830.2144775390625,0.1978
2,2,60,-1.7059063911437988,169.77003479003906,829.7330932617188,0.2355
2,2,61,-3.297187566757202,169.50543212890625,828.5936889648438,0.1399
2,2,62,-4.254165172576904,168.37767028808594,826.8908081054688,0.0334
2,2,63,-4.53264045715332,166.77499389648438,824.9381713867188,0.2288
2,2,64,-4.437231063842773,165.05662536621094,822.9428100585938,0.3979
2,2,65,-4.129885196685791,163.40179443359375,820.9789428710938,0.3452
2,2,66,-3.3861191272735596,161.5928955078125,819.1292724609375,0.1704
2,2,67,-2.495120048522949,160.03466796875,817.3631591796875,0.1354
2,2,68,-2.482929229736328,158.56561279296875,815.43896484375,0.1185
2,2,69,-3.6180503368377686,157.86351013183594,813.883056640625,0.1395
2,2,70,-5.39561128616333,157.786865234375,813.0465698242188,0.2445
2,2,71,-7.36480712890625,157.99119567871094,812.7890625,0.3038
2,2,72,-9.354074478149414,158.3704376220703,812.9130249023438,0.4056
2,2,73,-11.308988571166992,158.96788024902344,813.3126831054688,0.3173
2,2,74,-13.214985847473145,159.64576721191406,813.909423828125,0.2628
2,2,75,-15.078876495361328,160.44015502929688,814.6307983398438,0.2818
2,2,76,-16.911958694458008,161.9261016845703,815.427978515625,0.391
2,2,77,-18.71124839782715,164.03839111328125,816.29833984375,0.2248
2,2,78,-20.435991287231445,166.6617889404297,817.303955078125,0.1328
2,2,79,-21.91362762451172,170.32168579101562,818.623779296875,0.0337
2,2,80,-22.643009185791016,173.45310974121094,820.4158935546875,0.1365
2,2,81,-22.48565101623535,175.3324432373047,822.3469848632812,0.0791
2,2,82,-21.41316795349121,176.18553161621094,823.9204711914062,0.1985
2,2,83,-19.64318084716797,176.01449584960938,824.6015625,0.4011
2,2,84,-17.764141082763672,174.4784393310547,824.1887817382812,0.3742
2,2,85,-16.16742706298828,171.72842407226562,823.0052490234375,0.2383
2,2,86,-14.77418327331543,168.72274780273438,821.5839233398438,0.1062
2,2,87,-13.02847671508789,166.6084442138672,820.6791381835938,0.2802
2,2,88,-11.116103172302246,166.17259216308594,820.9793090820312,0.3924
2,2,89,-9.800925254821777,166.81385803222656,822.3858032226562,0.1887
2,2,90,-9.226045608520508,168.36434936523438,824.2987060546875,0.0997
2,2,91,-9.054201126098633,170.19671630859375,826.29052734375,0.14
2,2,92,-9.176007270812988,172.14154052734375,828.27734375,0.186
2,2,93,-9.657645225524902,174.2754364013672,830.1976928710938,0.1579
2,2,94,-10.589961051940918,176.01779174804688,831.9417114257812,0.1762
2,2,95,-11.995319366455078,177.76902770996094,833.3397216796875,0.1114
2,2,96,-13.781296730041504,179.37506103515625,834.2171020507812,0.1186
2,2,97,-15.766050338745117,180.74951171875,834.448974609375,0.1883
2,2,98,-17.706375122070312,181.73780822753906,833.9671020507812,0.1014
2,2,99,-19.39018440246582,182.12362670898438,832.898681640625,0.0416
2,2,100,-20.684959411621094,181.87283325195312,831.3831176757812,0.0465
2,2,101,-22.11760711669922,181.41847229003906,829.9893798828125,0.0727
2,2,102,-23.782695770263672,181.32504272460938,828.8914184570312,0.0257
2,2,103,-25.641843795776367,181.562255859375,828.19189453125,0.0776
2,2,104,-27.58601951599121,181.92807006835938,827.7337036132812,0.2653
2,2,105,-29.568708419799805,182.5284881591797,827.5526123046875,0.3006
2,2,106,-31.54121971130371,183.3715362548828,827.7508544921875,0.193
2,2,107,-33.423919677734375,184.43359375,828.3733520507812,0.2617
2,2,108,-35.07411193847656,185.56097412109375,829.4712524414062,0.4466
2,2,109,-36.219844818115234,186.72012329101562,831.1041259765625,0.5602
2,2,110,-37.10102462768555,187.94174194335938,832.8971557617188,0.4872
2,2,111,-37.83290481567383,189.64767456054688,834.7565307617188,0.4578
2,2,112,-38.44332504272461,191.0723419189453,836.65966796875,0.094
2,2,113,-38.955631256103516,192.10659790039062,838.5916137695312,0.21
2,2,114,-39.342472076416016,192.48675537109375,840.5507202148438,0.2972
2,2,115,-39.4726448059082,192.40203857421875,842.5363159179688,0.1807
2,2,116,-39.19285583496094,191.9615020751953,844.507080078125,0.0468
2,2,117,-38.45653533935547,191.30503845214844,846.3636474609375,0.1006
2,2,118,-37.143882751464844,190.5298309326172,847.8716430664062,0.1649
2,2,119,-35.271156311035156,189.89718627929688,848.5369262695312,0.1414
2,2,120,-33.36130905151367,190.03114318847656,847.9784545898438,0.2999
2,2,121,-31.84025001525879,190.4320831298828,846.6990966796875,0.5519
2,2,122,-30.227176666259766,190.73715209960938,845.5245971679688,0.5771
2,2,123,-28.42667579650879,190.42971801757812,844.7315063476562,0.5812
2,2,124,-26.46438980102539,189.685546875,844.3580932617188,0.7259
2,2,125,-24.476015090942383,188.79019165039062,844.1969604492188,0.7756
2,2,126,-22.526151657104492,187.58447265625,844.4837646484375,0.7073
2,2,127,-20.842622756958008,186.74859619140625,845.4698486328125,0.5497
2,2,128,-19.784345626831055,186.23529052734375,847.0972290039062,0.6374
2,2,129,-19.58319664001465,186.36643981933594,849.0322875976562,0.6574
2,2,130,-20.208269119262695,186.8932342529297,850.8866577148438,0.6962
2,2,131,-21.53329086303711,187.5034637451172,852.3154907226562,0.5324
2,2,132,-23.35132598876953,188.10675048828125,853.0271606445312,0.5424
2,2,133,-25.336666107177734,188.74191284179688,853.085693359375,0.4196
2,2,134,-27.326927185058594,188.94793701171875,852.9247436523438,0.2446
2,2,135,-29.30352020263672,188.61819458007812,853.0558471679688,0.1175
2,2,136,-31.10228729248047,187.81385803222656,853.8526000976562,0.165
2,2,137,-32.22294616699219,186.89718627929688,855.414306640625,0.192
2,2,138,-32.12746047973633,185.9644775390625,857.3348388671875,0.245
2,2,139,-31.094724655151367,185.5836181640625,859.0050659179688,0.172
2,2,140,-29.635961532592773,185.40249633789062,860.3631591796875,0.2646
2,2,141,-28.105915069580078,185.1422119140625,861.6425170898438,0.2436
2,2,142,-26.836999893188477,184.57943725585938,863.162841796875,0.1676
2,2,143,-26.183185577392578,183.96896362304688,865.0206298828125,0.2768
2,2,144,-26.39132308959961,183.49537658691406,866.979248046875,0.132
2,2,145,-27.34572410583496,183.18092346191406,868.7215576171875,0.2909
2,2,146,-28.732439041137695,182.97415161132812,870.15625,0.2211
2,2,147,-30.3795108795166,183.48068237304688,871.272705078125,0.1039
2,2,148,-32.31552505493164,184.2240447998047,871.722900390625,0.1327
2,2,149,-34.295127868652344,184.84359741210938,871.4680786132812,0.2553
2,2,150,-36.18927764892578,185.43894958496094,870.8338623046875,0.3518
2,2,151,-37.92625045776367,185.73782348632812,869.8439331054688,0.5077
2,2,152,-39.51657485961914,185.7619171142578,868.6326904296875,0.4399
2,2,153,-41.291175842285156,186.14064025878906,867.7161865234375,0.3118
2,2,154,-43.26062774658203,186.66717529296875,867.4583129882812,0.2271
2,2,155,-45.17277145385742,186.97149658203125,867.9724731445312,0.091
2,2,156,-46.58653259277344,187.39280700683594,869.3392944335938,0.0729
2,2,157,-47.167701721191406,187.61558532714844,871.2296752929688,0.175
2,2,158,-46.91785430908203,187.87103271484375,873.1983032226562,0.2343
2,2,159,-46.137184143066406,188.06370544433594,875.0287475585938,0.3665
2,2,160,-45.159000396728516,187.98851013183594,876.770751953125,0.5168
2,2,161,-44.42817687988281,187.38514709472656,878.6221923828125,0.4939
2,2,162,-44.12800979614258,186.8201904296875,880.5875244140625,0.2978
2,2,163,-44.24177169799805,186.83872985839844,882.5758666992188,0.169
2,2,164,-45.01520919799805,187.64193725585938,884.39453125,0.0182
2,2,165,-46.33140563964844,188.69866943359375,885.8861694335938,0.2862
2,2,166,-47.7119140625,189.764404296875,887.332275390625,0.2614
2,2,167,-49.04369354248047,190.40859985351562,888.8229370117188,0.4692
2,2,168,-50.50303268432617,191.10704040527344,890.1824340820312,0.4384
2,2,169,-52.234901428222656,192.13525390625,891.1261596679688,0.5182
2,2,170,-54.177101135253906,193.3670196533203,891.3882446289062,0.4816
2,2,171,-56.05126953125,194.515625,890.837158203125,0.3405
2,2,172,-57.47944259643555,195.3945770263672,889.5130004882812,0.3304
2,2,173,-58.26442337036133,195.50624084472656,887.7101440429688,0.3519
2,2,174,-58.609283447265625,195.37832641601562,885.7476196289062,0.386
2,2,175,-58.89091110229492,195.11424255371094,883.7703247070312,0.2905
2,2,176,-59.38360595703125,195.16314697265625,881.8394165039062,0.3425
2,2,177,-60.1264762878418,195.6297149658203,879.9847412109375,0.2536
2,2,178,-60.89573287963867,196.1480255126953,878.147705078125,0.1831
2,2,179,-61.13553237915039,196.35931396484375,876.2013549804688,0.1286
2,2,180,-60.46196746826172,195.34646606445312,874.3562622070312,0.3693
2,2,181,-59.08974838256836,194.0170440673828,872.9476318359375,0.3683
2,2,182,-57.28290939331055,192.85433959960938,872.144287109375,0.1233
2,2,183,-55.3549919128418,191.7755126953125,871.6324462890625,0.1256
2,2,184,-53.58841323852539,191.07626342773438,870.7439575195312,0.1605
2,2,185,-52.27875518798828,190.39100646972656,869.2913208007812,0.1812
2,2,186,-51.44215774536133,189.834228515625,867.4816284179688,0.3227
2,2,187,-50.430789947509766,189.3336181640625,865.7901000976562,0.3166
2,2,188,-48.98808288574219,188.82723999023438,864.4456787109375,0.3096
2,2,189,-47.218326568603516,188.27276611328125,863.5501098632812,0.2098
2,2,190,-45.257164001464844,187.60317993164062,863.1629028320312,0.2862
2,2,191,-43.31583023071289,187.04598999023438,862.6851806640625,0.2618
2,2,192,-41.52100372314453,186.65115356445312,861.8065185546875,0.2087
2,2,193,-39.96978759765625,186.34140014648438,860.560791015625,0.1614
2,2,194,-38.87443923950195,186.32884216308594,858.9313354492188,0.1092
2,2,195,-38.53607177734375,186.6181640625,857.04296875,0.223
2,2,196,-38.94833755493164,187.24427795410156,855.119384765625,0.3173
2,2,197,-40.00366973876953,188.17678833007812,853.42138671875,0.2432
2,2,198,-41.44248962402344,189.9346923828125,852.0480346679688,0.1692
2,2,199,-43.11880111694336,191.56675720214844,851.00048828125,0.1886
2,2,200,-44.978485107421875,192.68663024902344,850.279296875,0.175
2,2,201,-46.91744613647461,193.5674591064453,849.85400390625,0.1623
2,2,202,-48.903079986572266,194.427734375,849.9451293945312,0.2471
2,2,203,-50.73459243774414,195.0514373779297,850.7385864257812,0.405
2,2,204,-52.41229248046875,195.50868225097656,851.8245239257812,0.5194
2,2,205,-54.00803756713867,195.70115661621094,853.0285034179688,0.5643
2,2,206,-55.553680419921875,195.904296875,854.2964477539062,0.5941
2,2,207,-57.07301330566406,195.92262268066406,855.595947265625,0.4266
2,2,208,-58.59969711303711,195.87918090820312,856.8865356445312,0.3144
2,2,209,-60.171607971191406,196.0189971923828,858.12109375,0.1785
2,2,210,-61.818511962890625,196.2513427734375,859.2529907226562,0.281
2,2,211,-63.54987335205078,196.69070434570312,860.2506713867188,0.2694
2,2,212,-65.35498046875,197.06387329101562,861.1087036132812,0.2555
2,2,213,-67.2021255493164,197.76971435546875,861.8733520507812,0.1408
2,2,214,-69.01065826416016,198.32907104492188,862.719482421875,0.0557
2,2,215,-70.60265350341797,198.85626220703125,863.8950805664062,0.1027
2,2,216,-71.5788345336914,198.8142547607422,865.620849609375,0.0966
2,2,217,-71.6952133178711,198.35182189941406,867.5910034179688,0.091
2,2,218,-70.7630386352539,197.97735595703125,869.3538818359375,0.1824
2,2,219,-69.27041625976562,197.94985961914062,870.6838989257812,0.1299
2,2,220,-67.86228942871094,197.9079132080078,872.1025390625,0.215
2,2,221,-66.83866119384766,197.8764190673828,873.8012084960938,0.2574
2,2,222,-66.5841293334961,198.02163696289062,875.7454833984375,0.4009
2,2,223,-66.30056762695312,198.38412475585938,877.7183227539062,0.313
2,2,224,-65.50221252441406,198.38941955566406,879.532958984375,0.3
2,2,225,-64.52526092529297,198.2187957763672,881.277099609375,0.3334
2,2,226,-63.6711540222168,198.13307189941406,883.08349609375,0.4094
2,2,227,-63.15099334716797,198.0828399658203,885.0086669921875,0.459
2,2,228,-62.77178955078125,198.11619567871094,886.9712524414062,0.389
2,2,229,-62.60938262939453,197.90380859375,888.9606323242188,0.3131
2,2,230,-62.854331970214844,197.67864990234375,890.9293212890625,0.3702
2,2,231,-63.68402099609375,197.53829956054688,892.7108154296875,0.4802
2,2,232,-65.07870483398438,197.59487915039062,894.0952758789062,0.6386
2,2,233,-66.85670471191406,197.93370056152344,894.9386596679688,0.6465
2,2,234,-68.81119537353516,198.42445373535156,895.130126953125,0.6109
2,2,235,-70.68338775634766,198.96205139160156,894.5648803710938,0.49
2,2,236,-72.19373321533203,199.44566345214844,893.3052978515625,0.5014
2,2,237,-73.3183364868164,199.9776611328125,891.6575317382812,0.3052
2,2,238,-74.31055450439453,200.50106811523438,889.9246215820312,0.2245
2,2,239,-75.51441192626953,200.8406219482422,888.3352661132812,0.1638
2,2,240,-77.1036148071289,200.8946990966797,887.1255493164062,0.0762
2,2,241,-78.989501953125,200.8631134033203,886.4620361328125,0.1745
2,2,242,-80.98721313476562,200.32608032226562,886.4725952148438,0.2182
2,2,243,-82.91047668457031,199.6510467529297,887.0010375976562,0.1177
2,2,244,-84.75406646728516,198.67919921875,887.7678833007812,0.272
2,2,245,-86.64075469970703,197.67352294921875,888.4180297851562,0.5314
2,2,246,-88.60086822509766,197.04013061523438,888.6604614257812,0.6305
2,2,247,-90.42141723632812,196.6373291015625,888.0624389648438,0.585
2,2,248,-91.3570785522461,197.05712890625,886.4336547851562,0.5507
2,2,249,-90.29602813720703,197.66299438476562,884.865478515625,0.4052
2,2,250,-87.31723022460938,198.37542724609375,884.6664428710938,0.3882
2,2,251,-86.35611724853516,199.2796630859375,882.3002319335938,0.1736
2,2,252,-88.04043579101562,199.70652770996094,879.436279296875,0.0469
2,2,253,-87.65592193603516,200.22816467285156,877.4749145507812,0.1722
2,2,254,-87.06267547607422,200.8812255859375,875.5875244140625,0.3046
2,2,255,-86.0391845703125,201.41290283203125,873.8701171875,0.3031
2,2,256,-84.40052032470703,201.72982788085938,872.7274780273438,0.2503
2,2,257,-82.4825439453125,201.74192810058594,872.839599609375,0.1598
2,2,258,-81.6308364868164,201.7144012451172,874.5950927734375,0.1828
2,2,259,-81.46112060546875,201.54270935058594,876.5709838867188,0.254
2,2,260,-81.09609985351562,201.5161895751953,878.5193481445312,0.2046
2,2,261,-80.23847198486328,201.67718505859375,880.248291015625,0.1593
2,2,262,-78.65943145751953,201.76876831054688,881.4537963867188,0.1348
2,2,263,-76.71246337890625,201.65431213378906,881.9078369140625,0.067
2,2,264,-74.847412109375,201.0551300048828,881.3028564453125,0.1889
2,2,265,-73.610107421875,200.3513641357422,879.7786254882812,0.1591
2,2,266,-73.62857055664062,200.03878784179688,877.807373046875,0.1983
2,2,267,-73.9423599243164,199.80799865722656,875.8363037109375,0.4447
2,2,268,-74.54136657714844,199.83509826660156,873.9425048828125,0.5686
2,2,269,-75.35482025146484,199.66236877441406,872.1161499023438,0.4059
2,2,270,-76.17744445800781,199.71791076660156,870.2940063476562,0.2099
2,2,271,-77.19808197021484,200.0115203857422,868.5753784179688,0.0411
2,2,272,-78.48340606689453,200.58326721191406,867.0573120117188,0.2368
2,2,273,-80.24124145507812,201.11929321289062,866.2537231445312,0.2986
2,2,274,-82.20439147949219,201.69143676757812,866.505615234375,0.4151
2,2,275,-84.03627014160156,201.8925323486328,867.3038330078125,0.605
2,2,276,-85.73423767089844,202.43844604492188,868.3582763671875,0.5809
2,2,277,-87.30500030517578,202.60386657714844,869.5947265625,0.5907
2,2,278,-88.76163482666016,202.63682556152344,870.964111328125,0.5274
2,2,279,-90.11978912353516,202.84677124023438,872.4312744140625,0.4604
2,2,280,-91.3848648071289,202.7801055908203,873.9791870117188,0.3047
2,2,281,-92.5323257446289,201.94140625,875.6162109375,0.1908
2,2,282,-93.53005981445312,200.78089904785156,877.3484497070312,0.2779
2,2,283,-94.40970611572266,199.85951232910156,879.1419677734375,0.1893
2,2,284,-95.63369750976562,199.4237518310547,880.7227172851562,0.1103
2,2,285,-96.93863677978516,199.1067352294922,882.2372436523438,0.1732
2,2,286,-98.4028549194336,199.05384826660156,883.598388671875,0.3282
2,2,287,-99.74476623535156,198.95643615722656,885.063232421875,0.4062
2,2,288,-100.5713882446289,198.73809814453125,886.8756103515625,0.3794
2,2,289,-100.97047424316406,198.37159729003906,888.8301391601562,0.3171
2,2,290,-101.00940704345703,198.12582397460938,890.8265380859375,0.3428
2,2,291,-100.754638671875,197.62815856933594,892.80810546875,0.3002
2,2,292,-100.26010131835938,197.26527404785156,894.7444458007812,0.3048
2,2,293,-99.55875396728516,196.9575958251953,896.6166381835938,0.2355
2,2,294,-98.6356430053711,196.70053100585938,898.3900146484375,0.1451
2,2,295,-97.43789672851562,196.68515014648438,899.9884033203125,0.0623
2,2,296,-95.80307006835938,196.89938354492188,901.117431640625,0.1787
2,2,297,-93.90594482421875,197.24322509765625,901.72607421875,0.2908
2,2,298,-91.9142837524414,197.2871856689453,901.6997680664062,0.301
2,2,299,-90.09680938720703,197.38536071777344,900.8973999023438,0.1394
2,2,300,-88.72969055175781,197.67739868164062,899.4596557617188,0.1649
2,2,301,-87.89230346679688,198.1245574951172,897.6625366210938,0.2261
2,2,302,-87.46685791015625,198.1908416748047,895.718994140625,0.2404
2,2,303,-86.82462310791016,198.28671264648438,893.8367919921875,0.1981
2,2,304,-85.40625762939453,198.73715209960938,892.4839477539062,0.1875
2,2,305,-83.56975555419922,199.2801971435547,891.7308349609375,0.0677
2,2,306,-81.60196685791016,199.8776397705078,891.451416015625,0.2245
2,2,307,-79.66142272949219,200.0153045654297,891.78369140625,0.2021
2,2,308,-77.97947692871094,200.00479125976562,892.7882080078125,0.2289
2,2,309,-76.78364562988281,199.96246337890625,894.3416748046875,0.3215
2,2,310,-76.30228424072266,199.8281707763672,896.2302856445312,0.4045
2,2,311,-76.75891876220703,199.3107147216797,898.1088256835938,0.4649
2,2,312,-78.0553207397461,198.9995574951172,899.567138671875,0.3702
2,2,313,-79.80169677734375,198.34957885742188,900.4970703125,0.2595
2,2,314,-81.71080017089844,197.75299072265625,901.080078125,0.2912
2,2,315,-83.55693054199219,197.34890747070312,901.804931640625,0.2268
2,2,316,-85.25444793701172,197.15057373046875,902.8532104492188,0.1184
2,2,317,-86.7074966430664,196.6153564453125,904.1929931640625,0.1577
2,2,318,-87.6771011352539,196.42181396484375,905.9071044921875,0.2839
2,2,319,-88.07697296142578,196.3713836669922,907.850830078125,0.2299
2,2,320,-87.98814392089844,196.04205322265625,909.8353271484375,0.2374
2,2,321,-87.34247589111328,195.36863708496094,911.7274780273438,0.32
2,2,322,-86.09407043457031,194.61997985839844,913.2875366210938,0.3564
2,2,323,-84.38349151611328,194.0075225830078,914.280029296875,0.338
2,2,324,-82.43722534179688,193.58514404296875,914.5660400390625,0.2305
2,2,325,-80.47796630859375,193.6669921875,914.2781372070312,0.1481
2,2,326,-78.64290618896484,194.05966186523438,913.5275268554688,0.113
2,2,327,-77.0230484008789,194.5879669189453,912.3814086914062,0.0833
2,2,328,-75.61051177978516,195.12477111816406,910.969970703125,0.1394
2,2,329,-74.22769165039062,195.80099487304688,909.5357055664062,0.1623
2,2,330,-72.56898498535156,196.0487518310547,908.4724731445312,0.2652
2,2,331,-70.64139556884766,195.79019165039062,908.3129272460938,0.2537
2,2,332,-69.09523010253906,194.95046997070312,909.4047241210938,0.1545
2,2,333,-68.82498931884766,194.23886108398438,911.2730712890625,0.2215
2,2,334,-69.88302612304688,193.7089385986328,912.9049072265625,0.2746
2,2,335,-71.51660919189453,193.43939208984375,914.0361938476562,0.2677
2,2,336,-73.1915054321289,193.0782928466797,915.1276245117188,0.1661
2,2,337,-74.74173736572266,192.4132537841797,916.382080078125,0.1793
2,2,338,-76.05631256103516,191.7862091064453,917.8709106445312,0.1948
2,2,339,-76.98812866210938,190.988037109375,919.6123046875,0.1943
2,2,340,-77.3621597290039,190.10943603515625,921.547607421875,0.1851
2,2,341,-77.06219482421875,188.98239135742188,923.5066528320312,0.2453
2,2,342,-76.09797668457031,187.71160888671875,925.2579345703125,0.133
2,2,343,-74.70464324951172,186.56549072265625,926.688232421875,0.0502
2,2,344,-73.07791900634766,185.24835205078125,927.8384399414062,0.1948
2,2,345,-71.46654510498047,183.96664428710938,929.0202026367188,0.1828
2,2,346,-69.90172576904297,182.83045959472656,930.2643432617188,0.0517
2,2,347,-68.30341339111328,181.76904296875,931.4649658203125,0.1383
2,2,348,-66.60557556152344,180.7290802001953,932.5188598632812,0.0979
2,2,349,-64.78988647460938,179.67453002929688,933.3507690429688,0.219
2,2,350,-62.866485595703125,178.92898559570312,933.8807373046875,0.2903
2,2,351,-60.878150939941406,178.67767333984375,933.9398803710938,0.196
2,2,352,-59.133056640625,178.99156188964844,933.0676879882812,0.105
2,2,353,-58.497718811035156,179.9668426513672,931.1813354492188,0.0809
2,2,354,-58.92383575439453,181.02215576171875,929.22802734375,0.2905
2,2,355,-59.84916305541992,181.7872314453125,927.4635009765625,0.5138
2,2,356,-60.4175910949707,182.4212188720703,925.5564575195312,0.5444
2,2,357,-60.25028610229492,183.39779663085938,923.6150512695312,0.3686
2,2,358,-59.30342102050781,184.40554809570312,921.924072265625,0.24
2,2,359,-57.779075622558594,185.06967163085938,920.6865234375,0.1402
2,2,360,-55.933738708496094,185.36148071289062,919.9774780273438,0.0651
2,2,361,-53.94740295410156,185.07989501953125,919.8572387695312,0.0986
2,2,362,-52.03470993041992,184.63943481445312,920.4390258789062,0.1327
2,2,363,-50.501068115234375,183.64306640625,921.7086181640625,0.2047
2,2,364,-49.60475158691406,182.44955444335938,923.4681396484375,0.2213
2,2,365,-49.3758544921875,181.40708923339844,925.4278564453125,0.2379
2,2,366,-49.726863861083984,180.53713989257812,927.3751831054688,0.2148
2,2,367,-50.062225341796875,179.4782257080078,929.340087890625,0.1857
2,2,368,-49.78910446166992,178.17745971679688,931.28662109375,0.1371
2,2,369,-48.599342346191406,176.88394165039062,932.8239135742188,0.231
2,2,370,-46.772979736328125,175.90013122558594,933.5776977539062,0.2729
2,2,371,-44.7812385559082,175.33766174316406,933.6677856445312,0.3967
2,2,372,-42.81086730957031,174.99578857421875,933.34033203125,0.3428
2,2,373,-40.899654388427734,174.86135864257812,932.7568359375,0.3041
2,2,374,-39.047523498535156,174.75340270996094,932.0059204101562,0.337
2,2,375,-37.25101089477539,174.7135772705078,931.129638671875,0.2695
2,2,376,-35.516693115234375,174.6658935546875,930.1362915039062,0.2589
2,2,377,-33.86663818359375,174.97128295898438,929.0088500976562,0.2998
2,2,378,-32.34323501586914,175.57948303222656,927.7168579101562,0.3222
2,2,379,-31.016939163208008,176.3923797607422,926.2252197265625,0.1675
2,2,380,-30.009336471557617,177.25662231445312,924.5064086914062,0.1144
2,2,381,-29.542999267578125,178.40426635742188,922.57568359375,0.121
2,2,382,-29.940271377563477,179.69395446777344,920.6344604492188,0.3601
2,2,383,-31.185020446777344,180.86062622070312,919.0851440429688,0.3698
2,2,384,-32.90583419799805,181.7691192626953,918.0795288085938,0.3485
2,2,385,-34.85601806640625,182.42498779296875,917.669921875,0.3045
2,2,386,-36.84406280517578,182.65724182128906,917.8150634765625,0.3263
2,2,387,-38.84123611450195,182.85452270507812,917.8939208984375,0.1013
2,2,388,-40.79987335205078,183.30152893066406,917.5691528320312,0.1271
2,2,389,-42.528568267822266,183.95404052734375,916.6395874023438,0.0739
2,2,390,-43.711063385009766,184.6549072265625,915.0902709960938,0.0661
2,2,391,-44.06711959838867,185.118896484375,913.1769409179688,0.1789
2,2,392,-43.5224609375,185.5860595703125,911.3054809570312,0.1159
2,2,393,-42.25986099243164,185.989013671875,909.8048095703125,0.0606
2,2,394,-40.59244918823242,186.34767150878906,908.7322998046875,0.0694
2,2,395,-38.77509307861328,186.461669921875,907.9005737304688,0.2049
2,2,396,-37.04344940185547,186.40342712402344,906.9370727539062,0.2623
2,2,397,-35.65404510498047,186.42637634277344,905.5322265625,0.2596
2,2,398,-34.78462219238281,186.61203002929688,903.7631225585938,0.2193
2,2,399,-34.6193962097168,186.71224975585938,901.8099365234375,0.1859
2,2,400,-35.35112380981445,186.8103485107422,900.0181884765625,0.0799
2,2,401,-36.87472915649414,186.8666534423828,898.799560546875,0.0194
2,2,402,-38.759761810302734,187.22265625,898.1930541992188,0.1489
2,2,403,-40.74346923828125,187.70396423339844,897.9560546875,0.312
2,2,404,-42.72425842285156,188.09291076660156,897.751220703125,0.3976
2,2,405,-44.585994720458984,188.6602020263672,897.0790405273438,0.579
2,2,406,-45.977352142333984,188.90013122558594,895.6934204101562,0.5403
2,2,407,-46.45153045654297,189.04237365722656,893.8021240234375,0.6721
2,2,408,-45.94113540649414,189.34622192382812,891.9009399414062,0.4578
2,2,409,-44.79622268676758,189.1095733642578,890.2770385742188,0.2735
2,2,410,-43.32005310058594,188.63076782226562,888.9290161132812,0.1612
2,2,411,-41.80232238769531,187.94175720214844,887.6282348632812,0.0509
2,2,412,-40.589454650878906,187.15066528320312,886.0390014648438,0.1757
2,2,413,-39.8857536315918,186.3385467529297,884.1727294921875,0.2602
2,2,414,-39.689884185791016,185.7300567626953,882.1904907226562,0.276
2,2,415,-39.76851272583008,185.44297790527344,880.1956787109375,0.3907
2,2,416,-39.683982849121094,185.3365020751953,878.203125,0.4405
2,2,417,-38.858665466308594,185.41152954101562,876.4354248046875,0.4878
2,2,418,-37.0955924987793,185.04226684570312,875.601318359375,0.4847
2,2,419,-35.10267639160156,184.50392150878906,875.6937255859375,0.4331
2,2,420,-33.13684844970703,183.83116149902344,876.05224609375,0.2144
2,2,421,-31.14373016357422,183.2348175048828,876.1519165039062,0.1553
2,2,422,-29.210941314697266,182.76821899414062,875.7158813476562,0.0877
2,2,423,-27.519277572631836,182.37393188476562,874.691162109375,0.1329
2,2,424,-26.101421356201172,182.08206176757812,873.29443359375,0.2617
2,2,425,-24.710039138793945,182.05136108398438,871.8599853515625,0.3695
2,2,426,-23.160837173461914,182.0443572998047,870.6087646484375,0.3958
2,2,427,-21.348464965820312,181.99530029296875,869.8585815429688,0.3509
2,2,428,-19.395360946655273,181.7993927001953,869.92724609375,0.2965
2,2,429,-17.591150283813477,181.43788146972656,870.7260131835938,0.1764
2,2,430,-15.979975700378418,181.027587890625,871.9015502929688,0.1975
2,2,431,-14.572142601013184,181.063720703125,873.3095092773438,0.2293
2,2,432,-13.308992385864258,181.4816131591797,874.85888671875,0.3113
2,2,433,-12.084787368774414,182.2049102783203,876.4392700195312,0.2462
2,2,434,-10.935511589050293,182.72691345214844,878.0728759765625,0.3111
2,2,435,-9.757925987243652,182.91297912597656,879.6802978515625,0.1952
2,2,436,-8.286231994628906,182.9402618408203,881.0103759765625,0.2059
2,2,437,-6.551313877105713,182.8949432373047,881.9871826171875,0.2221
2,2,438,-4.739501476287842,182.7954559326172,882.8308715820312,0.1511
2,2,439,-2.958038806915283,182.24459838867188,883.7383422851562,0.1209
2,2,440,-1.2300828695297241,181.94139099121094,884.7357177734375,0.1392
2,2,441,0.32970133423805237,181.3568878173828,885.9699096679688,0.1601
2,2,442,1.5611246824264526,181.06214904785156,887.52734375,0.1461
2,2,443,2.30741548538208,181.0458526611328,889.3751831054688,0.2075
2,2,444,2.5910937786102295,180.99354553222656,891.353759765625,0.1501
2,2,445,-0.4963652789592743,180.9144744873047,892.8009643554688,0.4857
2,2,446,0.07099124044179916,180.4495391845703,894.4925537109375,0.4955
2,2,447,1.5513821840286255,180.0867156982422,897.5156860351562,0.6068
2,2,448,1.1716313362121582,179.53404235839844,900.66650390625,0.6571
2,2,449,-1.205675721168518,179.98948669433594,901.32177734375,0.6357
2,2,450,-4.289079666137695,180.70591735839844,899.8790893554688,0.6221
2,2,451,-7.415585041046143,181.16851806640625,899.2398071289062,0.6399
2,2,452,-8.964479446411133,180.9324493408203,900.9967651367188,0.7219
2,2,453,-8.461392402648926,180.23928833007812,904.2651977539062,0.5431
2,2,454,-9.909521102905273,180.274169921875,905.6171875,0.4248
2,2,455,-11.703301429748535,180.47012329101562,906.3839111328125,0.3811
2,2,456,-13.63901138305664,180.82656860351562,906.2083740234375,0.3604
2,2,457,-15.311675071716309,181.27993774414062,905.1884765625,0.292
2,2,458,-16.574060440063477,181.67337036132812,903.66162109375,0.1665
2,2,459,-17.534353256225586,182.1428985595703,901.9103393554688,0.1866
2,2,460,-18.45399284362793,182.7280731201172,900.1428833007812,0.2566
2,2,461,-19.71295928955078,183.4002227783203,898.6077270507812,0.3671
2,2,462,-21.392841339111328,184.07273864746094,897.5438232421875,0.4185
2,2,463,-23.33365249633789,184.7334747314453,897.079833984375,0.4739
2,2,464,-25.325674057006836,185.29815673828125,897.2498168945312,0.518
2,2,465,-27.167987823486328,185.64613342285156,898.0150146484375,0.3058
2,2,466,-28.69415855407715,185.92979431152344,899.2891235351562,0.2029
2,2,467,-29.785335540771484,185.9128875732422,900.9468994140625,0.0725
2,2,468,-30.481550216674805,185.84600830078125,902.8109130859375,0.1049
2,2,469,-31.049341201782227,185.6022491455078,904.7276611328125,0.2455
2,2,470,-31.733530044555664,185.26856994628906,906.6026000976562,0.3356
2,2,471,-32.45482635498047,185.039306640625,908.4661865234375,0.3669
2,2,472,-32.84075164794922,184.5819091796875,910.404541015625,0.2993
2,2,473,-32.489959716796875,183.95408630371094,912.3259887695312,0.1534
2,2,474,-31.39264678955078,182.93089294433594,913.958251953125,0.1885
2,2,475,-29.926345825195312,182.055419921875,915.310546875,0.1938
2,2,476,-28.40948486328125,181.13674926757812,916.6112670898438,0.2289
2,2,477,-26.9876766204834,180.34368896484375,918.0140380859375,0.2452
2,2,478,-25.656558990478516,179.20042419433594,919.505615234375,0.1305
2,2,479,-24.25502586364746,177.80459594726562,920.9148559570312,0.2007
2,2,480,-22.54971694946289,176.5341796875,921.9528198242188,0.2238
2,2,481,-20.739206314086914,175.31622314453125,922.7979736328125,0.1186
2,2,482,-18.868478775024414,174.31285095214844,923.4989624023438,0.2091
2,2,483,-16.94572639465332,173.27450561523438,924.0397338867188,0.3136
2,2,484,-14.980738639831543,172.6241455078125,924.3936157226562,0.4914
2,2,485,-12.989583969116211,172.26712036132812,924.5239868164062,0.376
2,2,486,-11.005620956420898,172.08595275878906,924.3553466796875,0.2951
2,2,487,-9.129463195800781,171.86827087402344,923.7297973632812,0.1481
2,2,488,-7.60308837890625,171.78099060058594,922.49853515625,0.0879
2,2,489,-6.662280559539795,172.0955352783203,920.7674560546875,0.1237
2,2,490,-6.161131858825684,173.05743408203125,918.8363647460938,0.2775
2,2,491,-5.543915271759033,174.19187927246094,916.9461669921875,0.245
2,2,492,-4.751896381378174,175.33273315429688,915.110595703125,0.2112
2,2,493,-6.411986827850342,177.33509826660156,912.9945678710938,0.1873
2,2,494,-3.8562300205230713,177.2515106201172,911.1741333007812,0.4651
2,2,495,-2.0341906547546387,177.5360870361328,909.0134887695312,0.3852
2,2,496,-2.3311564922332764,178.0731201171875,907.8065795898438,0.5068
2,2,497,-4.106931686401367,179.3013153076172,905.45947265625,0.6004
2,2,498,-4.279260635375977,180.42710876464844,902.0430297851562,0.7403
2,2,499,-1.9820610284805298,180.16409301757812,900.5895385742188,0.6045
2,2,500,0.9247549176216125,179.12307739257812,902.226318359375,0.6634
2,2,501,2.146716356277466,177.7661590576172,905.0106811523438,0.4768
2,2,502,2.820449113845825,177.036865234375,906.0458984375,0.3752
2,2,503,5.393038272857666,176.1717987060547,905.7644653320312,0.1822
2,2,504,8.819110870361328,174.35939025878906,905.6705932617188,0.145
2,2,505,10.8565034866333,172.58030700683594,906.9666137695312,0.3727
2,2,506,10.311768531799316,171.1024932861328,909.8060913085938,0.1678
2,2,507,8.272871017456055,170.74618530273438,912.50390625,0.1581
2,2,508,7.1514458656311035,170.89723205566406,913.3816528320312,0.1306
2,2,509,8.179935455322266,170.13771057128906,914.430419921875,0.0847
2,2,510,7.297122955322266,169.36544799804688,917.4929809570312,0.2813
2,2,511,4.679902076721191,169.64706420898438,918.6438598632812,0.2378
2,2,512,3.4031078815460205,170.68856811523438,917.1705322265625,0.0901
2,2,513,1.1285043954849243,172.78465270996094,914.8439331054688,0.448
2,2,514,-2.2098350524902344,174.00393676757812,915.3093872070312,0.3007
2,2,515,-2.8931572437286377,172.24478149414062,918.331787109375,0.1837
2,2,516,-0.22804029285907745,170.17567443847656,920.6956176757812,0.1159
2,2,517,2.2975964546203613,169.3911895751953,920.894775390625,0.2689
2,2,518,2.864392042160034,168.88270568847656,921.7455444335938,0.435
2,2,519,3.427973985671997,168.10537719726562,924.6851196289062,0.3903
2,2,520,5.2894673347473145,167.38986206054688,927.4246826171875,0.5508
2,2,521,7.676389694213867,167.2721710205078,927.4600830078125,0.3487
2,2,522,9.469303131103516,167.40528869628906,924.7713012695312,0.2132
2,2,523,10.224596977233887,168.1470947265625,921.6608276367188,0.2424
2,2,524,11.44882869720459,168.38018798828125,920.3323974609375,0.1849
2,2,525,14.231389999389648,168.1774444580078,921.0345458984375,0.2278
2,2,526,17.416629791259766,167.67657470703125,922.298095703125,0.1967
2,2,527,19.60944366455078,167.44586181640625,921.96923828125,0.4071
2,2,528,20.332067489624023,167.5751953125,919.3048706054688,0.1848
2,2,529,19.987791061401367,167.5779571533203,915.9425048828125,0.3064
2,2,530,19.585494995117188,167.9272003173828,914.5509643554688,0.3752
2,2,531,20.995826721191406,167.80174255371094,913.9788208007812,0.3608
2,2,532,22.722942352294922,168.69476318359375,911.1284790039062,0.4041
2,2,533,22.216232299804688,170.37074279785156,908.2720947265625,0.2805
2,2,534,19.771493911743164,170.7735137939453,907.7842407226562,0.5426
2,2,535,16.543508529663086,170.32632446289062,908.9383544921875,0.3951
2,2,536,14.061586380004883,170.20237731933594,909.8994750976562,0.2544
2,2,537,12.407540321350098,171.2223663330078,908.4318237304688,0.3113
2,2,538,12.003891944885254,173.55224609375,904.9660034179688,0.4617
2,2,539,11.920851707458496,175.52938842773438,902.2470092773438,0.3552
2,2,540,10.881471633911133,176.20460510253906,901.540771484375,0.2604
2,2,541,7.924285888671875,177.5116729736328,900.967041015625,0.221
2,2,542,5.648279666900635,179.0324249267578,898.3212890625,0.2557
2,2,543,6.868762016296387,179.34848022460938,895.5955810546875,0.1227
2,2,544,10.315722465515137,178.53717041015625,895.5516967773438,0.2368
2,2,545,12.885403633117676,177.6455078125,897.2703247070312,0.1251
2,2,546,14.024962425231934,177.43942260742188,897.6410522460938,0.1206
2,2,547,15.869062423706055,178.2996063232422,895.9654541015625,0.1735
2,2,548,19.288530349731445,178.58995056152344,895.1167602539062,0.2938
2,2,549,21.477924346923828,177.5603790283203,897.0485229492188,0.3237
2,2,550,20.34724235534668,176.29837036132812,899.8492431640625,0.2857
2,2,551,18.04343605041504,174.226806640625,902.6174926757812,0.3719
2,2,552,18.0130615234375,172.30552673339844,905.4796752929688,0.4454
2,2,553,20.833724975585938,171.77630615234375,906.4620361328125,0.3066
2,2,554,24.022945404052734,172.55186462402344,905.2054443359375,0.2122
2,2,555,25.464773178100586,173.39736938476562,903.93505859375,0.1907
2,2,556,26.762889862060547,172.37493896484375,904.8369140625,0.2152
2,2,557,29.62387466430664,170.26809692382812,906.5999145507812,0.2101
2,2,558,32.641963958740234,169.1387939453125,906.7353515625,0.2133
2,2,559,33.742984771728516,170.9063262939453,904.4939575195312,0.1467
2,2,560,32.75869369506836,173.99783325195312,901.1801147460938,0.1006
2,2,561,31.723344802856445,175.51800537109375,898.5106811523438,0.1376
2,2,562,32.75331497192383,175.88880920410156,897.041015625,0.1444
2,2,563,35.82049560546875,175.75872802734375,896.0742797851562,0.1676
2,2,564,38.71451187133789,175.95460510253906,894.6790161132812,0.2383
2,2,565,39.17967224121094,176.81211853027344,892.5741577148438,0.1682
2,2,566,37.09502029418945,177.6100311279297,890.182373046875,0.1377
2,2,567,34.61223220825195,178.29049682617188,888.0823364257812,0.3233
2,2,568,34.14897918701172,178.5802001953125,886.3692626953125,0.5786
2,2,569,36.03638458251953,178.1982879638672,884.361083984375,0.3318
2,2,570,35.97239685058594,178.1387176513672,882.3421630859375,0.2581
2,2,571,34.478694915771484,178.39297485351562,881.0806884765625,0.4705
2,2,572,32.48792266845703,178.74464416503906,880.8948364257812,0.5743
2,2,573,30.514211654663086,178.6055145263672,880.5772094726562,0.5155
2,2,574,28.548891067504883,178.3576202392578,880.2112426757812,0.3382
2,2,575,26.633636474609375,178.3760223388672,880.6632690429688,0.3912
2,2,576,25.438709259033203,178.93238830566406,882.2616577148438,0.2136
2,2,577,24.528684616088867,179.0596923828125,884.04150390625,0.1118
2,2,578,21.99700355529785,179.09288024902344,884.3314208984375,0.1398
2,2,579,22.272672653198242,179.10626220703125,887.73046875,0.25
2,2,580,20.498708724975586,179.11849975585938,890.5224609375,0.2251
2,2,581,17.10584259033203,179.7015380859375,889.5565795898438,0.1401
2,2,582,17.302501678466797,180.01332092285156,886.0364990234375,0.4041
2,2,583,19.640762329101562,179.44393920898438,885.2928466796875,0.1364
2,2,584,18.143512725830078,179.59832763671875,882.6043701171875,0.3323
2,2,585,19.560884475708008,179.209228515625,881.1958618164062,0.1867
2,2,586,20.8282413482666,179.1002655029297,879.6525268554688,0.261
2,2,587,21.74755096435547,179.03111267089844,877.9037475585938,0.2748
2,2,588,21.66769790649414,178.96746826171875,875.9386596679688,0.3558
2,2,589,20.79184913635254,179.05735778808594,874.1435546875,0.1941
2,2,590,19.699445724487305,179.31277465820312,872.4769897460938,0.1122
2,2,591,18.245145797729492,179.69471740722656,871.1091918945312,0.253
2,2,592,16.505279541015625,179.9818878173828,870.1243286132812,0.3195
2,2,593,14.661001205444336,180.1633758544922,869.3540649414062,0.2874
2,2,594,12.699991226196289,180.32968139648438,868.9986572265625,0.1697
2,2,595,10.77861499786377,180.7029266357422,869.4593505859375,0.1719
2,2,596,9.348797798156738,181.54766845703125,870.8309936523438,0.1878
2,2,597,8.676569938659668,181.8286895751953,872.710693359375,0.044
2,2,598,8.473407745361328,181.8448028564453,874.6978759765625,0.2119
2,2,599,8.154304504394531,181.82843017578125,876.6709594726562,0.245
2,2,600,7.458102703094482,181.86117553710938,878.5333251953125,0.3202
2,2,601,6.263532638549805,181.8426055908203,880.10400390625,0.3639
2,2,602,4.598239421844482,181.90159606933594,881.1431884765625,0.2863
2,2,603,2.6632437705993652,181.92861938476562,881.4481201171875,0.1684
2,2,604,0.742556095123291,182.01060485839844,881.0209350585938,0.0843
2,2,605,-1.0295977592468262,182.4180145263672,880.1174926757812,0.0987
2,2,606,-2.6798946857452393,182.73040771484375,878.9912719726562,0.2008
2,2,607,-4.197419166564941,182.83364868164062,877.7001342773438,0.2118
2,2,608,-5.521803855895996,182.8576202392578,876.2056884765625,0.3336
2,2,609,-6.80071496963501,182.85104370117188,874.6737670898438,0.4674
2,2,610,-8.272409439086914,182.809814453125,873.3268432617188,0.421
2,2,611,-9.793095588684082,182.6143341064453,872.035400390625,0.3306
2,2,612,-11.20141315460205,182.29017639160156,870.616455078125,0.4363
2,2,613,-12.648725509643555,182.0773162841797,869.2406616210938,0.464
2,2,614,-14.189102172851562,182.03831481933594,867.966552734375,0.345
2,2,615,-15.738760948181152,182.2216796875,866.7042236328125,0.2836
2,2,616,-17.16312026977539,182.84710693359375,865.3163452148438,0.177
2,2,617,-18.20525360107422,183.62266540527344,863.6235961914062,0.1071
2,2,618,-18.791942596435547,184.32980346679688,861.7196655273438,0.2731
2,2,619,-18.959247589111328,185.00367736816406,859.7308349609375,0.2048
2,2,620,-18.736957550048828,185.44174194335938,857.7447509765625,0.235
2,2,621,-18.11711311340332,185.39791870117188,855.843994140625,0.3295
2,2,622,-17.203569412231445,185.27450561523438,854.0670776367188,0.3169
2,2,623,-16.292625427246094,184.91461181640625,852.2872314453125,0.3981
2,2,624,-15.658016204833984,184.4192352294922,850.3953857421875,0.3213
2,2,625,-15.200350761413574,183.8882293701172,848.4501342773438,0.4355
2,2,626,-14.846333503723145,183.7571258544922,846.4828491210938,0.3773
2,2,627,-14.317411422729492,183.6065216064453,844.5579833984375,0.3166
2,2,628,-13.50478458404541,182.9475860595703,842.7378540039062,0.2518
2,2,629,-12.441686630249023,182.1163787841797,841.0502319335938,0.0878
2,2,630,-11.190701484680176,181.0330352783203,839.4946899414062,0.118
2,2,631,-9.79179573059082,179.5525665283203,838.0701904296875,0.0989
2,2,632,-8.255805969238281,177.9443817138672,836.7960815429688,0.2315
2,2,633,-6.574215888977051,176.46453857421875,835.7254638671875,0.2396
2,2,634,-4.741235733032227,175.2269744873047,834.949951171875,0.3064
2,2,635,-2.7885663509368896,174.2471923828125,834.55859375,0.0993
2,2,636,-0.7903470993041992,173.57020568847656,834.5073852539062,0.202
2,2,637,1.2087137699127197,172.79318237304688,834.5350341796875,0.3062
2,2,638,3.20751953125,171.9442138671875,834.5411987304688,0.1485
2,2,639,5.203417778015137,171.63670349121094,834.6537475585938,0.0902
2,2,640,7.202198028564453,171.5259246826172,834.6918334960938,0.1238
2,2,641,9.19383716583252,171.45030212402344,834.8551635742188,0.2236
2,2,642,11.064104080200195,171.76527404785156,835.5574340820312,0.2053
2,2,643,12.573161125183105,172.462158203125,836.8654174804688,0.1988
2,2,644,13.624171257019043,173.46865844726562,838.5659790039062,0.178
2,2,645,14.544168472290039,174.40960693359375,840.340087890625,0.2136
2,2,646,14.316215515136719,176.03057861328125,844.2005004882812,0.183
2,2,647,17.215330123901367,175.6268310546875,844.50537109375,0.3585
2,2,648,19.905567169189453,174.215576171875,842.17578125,0.2045
2,2,649,22.585399627685547,173.2906494140625,840.6654052734375,0.1477
2,2,650,24.823583602905273,173.31190490722656,842.1148071289062,0.2574
2,2,651,24.74340057373047,174.19989013671875,845.6348876953125,0.3943
2,2,652,23.5012149810791,175.01461791992188,848.41015625,0.3952
2,2,653,24.342430114746094,174.82870483398438,850.1433715820312,0.304
2,2,654,27.400814056396484,174.24671936035156,850.9349365234375,0.2852
2,2,655,30.46748924255371,174.2469940185547,852.2244873046875,0.0672
2,2,656,31.28228187561035,174.36451721191406,854.7632446289062,0.1757
2,2,657,28.577327728271484,174.59487915039062,856.9978637695312,0.0904
2,2,658,25.92618751525879,174.64773559570312,855.6581420898438,0.2965
2,2,659,25.011520385742188,174.85293579101562,854.7844848632812,0.3299
2,2,660,22.623374938964844,175.4213409423828,857.0997924804688,0.3154
2,2,661,20.67269515991211,176.1763458251953,856.6936645507812,0.3315
2,2,662,18.704748153686523,177.08401489257812,856.8260498046875,0.3453
2,2,663,16.926372528076172,177.8904571533203,857.6515502929688,0.3469
2,2,664,15.59400463104248,178.22666931152344,859.0885620117188,0.3566
2,2,665,14.900735855102539,178.0771026611328,860.9203491210938,0.2932
2,2,666,14.990891456604004,178.15028381347656,862.870361328125,0.2695
2,2,667,15.903008460998535,178.64959716796875,864.5932006835938,0.4785
2,2,668,17.403776168823242,178.55197143554688,865.8759765625,0.5314
2,2,669,19.151294708251953,178.30357360839844,866.8430786132812,0.4652
2,2,670,20.89243507385254,178.15579223632812,867.8113403320312,0.2679
2,2,671,22.43694305419922,177.98175048828125,869.0676879882812,0.1369
2,2,672,23.702592849731445,177.7916259765625,870.6077270507812,0.1219
2,2,673,24.81231117248535,177.63893127441406,872.2584838867188,0.2288
2,2,674,26.286657333374023,177.72515869140625,873.58642578125,0.2921
2,2,675,28.079341888427734,177.7737274169922,874.4295654296875,0.363
2,2,676,30.07210350036621,177.87611389160156,874.5879516601562,0.397
2,2,677,32.02043914794922,177.89752197265625,874.1492919921875,0.5511
2,2,678,33.533653259277344,177.5749053955078,872.8927001953125,0.4177
2,2,679,34.4248046875,177.14894104003906,871.1047973632812,0.3021
2,2,680,35.10294723510742,176.80711364746094,869.2240600585938,0.1501
2,2,681,35.751609802246094,176.3034210205078,867.3330078125,0.1545
2,2,682,36.45722198486328,176.17755126953125,865.4627075195312,0.1621
2,2,683,37.253170013427734,176.15963745117188,863.6288452148438,0.1595
2,2,684,38.12702941894531,176.09817504882812,861.8307495117188,0.1437
2,2,685,39.027976989746094,175.9820098876953,860.0460205078125,0.1618
2,2,686,39.86577606201172,175.51815795898438,858.2308349609375,0.3383
2,2,687,40.49773406982422,175.05487060546875,856.3343505859375,0.4803
2,2,688,40.68911361694336,174.36827087402344,854.3477172851562,0.3258
2,2,689,40.00821304321289,174.2040252685547,852.5003662109375,0.1462
2,2,690,38.456668853759766,174.2366485595703,851.29443359375,0.1802
2,2,691,36.527103424072266,174.32821655273438,850.844482421875,0.2288
2,2,692,34.56216812133789,174.3140411376953,850.6130981445312,0.0464
2,2,693,32.87657165527344,174.22689819335938,849.6680908203125,0.1326
2,2,694,29.69444465637207,174.20538330078125,849.3735961914062,0.1982
2,2,695,30.996946334838867,174.00648498535156,846.1898803710938,0.14
2,2,696,32.435611724853516,173.4932098388672,843.929443359375,0.0797
2,2,697,32.25591278076172,173.39366149902344,843.4521484375,0.1684
2,2,698,31.051982879638672,172.80581665039062,841.0584716796875,0.3159
2,2,699,32.7554817199707,172.47067260742188,840.01953125,0.1464
2,2,700,34.504451751708984,171.9793701171875,839.0792236328125,0.1201
2,2,701,35.96028137207031,171.52151489257812,837.7197875976562,0.2911
2,2,702,37.03985595703125,170.91163635253906,836.0369873046875,0.3897
3,3,0,36.67887878417969,173.7701416015625,835.9452514648438,0.3191
3,3,1,37.125244140625,172.96018981933594,833.9966430664062,0.2842
3,3,2,37.13648986816406,172.17953491210938,831.9984130859375,0.1824
3,3,3,36.57117462158203,171.2622528076172,830.084716796875,0.0906
3,3,4,35.49986267089844,170.61097717285156,828.4010620117188,0.1674
3,3,5,33.98550033569336,169.97161865234375,827.103759765625,0.3183
3,3,6,32.11470031738281,169.6528778076172,826.4217529296875,0.5619
3,3,7,30.189064025878906,169.6838836669922,826.802978515625,0.5388
3,3,8,28.938003540039062,170.47535705566406,828.3258056640625,0.5153
3,3,9,28.548152923583984,171.19537353515625,830.2720336914062,0.608
3,3,10,28.867076873779297,172.12254333496094,832.2448120117188,0.516
3,3,11,26.082805633544922,173.31199645996094,833.9249267578125,0.4566
3,3,12,27.618209838867188,173.9527587890625,835.814453125,0.4151
3,3,13,28.878681182861328,175.12496948242188,839.141845703125,0.2838
3,3,14,27.084976196289062,176.00843811035156,841.7368774414062,0.143
3,3,15,24.01241111755371,175.94374084472656,840.6389770507812,0.1113
3,3,16,22.349056243896484,175.41087341308594,837.5930786132812,0.2401
3,3,17,21.544363021850586,174.9519805908203,835.8381958007812,0.2285
3,3,18,19.90615463256836,175.3282928466797,836.333984375,0.1597
3,3,19,16.76309585571289,174.77928161621094,835.4334716796875,0.1141
3,3,20,16.153837203979492,172.35984802246094,832.0482177734375,0.2772
3,3,21,18.628416061401367,171.94570922851562,830.8367919921875,0.1872
3,3,22,22.106388092041016,172.74087524414062,831.2974243164062,0.2461
3,3,23,25.03516387939453,171.7216033935547,829.8622436523438,0.4429
3,3,24,22.517024993896484,169.8336181640625,827.1013793945312,0.1634
3,3,25,22.507434844970703,168.07078552246094,825.1090087890625,0.2466
3,3,26,22.86627197265625,166.1910400390625,823.1548461914062,0.0886
3,3,27,23.547504425048828,164.4821319580078,821.28369140625,0.0864
3,3,28,23.735185623168945,162.86961364746094,819.3182983398438,0.3672
3,3,29,23.19782257080078,161.39146423339844,817.4223022460938,0.3152
3,3,30,22.04698944091797,160.04197692871094,815.8135375976562,0.2057
3,3,31,20.512786865234375,159.110107421875,814.5494995117188,0.1735
3,3,32,18.772205352783203,158.6309814453125,813.5779418945312,0.2121
3,3,33,16.91808319091797,158.62879943847656,812.8397827148438,0.0645
3,3,34,14.994768142700195,158.6475372314453,812.3053588867188,0.1312
3,3,35,13.026107788085938,158.4735870361328,811.978759765625,0.1758
3,3,36,11.035310745239258,158.2425994873047,811.9176635742188,0.215
3,3,37,9.104063987731934,158.37803649902344,812.3103637695312,0.3167
3,3,38,7.610385894775391,158.8730010986328,813.4905395507812,0.4623
3,3,39,6.950272083282471,159.73342895507812,815.3135986328125,0.4313
3,3,40,7.3700385093688965,160.8025360107422,817.2590942382812,0.4836
3,3,41,9.03127670288086,161.17308044433594,818.3710327148438,0.4594
3,3,42,10.973489761352539,161.00782775878906,818.5128784179688,0.4208
3,3,43,12.942940711975098,160.5192108154297,818.2539672851562,0.3054
3,3,44,14.88357162475586,160.12057495117188,817.8248901367188,0.3967
3,3,45,16.794849395751953,160.37278747558594,818.1611938476562,0.4127
3,3,46,17.376792907714844,161.96237182617188,819.9990844726562,0.2911
3,3,47,16.97434425354004,163.96856689453125,821.95703125,0.1271
3,3,48,16.464038848876953,166.0177459716797,823.8898315429688,0.1421
3,3,49,16.045166015625,168.12289428710938,825.8435668945312,0.3263
3,3,50,15.400940895080566,169.7127685546875,827.7122192382812,0.255
3,3,51,14.183570861816406,170.7177734375,829.2351684570312,0.3025
3,3,52,12.448600769042969,171.39781188964844,830.1814575195312,0.3768
3,3,53,10.51235580444336,171.7176055908203,830.6089477539062,0.4006
3,3,54,8.516509056091309,171.9199981689453,830.6427612304688,0.3216
3,3,55,6.522497653961182,171.85012817382812,830.50244140625,0.2112
3,3,56,4.530144214630127,171.87191772460938,830.3505249023438,0.2523
3,3,57,2.531312942504883,172.094482421875,830.3543090820312,0.1241
3,3,58,0.5364092588424683,172.4622344970703,830.2258911132812,0.167
3,3,59,-1.373592495918274,172.5171356201172,829.6392822265625,0.1996
3,3,60,-2.955258846282959,172.23104858398438,828.4271850585938,0.1833
3,3,61,-3.953348159790039,171.16026306152344,826.7055053710938,0.2411
3,3,62,-4.360515594482422,169.6548309326172,824.7597045898438,0.1165
3,3,63,-4.494690895080566,168.08255004882812,822.7688598632812,0.1583
3,3,64,-4.118714809417725,166.5089874267578,820.845458984375,0.3874
3,3,65,-3.1262869834899902,164.80943298339844,819.1392822265625,0.2185
3,3,66,-2.103203773498535,163.2964324951172,817.4380493164062,0.2765
3,3,67,-1.9717320203781128,161.8474884033203,815.5,0.2115
3,3,68,-3.0540859699249268,161.08013916015625,813.865966796875,0.0615
3,3,69,-4.865285873413086,161.07864379882812,813.0362548828125,0.0877
3,3,70,-6.8428215980529785,161.30543518066406,812.7681274414062,0.2498
3,3,71,-8.837725639343262,161.67613220214844,812.87353515625,0.2539
3,3,72,-10.802637100219727,162.21885681152344,813.2384643554688,0.3932
3,3,73,-12.7208251953125,162.8831024169922,813.801025390625,0.3543
3,3,74,-14.591015815734863,163.58607482910156,814.5071411132812,0.2657
3,3,75,-16.42256736755371,164.8634796142578,815.30810546875,0.2453
3,3,76,-18.20364761352539,166.8672637939453,816.215576171875,0.1429
3,3,77,-19.891332626342773,169.28656005859375,817.2860717773438,0.1109
3,3,78,-21.399065017700195,172.65509033203125,818.5953979492188,0.1414
3,3,79,-22.562877655029297,176.01971435546875,820.2125244140625,0.1526
3,3,80,-23.060455322265625,178.22007751464844,822.1329956054688,0.1561
3,3,81,-22.223499298095703,179.2306671142578,823.8482055664062,0.1603
3,3,82,-20.36784553527832,178.54942321777344,824.1105346679688,0.2222
3,3,83,-18.6519775390625,176.55767822265625,823.1497802734375,0.4738
3,3,84,-17.083650588989258,173.97152709960938,821.9317626953125,0.3675
3,3,85,-15.282013893127441,171.47174072265625,821.1173095703125,0.2131
3,3,86,-13.297057151794434,170.18238830566406,821.0221557617188,0.0869
3,3,87,-11.54436206817627,170.36351013183594,821.983642578125,0.1994
3,3,88,-10.605008125305176,171.52182006835938,823.7394409179688,0.2908
3,3,89,-9.98008918762207,173.05552673339844,825.6316528320312,0.2517
3,3,90,-9.756192207336426,174.7698974609375,827.5964965820312,0.2267
3,3,91,-10.05150032043457,176.78103637695312,829.5440063476562,0.1688
3,3,92,-10.919342041015625,178.54470825195312,831.320556640625,0.0826
3,3,93,-12.283053398132324,180.28038024902344,832.7642211914062,0.2426
3,3,94,-14.024959564208984,181.91554260253906,833.7366333007812,0.3002
3,3,95,-15.996527671813965,183.2991943359375,834.067138671875,0.1572
3,3,96,-17.955955505371094,184.28976440429688,833.70068359375,0.1454
3,3,97,-19.696943283081055,184.70986938476562,832.7394409179688,0.1536
3,3,98,-21.104063034057617,184.51809692382812,831.3322143554688,0.2301
3,3,99,-22.64051055908203,184.22320556640625,830.0558471679688,0.2231
3,3,100,-24.401697158813477,184.28848266601562,829.1238403320312,0.2671
3,3,101,-26.323226928710938,184.61492919921875,828.61279296875,0.2514
3,3,102,-28.301197052001953,185.03404235839844,828.3331298828125,0.1162
3,3,103,-30.287351608276367,185.79415893554688,828.4085693359375,0.0771
3,3,104,-32.22086715698242,186.7882843017578,828.8618774414062,0.2764
3,3,105,-33.987247467041016,187.8768768310547,829.7451782226562,0.2518
3,3,106,-35.48648452758789,188.90472412109375,831.0602416992188,0.3176
3,3,107,-36.7918701171875,189.9609375,832.5697631835938,0.507
3,3,108,-37.7261848449707,191.512939453125,834.3112182617188,0.3646
3,3,109,-38.28304672241211,192.96517944335938,836.2232055664062,0.1406
3,3,110,-38.63748550415039,194.05140686035156,838.1903686523438,0.3588
3,3,111,-39.044769287109375,194.49131774902344,840.1475219726562,0.4562
3,3,112,-39.10811996459961,194.50428771972656,842.1451416015625,0.3708
3,3,113,-38.713191986083984,194.1582794189453,844.084228515625,0.2376
3,3,114,-37.89513397216797,193.5319061279297,845.8812866210938,0.109
3,3,115,-36.65045166015625,192.85726928710938,847.4108276367188,0.0953
3,3,116,-34.92792510986328,192.15794372558594,848.3946533203125,0.1328
3,3,117,-32.93560028076172,192.178955078125,848.230712890625,0.3307
3,3,118,-31.103740692138672,192.5032196044922,847.48876953125,0.4721
3,3,119,-29.301658630371094,192.65245056152344,846.623779296875,0.4444
3,3,120,-27.502647399902344,192.4305877685547,845.7532348632812,0.7002
3,3,121,-25.691524505615234,191.6967010498047,844.9255981445312,0.8713
3,3,122,-23.754207611083984,190.67446899414062,844.5517578125,0.8272
3,3,123,-21.845430374145508,189.67074584960938,844.9840087890625,0.6583
3,3,124,-20.371721267700195,188.89662170410156,846.2650146484375,0.5891
3,3,125,-19.669527053833008,188.69461059570312,848.0896606445312,0.6497
3,3,126,-19.867794036865234,188.94622802734375,850.0372924804688,0.737
3,3,127,-20.914569854736328,189.62644958496094,851.6951904296875,0.7471
3,3,128,-22.575374603271484,190.15292358398438,852.761474609375,0.6519
3,3,129,-24.520774841308594,190.7742919921875,853.192138671875,0.5156
3,3,130,-26.519453048706055,191.1043701171875,853.1539916992188,0.4029
3,3,131,-28.512903213500977,191.05294799804688,853.005615234375,0.3373
3,3,132,-30.47170639038086,190.53948974609375,853.36474609375,0.1716
3,3,133,-32.0527229309082,189.6389617919922,854.5376586914062,0.1113
3,3,134,-32.413421630859375,188.66517639160156,856.4496459960938,0.2008
3,3,135,-31.65608787536621,188.0941925048828,858.2645874023438,0.2146
3,3,136,-30.322662353515625,187.90626525878906,859.7459106445312,0.0953
3,3,137,-28.80986785888672,187.6962432861328,861.050048828125,0.2097
3,3,138,-27.459522247314453,187.23118591308594,862.5218505859375,0.275
3,3,139,-26.600120544433594,186.63351440429688,864.3267822265625,0.2817
3,3,140,-26.478979110717773,186.14927673339844,866.3175048828125,0.2462
3,3,141,-27.152965545654297,185.78939819335938,868.1912841796875,0.199
3,3,142,-28.432388305664062,185.5210418701172,869.7152709960938,0.2057
3,3,143,-30.027978897094727,185.8346405029297,870.9080810546875,0.1633
3,3,144,-31.897340774536133,186.5227508544922,871.561279296875,0.1466
3,3,145,-33.87389373779297,187.16110229492188,871.5557250976562,0.2241
3,3,146,-35.795921325683594,187.7082061767578,871.0488891601562,0.379
3,3,147,-37.553550720214844,188.08802795410156,870.1243286132812,0.5969
3,3,148,-39.17630386352539,188.14071655273438,868.960693359375,0.5949
3,3,149,-40.88043975830078,188.39657592773438,867.9423217773438,0.457
3,3,150,-42.790313720703125,188.9424285888672,867.5243530273438,0.3176
3,3,151,-44.70001983642578,189.203369140625,867.9345703125,0.2484
3,3,152,-46.18273162841797,189.5440216064453,869.1742553710938,0.2732
3,3,153,-46.88065719604492,189.79742431640625,870.9945068359375,0.3514
3,3,154,-46.697105407714844,190.04031372070312,872.9419555664062,0.4615
3,3,155,-45.910301208496094,190.20089721679688,874.7648315429688,0.5786
3,3,156,-45.04770278930664,190.24562072753906,876.5662841796875,0.7269
3,3,157,-44.43799591064453,189.7531280517578,878.4595947265625,0.6797
3,3,158,-44.14090347290039,189.2010955810547,880.4307250976562,0.4375
3,3,159,-44.208003997802734,189.1361541748047,882.4103393554688,0.2852
3,3,160,-44.836822509765625,189.8575897216797,884.2857055664062,0.1734
3,3,161,-45.96967315673828,190.81796264648438,885.9221801757812,0.194
3,3,162,-47.36215591430664,191.84786987304688,887.3564453125,0.1551
3,3,163,-48.77660369873047,192.5024871826172,888.7686767578125,0.253
3,3,164,-50.34657669067383,193.21853637695312,890.0061645507812,0.4455
3,3,165,-52.18242645263672,194.24252319335938,890.7818603515625,0.4164
3,3,166,-54.162132263183594,195.43206787109375,890.9119873046875,0.2907
3,3,167,-56.05044174194336,196.5450439453125,890.3214721679688,0.2556
3,3,168,-57.5726318359375,197.415283203125,889.0624389648438,0.2027
3,3,169,-58.54349899291992,197.63900756835938,887.339111328125,0.344
3,3,170,-59.108455657958984,197.69265747070312,885.4293823242188,0.337
3,3,171,-59.48359298706055,197.5684051513672,883.4669799804688,0.2817
3,3,172,-59.97032928466797,197.63536071777344,881.5321044921875,0.2192
3,3,173,-60.570892333984375,197.96661376953125,879.62548828125,0.1533
3,3,174,-61.019222259521484,198.2808380126953,877.6861572265625,0.0579
3,3,175,-60.97303771972656,198.1430206298828,875.7193603515625,0.184
3,3,176,-60.19986343383789,197.08163452148438,873.9210205078125,0.4055
3,3,177,-58.77610397338867,195.92022705078125,872.570068359375,0.3851
3,3,178,-56.954078674316406,194.8278045654297,871.8125,0.256
3,3,179,-55.032649993896484,193.81063842773438,871.2739868164062,0.1101
3,3,180,-53.27226638793945,193.17568969726562,870.3681640625,0.1507
3,3,181,-51.961219787597656,192.41554260253906,868.9124145507812,0.1791
3,3,182,-51.06902313232422,191.88819885253906,867.12939453125,0.283
3,3,183,-49.92824172973633,191.42745971679688,865.5177612304688,0.2612
3,3,184,-48.403804779052734,190.9403839111328,864.2610473632812,0.2568
3,3,185,-46.61591339111328,190.2899627685547,863.3975830078125,0.1447
3,3,186,-44.7272834777832,189.85447692871094,862.7584228515625,0.145
3,3,187,-42.97057342529297,189.38397216796875,861.8257446289062,0.1297
3,3,188,-41.4851188659668,189.16015625,860.4952392578125,0.083
3,3,189,-40.54030990600586,189.1210479736328,858.7335815429688,0.2169
3,3,190,-40.24208068847656,189.50990295410156,856.7672729492188,0.3677
3,3,191,-40.834442138671875,190.16746520996094,854.9049682617188,0.3434
3,3,192,-41.95102310180664,191.65036010742188,853.2864990234375,0.3826
3,3,193,-43.431007385253906,193.4299774169922,851.9650268554688,0.2637
3,3,194,-45.19163131713867,194.77377319335938,851.0244140625,0.2433
3,3,195,-47.114933013916016,195.71853637695312,850.4793090820312,0.2851
3,3,196,-49.10503005981445,196.5543670654297,850.6658935546875,0.3661
3,3,197,-51.00476837158203,197.15208435058594,851.279296875,0.5791
3,3,198,-52.77850341796875,197.5394287109375,852.195556640625,0.6486
3,3,199,-54.42377471923828,197.7920684814453,853.3277587890625,0.6237
3,3,200,-55.9686393737793,197.9736328125,854.5950927734375,0.5952
3,3,201,-57.46514892578125,197.8926239013672,855.9203491210938,0.3419
3,3,202,-58.97315979003906,197.91978454589844,857.2325439453125,0.1206
3,3,203,-60.543426513671875,198.0469970703125,858.4689331054688,0.0894
3,3,204,-62.20214080810547,198.3076629638672,859.5831298828125,0.2725
3,3,205,-63.94339370727539,198.77574157714844,860.5634765625,0.2369
3,3,206,-65.7336196899414,199.13125610351562,861.4522705078125,0.3326
3,3,207,-67.52144622802734,199.82992553710938,862.3466186523438,0.242
3,3,208,-69.23037719726562,200.24961853027344,863.3804321289062,0.1991
3,3,209,-70.7067642211914,200.65914916992188,864.7158203125,0.2196
3,3,210,-71.5924072265625,200.5657196044922,866.48486328125,0.2603
3,3,211,-71.31246185302734,199.98211669921875,868.4367065429688,0.0739
3,3,212,-70.23635864257812,199.8999481201172,870.1209106445312,0.1709
3,3,213,-69.2802505493164,199.91587829589844,871.8757934570312,0.2426
3,3,214,-68.5556869506836,199.9966583251953,873.7349853515625,0.2641
3,3,215,-68.34190368652344,200.31494140625,875.717529296875,0.2038
3,3,216,-67.54330444335938,200.5404052734375,877.5342407226562,0.2334
3,3,217,-66.22906494140625,200.48736572265625,879.0405883789062,0.4751
3,3,218,-64.97384643554688,200.20553588867188,880.591064453125,0.5161
3,3,219,-63.9900016784668,200.07704162597656,882.3233032226562,0.3919
3,3,220,-63.35940933227539,200.05120849609375,884.218017578125,0.4292
3,3,221,-62.977108001708984,200.0544891357422,886.1800537109375,0.3299
3,3,222,-62.7474479675293,200.00537109375,888.1658935546875,0.2661
3,3,223,-62.927886962890625,199.79315185546875,890.1532592773438,0.3434
3,3,224,-63.7254638671875,199.70974731445312,891.96923828125,0.4359
3,3,225,-65.0898666381836,199.77891540527344,893.401611328125,0.5702
3,3,226,-66.8433609008789,200.06985473632812,894.3118896484375,0.5483
3,3,227,-68.7925796508789,200.50038146972656,894.6021728515625,0.4644
3,3,228,-70.71432495117188,200.91250610351562,894.197021484375,0.4596
3,3,229,-72.37173461914062,201.4031524658203,893.1400146484375,0.454
3,3,230,-73.70883178710938,201.8704833984375,891.669677734375,0.2693
3,3,231,-74.87467193603516,202.34226989746094,890.0458374023438,0.0598
3,3,232,-76.13600158691406,202.6757049560547,888.5130615234375,0.0667
3,3,233,-77.77002716064453,202.70358276367188,887.4135131835938,0.1592
3,3,234,-79.69807434082031,202.4464569091797,887.0057983398438,0.334
3,3,235,-81.6748046875,201.86114501953125,887.2265625,0.2669
3,3,236,-83.60118103027344,201.162109375,887.76025390625,0.2507
3,3,237,-85.53988647460938,200.1587371826172,888.2464599609375,0.2892
3,3,238,-87.49862670898438,199.5230712890625,887.0936889648438,0.5342
3,3,239,-90.093505859375,198.57603454589844,889.5029296875,0.6334
3,3,240,-93.58338928222656,198.58786010742188,888.3800048828125,0.4957
3,3,241,-93.06439971923828,199.453125,884.7704467773438,0.2838
3,3,242,-89.6162109375,200.1514129638672,883.6162109375,0.2354
3,3,243,-86.91559600830078,200.83761596679688,883.0147094726562,0.1409
3,3,244,-86.57441711425781,201.52481079101562,880.6422729492188,0.1304
3,3,245,-87.6684799194336,201.96058654785156,877.8900756835938,0.201
3,3,246,-86.90670776367188,202.5566864013672,876.0457153320312,0.0974
3,3,247,-85.9231948852539,203.0610809326172,874.3069458007812,0.1448
3,3,248,-84.430908203125,203.47962951660156,873.0874633789062,0.0977
3,3,249,-82.71141815185547,203.50831604003906,873.8353881835938,0.108
3,3,250,-81.72492218017578,203.4409942626953,875.56396484375,0.1698
3,3,251,-81.22967529296875,203.31080627441406,877.5006713867188,0.1561
3,3,252,-80.22777557373047,203.4790802001953,879.2239990234375,0.1992
3,3,253,-78.67699432373047,203.5660858154297,880.3778686523438,0.1728
3,3,254,-76.80691528320312,203.472412109375,880.7537231445312,0.1028
3,3,255,-75.12435913085938,202.80392456054688,880.0447387695312,0.1312
3,3,256,-74.41193389892578,202.25205993652344,878.2257080078125,0.2801
3,3,257,-74.44355773925781,201.87828063964844,876.2269287109375,0.4419
3,3,258,-74.97403717041016,201.86582946777344,874.3013916015625,0.4717
3,3,259,-75.44873809814453,201.6156005859375,872.3600463867188,0.2716
3,3,260,-76.0419692993164,201.5521697998047,870.4576416015625,0.1117
3,3,261,-76.89177703857422,201.75616455078125,868.6561889648438,0.1148
3,3,262,-78.14167022705078,202.294921875,867.1517944335938,0.2883
3,3,263,-79.969482421875,202.8438262939453,866.4620971679688,0.2078
3,3,264,-81.94110107421875,203.43617248535156,866.5783081054688,0.3281
3,3,265,-83.82164764404297,203.6546173095703,867.2221069335938,0.6162
3,3,266,-85.5544204711914,204.1691436767578,868.205810546875,0.5889
3,3,267,-87.13092803955078,204.3665008544922,869.42822265625,0.5522
3,3,268,-88.56885528564453,204.38601684570312,870.8139038085938,0.5453
3,3,269,-89.9190444946289,204.5536651611328,872.2875366210938,0.4507
3,3,270,-91.23422241210938,204.57716369628906,873.79296875,0.2264
3,3,271,-92.4986343383789,203.8822479248047,875.3405151367188,0.1123
3,3,272,-91.23172760009766,202.0349884033203,878.2119140625,0.1263
3,3,273,-94.15628051757812,201.763427734375,878.9312133789062,0.0516
3,3,274,-97.16880798339844,202.09658813476562,879.5384521484375,0.0365
3,3,275,-98.23505401611328,201.88735961914062,880.3975219726562,0.1142
3,3,276,-97.73809814453125,200.744384765625,883.5884399414062,0.2842
3,3,277,-99.28104400634766,200.81776428222656,884.8524169921875,0.2464
3,3,278,-100.47843170166016,200.803955078125,886.4071044921875,0.3172
3,3,279,-100.98688507080078,200.35333251953125,888.32373046875,0.2895
3,3,280,-101.05062103271484,200.092529296875,890.3158569335938,0.45
3,3,281,-100.83319854736328,199.73509216308594,892.29931640625,0.4516
3,3,282,-100.37883758544922,199.27952575683594,894.2423095703125,0.3729
3,3,283,-99.68064880371094,199.0247802734375,896.1104736328125,0.167
3,3,284,-98.7159423828125,198.76673889160156,897.8539428710938,0.0717
3,3,285,-97.46484375,198.7772674560547,899.4017944335938,0.0927
3,3,286,-95.9244384765625,198.88938903808594,900.6561889648438,0.0879
3,3,287,-94.12332916259766,199.18585205078125,901.4783325195312,0.2558
3,3,288,-92.16620635986328,199.24301147460938,901.675537109375,0.4257
3,3,289,-90.29108428955078,199.310302734375,901.114501953125,0.2602
3,3,290,-88.77191162109375,199.49403381347656,899.872802734375,0.2116
3,3,291,-87.71556091308594,199.96633911132812,898.1989135742188,0.1699
3,3,292,-87.06132507324219,200.11383056640625,896.3152465820312,0.2488
3,3,293,-86.55136108398438,200.24960327148438,894.3946533203125,0.1521
3,3,294,-85.43274688720703,200.6772918701172,892.8029174804688,0.1694
3,3,295,-83.67156982421875,201.14300537109375,891.9198608398438,0.1481
3,3,296,-81.70471954345703,201.7261962890625,891.6599731445312,0.2088
3,3,297,-79.75485229492188,201.86221313476562,891.9771728515625,0.2834
3,3,298,-78.06131744384766,201.85308837890625,893.0108032226562,0.1886
3,3,299,-76.8427505493164,201.8195343017578,894.585205078125,0.2045
3,3,300,-76.31580352783203,201.61338806152344,896.4920043945312,0.2858
3,3,301,-76.92440795898438,201.1434783935547,898.3594360351562,0.3459
3,3,302,-78.40037536621094,200.81893920898438,899.679443359375,0.3201
3,3,303,-80.25373840332031,200.19500732421875,900.4191284179688,0.2408
3,3,304,-82.2105712890625,199.7200164794922,900.813232421875,0.3041
3,3,305,-84.02455139160156,199.30296325683594,901.6282348632812,0.2547
3,3,306,-85.46987915039062,199.0748748779297,903.0062866210938,0.1771
3,3,307,-86.6643295288086,198.5229034423828,904.607666015625,0.1488
3,3,308,-87.30486297607422,198.3839111328125,906.5013427734375,0.2195
3,3,309,-87.37684631347656,198.29039001464844,908.4945068359375,0.3139
3,3,310,-86.89741516113281,197.74893188476562,910.4237060546875,0.3673
3,3,311,-85.83232116699219,197.11231994628906,912.08642578125,0.2785
3,3,312,-84.2894515991211,196.4429931640625,913.3126831054688,0.2824
3,3,313,-82.41895294189453,195.88035583496094,913.8839721679688,0.2462
3,3,314,-80.44684600830078,195.94146728515625,913.7977905273438,0.1137
3,3,315,-78.5676040649414,196.29969787597656,913.1761474609375,0.1059
3,3,316,-76.89356231689453,196.72410583496094,912.111572265625,0.1689
3,3,317,-75.43403625488281,197.25064086914062,910.7483520507812,0.1619
3,3,318,-74.02883911132812,197.86410522460938,909.3345336914062,0.1546
3,3,319,-72.35968780517578,198.09963989257812,908.2736206054688,0.1895
3,3,320,-70.41996002197266,197.77622985839844,908.1030883789062,0.2757
3,3,321,-68.82967376708984,196.97732543945312,909.1569213867188,0.1872
3,3,322,-68.39364624023438,196.27853393554688,911.003662109375,0.1437
3,3,323,-69.24568939208984,195.70468139648438,912.7385864257812,0.3361
3,3,324,-70.81886291503906,195.46095275878906,913.9347534179688,0.4061
3,3,325,-72.45926666259766,195.0864715576172,915.0765991210938,0.2431
3,3,326,-73.96441650390625,194.4532470703125,916.3819580078125,0.177
3,3,327,-75.2365493774414,193.86270141601562,917.9054565429688,0.2881
3,3,328,-76.14048767089844,193.00643920898438,919.6682739257812,0.3116
3,3,329,-76.48831939697266,192.10256958007812,921.6302490234375,0.2635
3,3,330,-76.03207397460938,190.9224395751953,923.5765380859375,0.2961
3,3,331,-75.03473663330078,189.7948760986328,925.2949829101562,0.2167
3,3,332,-73.64871978759766,188.4960174560547,926.7123413085938,0.1404
3,3,333,-72.16461944580078,187.20523071289062,928.051513671875,0.1836
3,3,334,-70.75691223144531,185.951904296875,929.4694213867188,0.0724
3,3,335,-69.2979736328125,184.87469482421875,930.8342895507812,0.0939
3,3,336,-67.6806411743164,183.8931427001953,932.0040283203125,0.1666
3,3,337,-65.91577911376953,182.87744140625,932.9368896484375,0.0572
3,3,338,-64.04102325439453,181.92727661132812,933.6217041015625,0.1248
3,3,339,-62.079071044921875,181.4367218017578,933.970703125,0.1022
3,3,340,-60.13699722290039,181.43382263183594,933.6100463867188,0.0669
3,3,341,-58.95888900756836,182.24520874023438,932.0257568359375,0.1552
3,3,342,-58.82746887207031,183.1995849609375,930.05712890625,0.3201
3,3,343,-59.44068145751953,184.02792358398438,928.1803588867188,0.3714
3,3,344,-59.972511291503906,184.7252960205078,926.2579956054688,0.436
3,3,345,-59.874935150146484,185.43392944335938,924.3104858398438,0.396
3,3,346,-59.01585388183594,186.37713623046875,922.57080078125,0.1835
3,3,347,-57.5514030456543,187.0244903564453,921.2605590820312,0.1047
3,3,348,-55.73133850097656,187.44357299804688,920.4863891601562,0.1829
3,3,349,-53.74281311035156,187.26976013183594,920.3538818359375,0.1182
3,3,350,-51.86152648925781,186.7036895751953,921.0298461914062,0.161
3,3,351,-50.472286224365234,185.67041015625,922.4478759765625,0.4131
3,3,352,-49.735050201416016,184.57752990722656,924.27880859375,0.3135
3,3,353,-49.63406753540039,183.63755798339844,926.2479248046875,0.1412
3,3,354,-50.029693603515625,182.7826690673828,928.19384765625,0.2163
3,3,355,-50.2695426940918,181.63568115234375,930.1627807617188,0.2312
3,3,356,-49.71548843383789,180.3530731201172,932.036865234375,0.1612
3,3,357,-48.247276306152344,179.16787719726562,933.3228149414062,0.1791
3,3,358,-46.31559371948242,178.4090118408203,933.7806396484375,0.2664
3,3,359,-44.32276916503906,177.98208618164062,933.65478515625,0.3768
3,3,360,-42.377010345458984,177.76795959472656,933.2003784179688,0.4054
3,3,361,-40.48671340942383,177.64805603027344,932.552001953125,0.3425
3,3,362,-38.64726638793945,177.57672119140625,931.770263671875,0.2334
3,3,363,-36.859493255615234,177.51780700683594,930.8765869140625,0.1503
3,3,364,-35.13533401489258,177.50473022460938,929.8660278320312,0.1481
3,3,365,-33.50144958496094,177.884521484375,928.7158813476562,0.2246
3,3,366,-32.00531005859375,178.4778594970703,927.3928833007812,0.1481
3,3,367,-30.7276611328125,179.29196166992188,925.86083984375,0.1117
3,3,368,-29.818798065185547,180.15785217285156,924.0914306640625,0.0759
3,3,369,-29.579137802124023,181.32574462890625,922.1318359375,0.1341
3,3,370,-30.28564453125,182.59588623046875,920.306640625,0.2521
3,3,371,-31.656343460083008,183.63645935058594,918.8799438476562,0.3005
3,3,372,-33.40956115722656,184.48707580566406,917.962158203125,0.289
3,3,373,-35.35752487182617,185.0512237548828,917.6265258789062,0.2227
3,3,374,-37.348243713378906,185.25892639160156,917.7001953125,0.1791
3,3,375,-39.34038162231445,185.5027313232422,917.71337890625,0.2479
3,3,376,-41.25063705444336,185.9540557861328,917.2395629882812,0.1628
3,3,377,-42.82951354980469,186.62451171875,916.0919799804688,0.1857
3,3,378,-43.753692626953125,187.28445434570312,914.37890625,0.0814
3,3,379,-43.800235748291016,187.61509704589844,912.43603515625,0.0774
3,3,380,-42.94860076904297,188.13938903808594,910.6871337890625,0.1042
3,3,381,-41.44470977783203,188.46681213378906,909.423583984375,0.0284
3,3,382,-39.63933563232422,188.72964477539062,908.5821533203125,0.0492
3,3,383,-37.820892333984375,188.7092742919922,907.771484375,0.3051
3,3,384,-36.27284240722656,188.67001342773438,906.5564575195312,0.3732
3,3,385,-35.208595275878906,188.83721923828125,904.8897094726562,0.3317
3,3,386,-34.6617546081543,189.02500915527344,902.9854125976562,0.186
3,3,387,-34.84354782104492,189.0902862548828,901.0557861328125,0.2208
3,3,388,-36.031856536865234,189.18475341796875,899.5341186523438,0.1972
3,3,389,-37.81382751464844,189.34226989746094,898.7062377929688,0.1374
3,3,390,-39.775142669677734,189.81103515625,898.353515625,0.2249
3,3,391,-41.751033782958984,190.1453094482422,898.0833129882812,0.2858
3,3,392,-43.63694763183594,190.66940307617188,897.4785766601562,0.3397
3,3,393,-45.21190643310547,191.03221130371094,896.29541015625,0.4451
3,3,394,-46.11159133911133,191.17123413085938,894.55517578125,0.5065
3,3,395,-46.07925033569336,191.48831176757812,892.5977783203125,0.4549
3,3,396,-45.26616668701172,191.52769470214844,890.7882080078125,0.2822
3,3,397,-44.04431915283203,191.08203125,889.2140502929688,0.1756
3,3,398,-42.6338996887207,190.4971923828125,887.7994384765625,0.1611
3,3,399,-41.38471221923828,189.71890258789062,886.2442626953125,0.18
3,3,400,-40.52885818481445,188.915283203125,884.4378051757812,0.337
3,3,401,-40.15975570678711,188.2567901611328,882.4730834960938,0.4508
3,3,402,-40.05197525024414,187.943115234375,880.4786376953125,0.4407
3,3,403,-39.822174072265625,187.7828826904297,878.4940795898438,0.4952
3,3,404,-39.02684020996094,187.80821228027344,876.681640625,0.6383
3,3,405,-37.346282958984375,187.51307678222656,875.6714477539062,0.6098
3,3,406,-35.34947967529297,187.0282440185547,875.6144409179688,0.4446
3,3,407,-33.369110107421875,186.37628173828125,875.8873901367188,0.2798
3,3,408,-31.37084197998047,185.79359436035156,875.9078369140625,0.1402
3,3,409,-29.440244674682617,185.33287048339844,875.4220581054688,0.1527
3,3,410,-27.73779296875,184.94143676757812,874.3981323242188,0.1252
3,3,411,-26.266252517700195,184.62628173828125,873.05322265625,0.1689
3,3,412,-24.75877571105957,184.57923889160156,871.7422485351562,0.257
3,3,413,-23.08896827697754,184.55404663085938,870.656005859375,0.281
3,3,414,-21.207990646362305,184.47579956054688,870.0665893554688,0.3602
3,3,415,-19.253713607788086,184.27194213867188,870.226318359375,0.3044
3,3,416,-17.490026473999023,183.9111785888672,871.1030883789062,0.1887
3,3,417,-15.958067893981934,183.58901977539062,872.3765869140625,0.2524
3,3,418,-14.514376640319824,183.6040802001953,873.7593383789062,0.2962
3,3,419,-13.135490417480469,184.09555053710938,875.2041625976562,0.2008
3,3,420,-11.844209671020508,184.87930297851562,876.7298583984375,0.297
3,3,421,-10.63757610321045,185.27200317382812,878.32177734375,0.3694
3,3,422,-9.385214805603027,185.40773010253906,879.8717651367188,0.317
3,3,423,-7.858534336090088,185.41473388671875,881.1397705078125,0.1379
3,3,424,-6.098086357116699,185.3577117919922,882.072265625,0.208
3,3,425,-4.2848968505859375,185.1781768798828,882.9095458984375,0.1992
3,3,426,-2.566683530807495,184.70310974121094,883.9229125976562,0.2627
3,3,427,-1.030847430229187,184.33004760742188,885.1848754882812,0.2425
3,3,428,0.18455946445465088,183.78814697265625,886.7562866210938,0.239
3,3,429,0.9870606064796448,183.62144470214844,888.5798950195312,0.2772
3,3,430,1.3882856369018555,183.6063232421875,890.5371704101562,0.3278
3,3,431,1.3815271854400635,183.49356079101562,892.5362548828125,0.5417
3,3,432,-1.7477580308914185,183.41722106933594,893.6660766601562,0.6277
3,3,433,-0.4738454818725586,182.87088012695312,895.943603515625,0.7389
3,3,434,0.5742568373680115,182.5952606201172,899.2943725585938,0.6819
3,3,435,-0.49085646867752075,182.33734130859375,901.5296630859375,0.6909
3,3,436,-3.1809160709381104,182.88194274902344,901.4696044921875,0.6562
3,3,437,-6.579775810241699,183.63333129882812,900.5603637695312,0.7965
3,3,438,-9.022576332092285,183.50291442871094,900.9823608398438,0.8451
3,3,439,-8.39452075958252,182.7935791015625,904.55517578125,0.6298
3,3,440,-9.983736991882324,182.85916137695312,905.734375,0.5654
3,3,441,-11.858466148376465,183.08761596679688,906.2766723632812,0.5743
3,3,442,-13.76540756225586,183.46136474609375,905.8970947265625,0.448
3,3,443,-15.330114364624023,183.83314514160156,904.7168579101562,0.4827
3,3,444,-16.495380401611328,184.18267822265625,903.1085815429688,0.4136
3,3,445,-17.55518913269043,184.7476043701172,901.4154052734375,0.4255
3,3,446,-18.811120986938477,185.38290405273438,899.8770141601562,0.2773
3,3,447,-20.387636184692383,186.04759216308594,898.6780395507812,0.3364
3,3,448,-22.242040634155273,186.71200561523438,897.9730834960938,0.332
3,3,449,-24.227609634399414,187.32272338867188,897.8344116210938,0.3517
3,3,450,-26.175024032592773,187.7877960205078,898.2749633789062,0.2703
3,3,451,-27.889158248901367,188.13595581054688,899.3035278320312,0.279
3,3,452,-29.176664352416992,188.22389221191406,900.8282470703125,0.0607
3,3,453,-29.987836837768555,188.1434783935547,902.6486206054688,0.1588
3,3,454,-30.610689163208008,187.93988037109375,904.5470581054688,0.1699
3,3,455,-31.317934036254883,187.61705017089844,906.4156494140625,0.1965
3,3,456,-32.080814361572266,187.419189453125,908.2633056640625,0.2732
3,3,457,-32.54522705078125,187.02330017089844,910.191650390625,0.2526
3,3,458,-32.30221176147461,186.424560546875,912.1373901367188,0.2031
3,3,459,-31.301572799682617,185.44082641601562,913.8311767578125,0.2239
3,3,460,-29.879470825195312,184.5916748046875,915.2222290039062,0.2476
3,3,461,-28.337692260742188,183.70301818847656,916.4943237304688,0.2054
3,3,462,-26.777729034423828,182.93161010742188,917.7444458007812,0.2619
3,3,463,-25.24740219116211,181.93695068359375,919.02978515625,0.1608
3,3,464,-23.86573600769043,180.61680603027344,920.46728515625,0.1864
3,3,465,-22.372032165527344,179.2881622314453,921.778564453125,0.2596
3,3,466,-20.66027069091797,178.06243896484375,922.799560546875,0.1312
3,3,467,-18.819793701171875,177.0521697998047,923.568603515625,0.1419
3,3,468,-16.897218704223633,176.0795135498047,924.10302734375,0.1812
3,3,469,-14.925650596618652,175.47744750976562,924.4131469726562,0.3138
3,3,470,-12.931894302368164,175.1573944091797,924.4934692382812,0.343
3,3,471,-10.947931289672852,174.98622131347656,924.302001953125,0.3932
3,3,472,-9.047698020935059,174.74490356445312,923.7262573242188,0.443
3,3,473,-9.510106086730957,175.9915008544922,920.8025512695312,0.2767
3,3,474,-6.8732733726501465,175.0753936767578,920.712158203125,0.167
3,3,475,-6.191864013671875,175.9008331298828,918.8673706054688,0.2233
3,3,476,-5.758810043334961,177.0931396484375,916.9190673828125,0.2455
3,3,477,-5.205939769744873,178.3488006591797,914.9988403320312,0.3197
3,3,478,-4.727132320404053,179.3730010986328,913.0699462890625,0.5318
3,3,479,-4.685306072235107,180.2842559814453,911.0825805664062,0.5679
3,3,480,-5.112213134765625,181.1082305908203,909.1348266601562,0.5435
3,3,481,-3.363497495651245,181.06991577148438,907.6204833984375,0.6499
3,3,482,-1.7326087951660156,180.7742156982422,907.2610473632812,0.8007
3,3,483,-1.7814229726791382,181.42454528808594,905.3948974609375,0.7347
3,3,484,-1.25749933719635,182.39039611816406,901.9847412109375,0.5826
3,3,485,1.0919575691223145,182.35560607910156,899.9152221679688,0.6999
3,3,486,3.6944117546081543,181.258544921875,901.4885864257812,0.7792
3,3,487,4.119534015655518,179.77096557617188,905.0082397460938,0.5507
3,3,488,3.841670274734497,178.5912628173828,907.564697265625,0.3901
3,3,489,5.387095928192139,177.33895874023438,908.52734375,0.2695
3,3,490,8.71699333190918,175.24693298339844,908.876220703125,0.1814
3,3,491,11.502386093139648,173.36697387695312,910.5125122070312,0.2273
3,3,492,11.3785400390625,172.56405639648438,913.2935791015625,0.1904
3,3,493,8.211712837219238,172.97146606445312,914.797607421875,0.163
3,3,494,5.57725191116333,174.32254028320312,914.0243530273438,0.0831
3,3,495,4.717137813568115,174.61827087402344,914.1741333007812,0.1672
3,3,496,3.115170478820801,174.07627868652344,916.4378662109375,0.2607
3,3,497,1.7961417436599731,173.23721313476562,919.0198974609375,0.2254
3,3,498,1.796651840209961,173.0006561279297,919.543701171875,0.2331
3,3,499,-0.34880056977272034,173.62600708007812,919.6279296875,0.2915
3,3,500,-2.6366403102874756,173.13946533203125,922.266845703125,0.1665
3,3,501,-1.6643352508544922,172.39634704589844,925.2025146484375,0.0914
3,3,502,1.5654093027114868,171.4939422607422,925.1946411132812,0.2352
3,3,503,4.213744640350342,171.39373779296875,922.9982299804688,0.3943
3,3,504,5.769601345062256,171.46766662597656,921.7833862304688,0.3277
3,3,505,7.571849346160889,171.15524291992188,923.0032958984375,0.2855
3,3,506,10.28147029876709,170.38595581054688,925.1782836914062,0.1837
3,3,507,12.932559967041016,170.1875457763672,925.8070068359375,0.2284
3,3,508,14.3214693069458,170.52667236328125,923.8198852539062,0.1456
3,3,509,14.651206970214844,171.27894592285156,920.3515014648438,0.2147
3,3,510,15.277605056762695,171.4462127685547,917.6806030273438,0.2872
3,3,511,17.23626708984375,171.17315673828125,917.2577514648438,0.3888
3,3,512,20.4625186920166,170.50372314453125,918.204345703125,0.1931
3,3,513,23.7579345703125,170.0838623046875,917.8588256835938,0.1343
3,3,514,24.65587043762207,170.10317993164062,914.8446655273438,0.1603
3,3,515,21.78567886352539,171.14732360839844,912.7152099609375,0.3471
3,3,516,18.982637405395508,171.36695861816406,913.4359741210938,0.3788
3,3,517,17.366872787475586,171.83595275878906,912.69189453125,0.4425
3,3,518,16.880796432495117,172.92417907714844,909.5433959960938,0.3562
3,3,519,16.620098114013672,174.82289123535156,906.1234130859375,0.5787
3,3,520,14.863883018493652,175.9262237548828,904.7299194335938,0.3767
3,3,521,12.229727745056152,175.6739501953125,905.822021484375,0.2763
3,3,522,8.815157890319824,176.6593780517578,906.5384521484375,0.0519
3,3,523,6.5615949630737305,178.8081512451172,904.9267578125,0.4012
3,3,524,7.373507022857666,180.062744140625,901.8634033203125,0.5699
3,3,525,10.203123092651367,179.78721618652344,900.0345458984375,0.2252
3,3,526,11.766529083251953,179.68157958984375,899.4459838867188,0.2515
3,3,527,11.489864349365234,180.2410430908203,897.5701293945312,0.091
3,3,528,11.982111930847168,181.55789184570312,894.1585083007812,0.2634
3,3,529,14.581734657287598,181.99293518066406,892.2884521484375,0.2413
3,3,530,17.07332420349121,181.74801635742188,894.1478881835938,0.4106
3,3,531,17.0278263092041,179.999755859375,897.6605834960938,0.0941
3,3,532,16.057586669921875,178.9493408203125,899.7756958007812,0.2922
3,3,533,17.085107803344727,178.15927124023438,901.0145874023438,0.3454
3,3,534,20.0456600189209,177.3727569580078,902.4483642578125,0.3514
3,3,535,22.539060592651367,177.30560302734375,902.809814453125,0.1812
3,3,536,23.06160545349121,176.62818908691406,903.7460327148438,0.1677
3,3,537,23.412384033203125,174.2621307373047,906.7794799804688,0.2546
3,3,538,25.38201332092285,172.16273498535156,909.5767822265625,0.3564
3,3,539,28.129737854003906,171.75192260742188,909.1970825195312,0.1725
3,3,540,29.292173385620117,173.7391815185547,906.0487670898438,0.1534
3,3,541,29.163557052612305,176.28138732910156,902.85791015625,0.0594
3,3,542,29.929052352905273,177.09564208984375,901.3817138671875,0.0921
3,3,543,32.694400787353516,176.8231964111328,901.1863403320312,0.2294
3,3,544,36.11289596557617,176.44384765625,900.7244873046875,0.4014
3,3,545,37.775360107421875,176.85784912109375,899.0255737304688,0.4158
3,3,546,36.71223449707031,178.24085998535156,896.3870239257812,0.2074
3,3,547,34.44683837890625,179.565673828125,893.7561645507812,0.2066
3,3,548,33.588050842285156,180.16342163085938,891.7014770507812,0.3004
3,3,549,35.34523391723633,180.47164916992188,890.0454711914062,0.3795
3,3,550,38.36569595336914,180.61131286621094,888.2656860351562,0.1802
3,3,551,39.96123504638672,180.81890869140625,886.0562744140625,0.2042
3,3,552,36.75727462768555,180.80702209472656,884.2277221679688,0.3727
3,3,553,36.091373443603516,180.78387451171875,882.3627319335938,0.4154
3,3,554,34.70988464355469,180.96737670898438,880.9692993164062,0.371
3,3,555,32.821434020996094,181.26390075683594,880.3464965820312,0.4029
3,3,556,30.868534088134766,181.14398193359375,879.9421997070312,0.4742
3,3,557,28.876792907714844,181.02439880371094,880.1098022460938,0.4029
3,3,558,26.915069580078125,180.95855712890625,880.4556884765625,0.4891
3,3,559,25.177627563476562,181.41537475585938,881.430908203125,0.394
3,3,560,23.800321578979492,181.6847381591797,882.8792724609375,0.4676
3,3,561,22.591724395751953,181.7177734375,884.4715576171875,0.2673
3,3,562,21.56808090209961,181.75840759277344,886.188232421875,0.1039
3,3,563,18.94637107849121,182.30677795410156,885.4830322265625,0.1656
3,3,564,18.54909896850586,182.4083709716797,885.2762451171875,0.1559
3,3,565,17.113059997558594,182.6184539794922,886.7697143554688,0.2335
3,3,566,14.13322639465332,182.95542907714844,885.0447998046875,0.4207
3,3,567,17.021577835083008,182.5337371826172,883.5184936523438,0.093
3,3,568,18.376413345336914,182.1188507080078,882.0717163085938,0.1162
3,3,569,19.823699951171875,181.8234405517578,880.6968383789062,0.267
3,3,570,21.058975219726562,181.7248992919922,879.1383666992188,0.2369
3,3,571,21.705520629882812,181.64903259277344,877.318359375,0.4525
3,3,572,21.316614151000977,181.64358520507812,875.4210815429688,0.429
3,3,573,20.286771774291992,181.77285766601562,873.7137451171875,0.1659
3,3,574,19.0091609954834,182.2031707763672,872.1911010742188,0.1573
3,3,575,17.45248794555664,182.50550842285156,870.9442749023438,0.3281
3,3,576,15.714484214782715,182.69427490234375,869.9588012695312,0.3167
3,3,577,13.846282958984375,182.8753204345703,869.247802734375,0.2166
3,3,578,11.851150512695312,183.04022216796875,869.2530517578125,0.1254
3,3,579,10.107229232788086,183.715087890625,870.2067260742188,0.2408
3,3,580,8.94729232788086,184.27012634277344,871.8271484375,0.1483
3,3,581,8.341476440429688,184.38369750976562,873.732177734375,0.1557
3,3,582,8.01844596862793,184.38558959960938,875.7046508789062,0.1703
3,3,583,7.438337326049805,184.39312744140625,877.6151733398438,0.2413
3,3,584,6.388118267059326,184.4043426513672,879.2976684570312,0.231
3,3,585,4.843534469604492,184.4278106689453,880.5244750976562,0.1558
3,3,586,2.958704948425293,184.4544219970703,881.0907592773438,0.1357
3,3,587,1.0016487836837769,184.5226593017578,880.8961181640625,0.2425
3,3,588,-0.8112601637840271,184.85589599609375,880.098876953125,0.161
3,3,589,-2.4310290813446045,185.18771362304688,878.9406127929688,0.1353
3,3,590,-3.9211626052856445,185.3102264404297,877.6099853515625,0.2059
3,3,591,-5.281558513641357,185.3473663330078,876.1494750976562,0.2998
3,3,592,-6.638000965118408,185.34396362304688,874.6842041015625,0.4435
3,3,593,-8.149455070495605,185.30870056152344,873.382080078125,0.4016
3,3,594,-9.701894760131836,185.1374053955078,872.123779296875,0.3986
3,3,595,-11.214241981506348,184.7777099609375,870.8165893554688,0.3586
3,3,596,-12.747782707214355,184.50169372558594,869.5352172851562,0.3003
3,3,597,-14.251688003540039,184.4702911376953,868.2218627929688,0.2456
3,3,598,-15.5706148147583,184.7494354248047,866.7307739257812,0.2432
3,3,599,-16.578039169311523,185.449462890625,865.01806640625,0.228
3,3,600,-17.213720321655273,186.1789093017578,863.1306762695312,0.2406
3,3,601,-17.526880264282227,186.68235778808594,861.1600341796875,0.3038
3,3,602,-17.58479881286621,187.21388244628906,859.1632690429688,0.3176
3,3,603,-17.432336807250977,187.45816040039062,857.170654296875,0.2815
3,3,604,-17.089082717895508,187.53701782226562,855.2012329101562,0.3122
3,3,605,-16.56602668762207,187.47596740722656,853.2720947265625,0.379
3,3,606,-15.924708366394043,187.13038635253906,851.3789672851562,0.4082
3,3,607,-15.287191390991211,186.55690002441406,849.4843139648438,0.4134
3,3,608,-14.553422927856445,186.18714904785156,847.6254272460938,0.3596
3,3,609,-13.676424980163574,186.0991668701172,845.8306274414062,0.3147
3,3,610,-12.655305862426758,185.6365509033203,844.1138916015625,0.3195
3,3,611,-11.505290985107422,184.8618927001953,842.48046875,0.1708
3,3,612,-10.241732597351074,183.89730834960938,840.9332885742188,0.2021
3,3,613,-8.873430252075195,182.69395446777344,839.4776000976562,0.37
3,3,614,-7.402348518371582,181.31976318359375,838.126708984375,0.2849
3,3,615,-5.822671413421631,179.9337158203125,836.9059448242188,0.1691
3,3,616,-4.123203277587891,178.5692596435547,835.8607788085938,0.1075
3,3,617,-2.2978994846343994,177.3857879638672,835.0604248046875,0.0919
3,3,618,-0.36318469047546387,176.28890991210938,834.5780639648438,0.0394
3,3,619,1.6288626194000244,175.39727783203125,834.4236450195312,0.1304
3,3,620,3.627617359161377,174.66746520996094,834.4559326171875,0.2176
3,3,621,5.621016502380371,174.49595642089844,834.6065063476562,0.2943
3,3,622,7.618955135345459,174.393798828125,834.6695556640625,0.3907
3,3,623,9.589375495910645,174.40794372558594,835.0029296875,0.4682
3,3,624,11.34688949584961,174.886474609375,835.9412841796875,0.4293
3,3,625,12.604913711547852,175.650634765625,837.4920043945312,0.3246
3,3,626,13.540034294128418,176.68943786621094,839.25830078125,0.2091
3,3,627,12.789841651916504,178.35333251953125,842.6876831054688,0.1196
3,3,628,16.180744171142578,177.91978454589844,842.268798828125,0.3498
3,3,629,18.7220401763916,176.95130920410156,840.4347534179688,0.3042
3,3,630,20.63089370727539,176.43077087402344,840.3416137695312,0.2915
3,3,631,22.265634536743164,176.73727416992188,842.9951782226562,0.2347
3,3,632,22.461069107055664,177.60888671875,846.1514282226562,0.3605
3,3,633,22.712434768676758,177.91448974609375,847.673095703125,0.3194
3,3,634,25.225854873657227,177.22540283203125,848.1775512695312,0.2201
3,3,635,28.614513397216797,177.0218963623047,848.8316040039062,0.1686
3,3,636,30.495643615722656,177.0303192138672,850.4224243164062,0.1683
3,3,637,29.578121185302734,177.04827880859375,853.0614013671875,0.4053
3,3,638,26.953351974487305,177.1785888671875,855.0474853515625,0.5197
3,3,639,25.632614135742188,177.41700744628906,854.7261352539062,0.5768
3,3,640,25.533430099487305,177.59422302246094,855.8824462890625,0.5792
3,3,641,23.675302505493164,178.20913696289062,858.6353759765625,0.4102
3,3,642,21.422683715820312,178.98622131347656,860.0912475585938,0.3299
3,3,643,19.862186431884766,179.28945922851562,856.9735717773438,0.3713
3,3,644,17.95677375793457,180.0797119140625,857.4221801757812,0.3679
3,3,645,16.399030685424805,180.7143096923828,858.6046142578125,0.3389
3,3,646,15.435626029968262,180.7946319580078,860.3104248046875,0.4154
3,3,647,15.211524963378906,180.77938842773438,862.2553100585938,0.5052
3,3,648,15.792755126953125,181.1642608642578,864.1229858398438,0.4805
3,3,649,17.05437469482422,181.2623291015625,865.6388549804688,0.5387
3,3,650,18.707962036132812,181.05157470703125,866.7467651367188,0.4504
3,3,651,20.491567611694336,180.8654022216797,867.6458129882812,0.3616
3,3,652,22.156911849975586,180.6895294189453,868.7384033203125,0.1765
3,3,653,23.520341873168945,180.49717712402344,870.191162109375,0.2339
3,3,654,24.59407615661621,180.31776428222656,871.8709106445312,0.2887
3,3,655,25.988595962524414,180.34901428222656,873.2841796875,0.3363
3,3,656,27.747716903686523,180.42030334472656,874.1947021484375,0.2523
3,3,657,29.737163543701172,180.50030517578125,874.385498046875,0.4652
3,3,658,31.701614379882812,180.53907775878906,874.0145263671875,0.4676
3,3,659,33.239898681640625,180.2506561279297,872.7787475585938,0.5257
3,3,660,34.22462463378906,179.86135864257812,871.0418701171875,0.4922
3,3,661,34.973262786865234,179.5237579345703,869.1884765625,0.3668
3,3,662,35.65673828125,179.03848266601562,867.3101196289062,0.237
3,3,663,36.37229537963867,178.9232635498047,865.4435424804688,0.1127
3,3,664,37.16691589355469,178.90447998046875,863.609375,0.0709
3,3,665,38.04034423828125,178.84205627441406,861.8113403320312,0.1496
3,3,666,38.95166778564453,178.73069763183594,860.031982421875,0.0869
3,3,667,39.82813262939453,178.28831481933594,858.2357788085938,0.0912
3,3,668,40.551876068115234,177.84732055664062,856.3723754882812,0.1845
3,3,669,40.878196716308594,177.18125915527344,854.4020385742188,0.1758
3,3,670,40.35990905761719,177.01498413085938,852.4862670898438,0.0514
3,3,671,38.91996765136719,177.0269317626953,851.1267700195312,0.252
3,3,672,37.01616287231445,177.09133911132812,850.558837890625,0.2
3,3,673,35.02473068237305,177.1147918701172,850.524169921875,0.1623
3,3,674,31.778841018676758,177.1165008544922,852.3764038085938,0.1565
3,3,675,31.265321731567383,177.00836181640625,848.9569091796875,0.1342
3,3,676,32.688175201416016,176.88418579101562,845.9486694335938,0.0524
3,3,677,32.84270477294922,176.51463317871094,844.5660400390625,0.0891
3,3,678,30.966136932373047,176.1627655029297,843.3365478515625,0.1836
3,3,679,29.953025817871094,175.259521484375,839.9957275390625,0.3194
3,3,680,32.963924407958984,175.50534057617188,840.4055786132812,0.3159
3,3,681,34.65757751464844,174.99574279785156,839.3436279296875,0.2091
3,3,682,35.874794006347656,174.4506072998047,837.77392578125,0.1906
3,3,683,36.67887878417969,173.7701416015625,835.9452514648438,0.3191
4,4,0,36.2047119140625,176.6671600341797,835.96142578125,0.2695
4,4,1,36.92850875854492,175.93386840820312,834.0975952148438,0.293
4,4,2,36.99938201904297,175.1940155029297,832.1024169921875,0.3845
4,4,3,36.54314422607422,174.3244171142578,830.1668090820312,0.3357
4,4,4,35.60185241699219,173.6777801513672,828.419677734375,0.5157
4,4,5,34.18239212036133,173.05364990234375,827.0447998046875,0.511
4,4,6,32.353363037109375,172.7365264892578,826.3319091796875,0.6328
4,4,7,30.431631088256836,172.7335205078125,826.6578369140625,0.4711
4,4,8,29.142261505126953,173.4311981201172,828.1284790039062,0.5804
4,4,9,26.398977279663086,174.43421936035156,829.8164672851562,0.5032
4,4,10,25.86533546447754,175.50587463378906,831.97412109375,0.3766
4,4,11,27.766794204711914,175.98883056640625,833.8080444335938,0.4507
4,4,12,29.418033599853516,177.16172790527344,836.8538208007812,0.4408
4,4,13,28.49788475036621,178.134521484375,839.5384521484375,0.3914
4,4,14,25.346717834472656,178.40005493164062,839.5848388671875,0.2026
4,4,15,22.88484001159668,178.07476806640625,837.2227172851562,0.2336
4,4,16,21.748672485351562,177.7659149169922,835.7040405273438,0.2938
4,4,17,20.0313777923584,178.26356506347656,836.5158081054688,0.1847
4,4,18,16.63853645324707,178.6558837890625,837.04150390625,0.225
4,4,19,14.758220672607422,176.51513671875,833.884765625,0.2652
4,4,20,17.237747192382812,175.2670135498047,831.6660766601562,0.3302
4,4,21,20.830589294433594,176.17848205566406,832.369140625,0.2119
4,4,22,24.045286178588867,175.81121826171875,831.795654296875,0.2444
4,4,23,24.49986457824707,174.15603637695312,828.8993530273438,0.3098
4,4,24,21.965557098388672,172.37904357910156,826.3982543945312,0.1774
4,4,25,20.101613998413086,169.7142333984375,823.7347412109375,0.2968
4,4,26,23.497413635253906,168.99122619628906,822.649169921875,0.1043
4,4,27,24.02172088623047,167.38287353515625,820.7337036132812,0.0674
4,4,28,23.970993041992188,165.89198303222656,818.7539672851562,0.1409
4,4,29,23.28287696838379,164.47523498535156,816.8975219726562,0.2996
4,4,30,21.9370174407959,163.2644500732422,815.4522705078125,0.2249
4,4,31,20.28179931640625,162.5089569091797,814.3425903320312,0.1374
4,4,32,18.492454528808594,162.1229248046875,813.457275390625,0.1028
4,4,33,16.619409561157227,162.166259765625,812.7653198242188,0.1033
4,4,34,14.681174278259277,162.1959686279297,812.2903442382812,0.3224
4,4,35,12.698487281799316,161.98110961914062,812.087646484375,0.3553
4,4,36,10.714958190917969,161.87747192382812,812.2304077148438,0.4274
4,4,37,8.825231552124023,162.0899658203125,812.8194580078125,0.3903
4,4,38,7.313445568084717,162.6037139892578,814.0400390625,0.3997
4,4,39,7.317296504974365,163.40794372558594,815.8268432617188,0.3639
4,4,40,9.054203987121582,163.6087646484375,816.6521606445312,0.438
4,4,41,11.033831596374512,163.45042419433594,816.7774658203125,0.4331
4,4,42,13.003180503845215,163.4146270751953,817.0369873046875,0.3421
4,4,43,14.81088638305664,163.55679321289062,817.7374267578125,0.2284
4,4,44,16.107498168945312,164.41539001464844,819.2380981445312,0.1786
4,4,45,16.507369995117188,166.42613220214844,821.1971435546875,0.2842
4,4,46,16.436981201171875,168.50357055664062,823.184326171875,0.2598
4,4,47,15.908185005187988,170.5486297607422,825.08447265625,0.3021
4,4,48,14.977349281311035,172.17095947265625,826.843994140625,0.4117
4,4,49,13.704049110412598,173.137451171875,828.3489379882812,0.6071
4,4,50,11.994710922241211,173.95669555664062,829.3775634765625,0.6145
4,4,51,10.12321949005127,174.42286682128906,830.0812377929688,0.5363
4,4,52,8.160603523254395,174.8271484375,830.4605102539062,0.4919
4,4,53,6.167893409729004,174.92532348632812,830.584228515625,0.5263
4,4,54,4.173499584197998,175.01390075683594,830.4921264648438,0.4288
4,4,55,2.21093487739563,174.99095153808594,830.1448364257812,0.3526
4,4,56,0.3291657567024231,174.9632568359375,829.4974365234375,0.2522
4,4,57,-1.4070533514022827,174.7061309814453,828.5282592773438,0.2119
4,4,58,-2.9181509017944336,174.30801391601562,827.2344360351562,0.2138
4,4,59,-4.097469806671143,173.32833862304688,825.6248168945312,0.2127
4,4,60,-4.700174808502197,172.0460205078125,823.7183837890625,0.1736
4,4,61,-4.414762020111084,170.47317504882812,821.75537109375,0.1383
4,4,62,-3.5479660034179688,168.8740692138672,819.9752197265625,0.1444
4,4,63,-2.377598762512207,167.3561553955078,818.361083984375,0.2205
4,4,64,-1.5818816423416138,165.81219482421875,816.5617065429688,0.2519
4,4,65,-1.9063403606414795,164.669921875,814.6466674804688,0.1673
4,4,66,-3.4007840156555176,164.29693603515625,813.36181640625,0.1472
4,4,67,-5.321038246154785,164.47537231445312,812.8262329101562,0.0932
4,4,68,-7.3166303634643555,164.78343200683594,812.7504272460938,0.1366
4,4,69,-9.302225112915039,165.2035675048828,812.9741821289062,0.1744
4,4,70,-11.248391151428223,165.80831909179688,813.4318237304688,0.1582
4,4,71,-13.143779754638672,166.48159790039062,814.0682983398438,0.1992
4,4,72,-15.001651763916016,167.2368621826172,814.8070068359375,0.1809
4,4,73,-16.83317756652832,168.64501953125,815.6088256835938,0.1105
4,4,74,-18.620250701904297,170.65611267089844,816.5051879882812,0.1487
4,4,75,-20.31296157836914,173.1509246826172,817.5678100585938,0.1365
4,4,76,-21.821075439453125,176.49337768554688,818.8759765625,0.2271
4,4,77,-22.979251861572266,179.47113037109375,820.495361328125,0.1289
4,4,78,-23.45020294189453,181.40139770507812,822.4179077148438,0.2102
4,4,79,-22.545381546020508,182.2786865234375,824.1002807617188,0.1507
4,4,80,-20.651472091674805,181.7080535888672,824.4202880859375,0.1577
4,4,81,-18.79990005493164,180.125244140625,823.6939697265625,0.2285
4,4,82,-17.098365783691406,177.78172302246094,822.6571655273438,0.4321
4,4,83,-15.173648834228516,175.65936279296875,822.1156616210938,0.4283
4,4,84,-13.213455200195312,174.7119598388672,822.3807983398438,0.4842
4,4,85,-11.546453475952148,174.6772918701172,823.3665161132812,0.3485
4,4,86,-10.39118480682373,175.54541015625,824.9061889648438,0.3293
4,4,87,-9.871851921081543,177.0486297607422,826.8226318359375,0.2426
4,4,88,-10.38751220703125,179.16241455078125,828.75439453125,0.0806
4,4,89,-11.338342666625977,181.02345275878906,830.5009765625,0.1841
4,4,90,-12.62592601776123,182.7164764404297,832.0100708007812,0.4163
4,4,91,-14.231463432312012,184.38961791992188,833.1585083007812,0.3626
4,4,92,-16.10532569885254,185.80001831054688,833.7415771484375,0.2489
4,4,93,-18.057205200195312,186.81654357910156,833.5596313476562,0.1347
4,4,94,-19.798320770263672,187.2279510498047,832.6331787109375,0.231
4,4,95,-21.34134864807129,187.1517791748047,831.3645629882812,0.3956
4,4,96,-23.009702682495117,187.05799865722656,830.276123046875,0.4371
4,4,97,-24.84765625,187.25521850585938,829.5112915039062,0.3639
4,4,98,-26.808334350585938,187.5786895751953,829.1233520507812,0.1613
4,4,99,-28.790664672851562,188.04090881347656,828.9400024414062,0.0684
4,4,100,-30.77424430847168,188.8801727294922,829.1481323242188,0.0859
4,4,101,-32.70181655883789,189.88302612304688,829.6646118164062,0.2355
4,4,102,-34.29932403564453,190.99578857421875,830.866943359375,0.084
4,4,103,-35.566349029541016,191.94903564453125,832.3815307617188,0.1708
4,4,104,-36.51710510253906,193.2479248046875,834.119384765625,0.1078
4,4,105,-37.08902359008789,194.72560119628906,836.0352783203125,0.1489
4,4,106,-37.20876693725586,195.86532592773438,838.0305786132812,0.3025
4,4,107,-37.298423767089844,196.35845947265625,840.0279541015625,0.32
4,4,108,-37.105857849121094,196.35877990722656,842.0065307617188,0.2969
4,4,109,-36.5107536315918,195.93832397460938,843.8890380859375,0.3277
4,4,110,-35.45138931274414,195.5184783935547,845.5690307617188,0.3206
4,4,111,-33.99457931518555,194.87017822265625,846.916015625,0.2557
4,4,112,-32.05361557006836,194.6688995361328,847.39599609375,0.3387
4,4,113,-30.090259552001953,194.75320434570312,847.2359619140625,0.47
4,4,114,-28.24154281616211,194.79110717773438,846.5743408203125,0.6184
4,4,115,-26.5218505859375,194.33804321289062,845.5564575195312,0.8034
4,4,116,-24.71320152282715,193.54898071289062,844.7476806640625,0.9178
4,4,117,-22.749004364013672,192.3708038330078,844.6891479492188,0.85
4,4,118,-21.022884368896484,191.60989379882812,845.6124267578125,0.6051
4,4,119,-19.974245071411133,191.13357543945312,847.2667846679688,0.5981
4,4,120,-19.816810607910156,191.24307250976562,849.2213134765625,0.7298
4,4,121,-20.57149314880371,191.79653930664062,851.0328979492188,0.7743
4,4,122,-22.061397552490234,192.35142517089844,852.3212280273438,0.693
4,4,123,-23.952322006225586,192.92282104492188,852.9295043945312,0.4877
4,4,124,-25.95023536682129,193.3650665283203,852.983642578125,0.4959
4,4,125,-27.939502716064453,193.48193359375,852.782470703125,0.4266
4,4,126,-29.927902221679688,193.10182189941406,852.9689331054688,0.2987
4,4,127,-31.6828670501709,192.26962280273438,853.8922729492188,0.177
4,4,128,-32.51192855834961,191.40341186523438,855.6647338867188,0.2642
4,4,129,-32.09489440917969,190.6327667236328,857.5889892578125,0.1788
4,4,130,-30.922204971313477,190.3406524658203,859.1995849609375,0.1886
4,4,131,-29.465953826904297,190.1522674560547,860.5689697265625,0.1903
4,4,132,-28.12858772277832,189.7802734375,862.0552368164062,0.3125
4,4,133,-27.19971466064453,189.24559020996094,863.8214721679688,0.3694
4,4,134,-26.893949508666992,188.74684143066406,865.7816772460938,0.3335
4,4,135,-27.332054138183594,188.43016052246094,867.7085571289062,0.252
4,4,136,-28.428537368774414,188.13304138183594,869.3515625,0.1996
4,4,137,-29.956594467163086,188.2958526611328,870.6135864257812,0.0952
4,4,138,-31.794828414916992,188.96707153320312,871.3160400390625,0.1306
4,4,139,-33.7626838684082,189.56329345703125,871.3553466796875,0.1923
4,4,140,-35.69120407104492,190.08169555664062,870.8799438476562,0.4405
4,4,141,-37.49072265625,190.46774291992188,870.0349731445312,0.5819
4,4,142,-39.14084243774414,190.5232696533203,868.9086303710938,0.5995
4,4,143,-40.79613494873047,190.75634765625,867.824951171875,0.3897
4,4,144,-42.716121673583984,191.28663635253906,867.4600219726562,0.281
4,4,145,-44.61366653442383,191.53028869628906,867.9678344726562,0.3127
4,4,146,-46.09843063354492,191.839111328125,869.2197265625,0.3736
4,4,147,-46.857421875,192.11517333984375,871.0283203125,0.4695
4,4,148,-46.778526306152344,192.38998413085938,872.9788818359375,0.558
4,4,149,-46.029850006103516,192.5626983642578,874.8163452148438,0.7563
4,4,150,-45.16927719116211,192.60250854492188,876.6181640625,0.8995
4,4,151,-44.687408447265625,192.17587280273438,878.5359497070312,0.7815
4,4,152,-44.74675750732422,191.81277465820312,880.5186157226562,0.5833
4,4,153,-45.195255279541016,191.8781280517578,882.4619750976562,0.4053
4,4,154,-45.99736022949219,192.63125610351562,884.280029296875,0.3096
4,4,155,-47.044315338134766,193.5891876220703,885.9822998046875,0.1251
4,4,156,-48.23057174682617,194.4649658203125,887.58740234375,0.1866
4,4,157,-49.63086700439453,195.08807373046875,888.998779296875,0.1659
4,4,158,-51.31719970703125,195.88475036621094,890.0238037109375,0.3966
4,4,159,-53.24905776977539,196.9647674560547,890.4312133789062,0.2488
4,4,160,-55.2064094543457,198.1062774658203,890.1529541015625,0.2807
4,4,161,-56.936466217041016,199.0620880126953,889.1987915039062,0.1476
4,4,162,-58.1722412109375,199.48199462890625,887.6553955078125,0.233
4,4,163,-58.82410430908203,199.58331298828125,885.7702026367188,0.317
4,4,164,-59.172611236572266,199.4014892578125,883.8015747070312,0.2541
4,4,165,-59.607643127441406,199.42019653320312,881.85009765625,0.1862
4,4,166,-60.2101936340332,199.72833251953125,879.9439086914062,0.0637
4,4,167,-60.69768524169922,200.0024871826172,878.0054321289062,0.0979
4,4,168,-60.74786376953125,200.00518798828125,876.0188598632812,0.1646
4,4,169,-60.14276123046875,199.0946044921875,874.1409912109375,0.2317
4,4,170,-58.92168045043945,198.1014862060547,872.5921020507812,0.3916
4,4,171,-57.2483024597168,197.16104125976562,871.54931640625,0.2817
4,4,172,-55.34940719604492,196.15255737304688,870.9541015625,0.2211
4,4,173,-53.53935623168945,195.50497436523438,870.1348876953125,0.1393
4,4,174,-52.039146423339844,194.67855834960938,868.8402709960938,0.1156
4,4,175,-50.86664962768555,194.04623413085938,867.2335205078125,0.2836
4,4,176,-49.65517044067383,193.5597686767578,865.6491088867188,0.3134
4,4,177,-48.121185302734375,193.13040161132812,864.4000854492188,0.278
4,4,178,-46.30207824707031,192.4788818359375,863.6067504882812,0.2117
4,4,179,-44.52187728881836,192.1460418701172,862.7202758789062,0.1451
4,4,180,-43.06296157836914,191.8069610595703,861.390380859375,0.1433
4,4,181,-42.11099624633789,191.8080596923828,859.6770629882812,0.33
4,4,182,-41.7487907409668,192.0291290283203,857.7427978515625,0.4913
4,4,183,-42.01909255981445,192.7025604248047,855.7888793945312,0.4352
4,4,184,-43.04121780395508,194.03981018066406,854.0729370117188,0.3548
4,4,185,-44.36027145385742,195.81085205078125,852.5703735351562,0.3519
4,4,186,-46.001121520996094,197.2105712890625,851.434814453125,0.3203
4,4,187,-47.89664840698242,198.1399383544922,850.855712890625,0.3792
4,4,188,-49.87034606933594,198.89309692382812,850.9515380859375,0.4442
4,4,189,-51.752281188964844,199.3956756591797,851.5918579101562,0.5796
4,4,190,-53.48011016845703,199.66712951660156,852.5866088867188,0.7123
4,4,191,-55.06889343261719,199.8857421875,853.79638671875,0.6386
4,4,192,-56.567161560058594,199.96694946289062,855.1193237304688,0.4022
4,4,193,-58.037811279296875,199.86422729492188,856.4738159179688,0.1796
4,4,194,-59.54174041748047,199.9875946044922,857.7909545898438,0.1068
4,4,195,-61.12453079223633,200.08726501464844,859.0108642578125,0.2867
4,4,196,-62.80522537231445,200.43345642089844,860.0908813476562,0.4426
4,4,197,-64.57298278808594,200.8629913330078,861.022216796875,0.3711
4,4,198,-66.39433288574219,201.3052520751953,861.8456420898438,0.3162
4,4,199,-68.19678497314453,201.91146850585938,862.7094116210938,0.3192
4,4,200,-69.8946304321289,202.4208526611328,863.7570190429688,0.3408
4,4,201,-71.32603454589844,202.63009643554688,865.131591796875,0.4865
4,4,202,-72.12760162353516,202.4514617919922,866.923583984375,0.3266
4,4,203,-71.82978057861328,201.93028259277344,868.8543701171875,0.1374
4,4,204,-70.87057495117188,201.84506225585938,870.5996704101562,0.0631
4,4,205,-70.18035125732422,201.91925048828125,872.47314453125,0.0628
4,4,206,-69.748291015625,202.27171325683594,874.4217529296875,0.0801
4,4,207,-68.90838623046875,202.55044555664062,876.2139892578125,0.1378
4,4,208,-67.63024139404297,202.49661254882812,877.7349243164062,0.4136
4,4,209,-66.18489837646484,202.38946533203125,879.1153564453125,0.5798
4,4,210,-64.97029113769531,202.1286163330078,880.6856689453125,0.535
4,4,211,-64.22531127929688,202.09571838378906,882.5242919921875,0.3325
4,4,212,-63.7005729675293,202.1123504638672,884.4530029296875,0.3793
4,4,213,-63.24190139770508,202.08828735351562,886.3988647460938,0.3041
4,4,214,-63.03838348388672,201.9936981201172,888.3762817382812,0.2121
4,4,215,-63.39947509765625,201.93096923828125,890.306640625,0.192
4,4,216,-64.422607421875,201.9075927734375,891.98486328125,0.2736
4,4,217,-65.94464874267578,202.0228729248047,893.2387084960938,0.36
4,4,218,-67.78144073486328,202.41036987304688,893.9577026367188,0.2917
4,4,219,-69.74853515625,202.68125915527344,894.017333984375,0.3576
4,4,220,-71.60114288330078,203.0700225830078,893.3439331054688,0.2969
4,4,221,-73.17059326171875,203.59605407714844,892.1144409179688,0.1648
4,4,222,-74.5438232421875,204.01028442382812,890.6617431640625,0.0564
4,4,223,-75.85403442382812,204.4101104736328,889.1536865234375,0.2212
4,4,224,-77.43687438964844,204.52552795410156,887.9344482421875,0.2536
4,4,225,-79.33600616455078,204.30697631835938,887.3116455078125,0.4468
4,4,226,-81.33466339111328,203.76634216308594,887.3665161132812,0.5319
4,4,227,-83.27655792236328,203.17835998535156,887.8351440429688,0.3708
4,4,228,-85.21453094482422,202.23611450195312,888.4000854492188,0.3026
4,4,229,-86.8666000366211,202.02444458007812,885.8990478515625,0.1861
4,4,230,-87.45901489257812,201.99571228027344,885.4028930664062,0.181
4,4,231,-89.70632934570312,201.3004913330078,885.9622802734375,0.362
4,4,232,-92.62628173828125,201.60494995117188,884.1454467773438,0.1246
4,4,233,-92.8145751953125,202.4448699951172,881.3863525390625,0.1253
4,4,234,-90.06767272949219,203.0775604248047,880.0345458984375,0.1544
4,4,235,-86.52058410644531,203.55093383789062,879.8316040039062,0.221
4,4,236,-84.47220611572266,204.11854553222656,878.5150756835938,0.0712
4,4,237,-86.22935485839844,204.5487823486328,875.3269653320312,0.132
4,4,238,-84.96053314208984,205.09913635253906,873.7898559570312,0.2471
4,4,239,-83.16513061523438,205.3204803466797,873.108154296875,0.2232
4,4,240,-81.80000305175781,205.30252075195312,874.4183349609375,0.1907
4,4,241,-81.11558532714844,205.2672119140625,876.2817993164062,0.1114
4,4,242,-80.19480895996094,205.32948303222656,878.0371704101562,0.1858
4,4,243,-78.80545043945312,205.3513641357422,879.3501586914062,0.2279
4,4,244,-76.98641967773438,205.176513671875,879.5003662109375,0.117
4,4,245,-75.73297882080078,204.49522399902344,878.1322021484375,0.1486
4,4,246,-75.33991241455078,204.0821533203125,876.1844482421875,0.2742
4,4,247,-75.28778076171875,203.78570556640625,874.1857299804688,0.3471
4,4,248,-75.70008087158203,203.5393524169922,872.2319946289062,0.2425
4,4,249,-76.32948303222656,203.5218505859375,870.343017578125,0.2193
4,4,250,-77.15541076660156,203.7102508544922,868.5238037109375,0.1548
4,4,251,-78.24480438232422,204.1861114501953,866.8967895507812,0.2581
4,4,252,-80.06767272949219,204.69114685058594,866.2320556640625,0.2557
4,4,253,-82.03247833251953,205.255859375,866.4629516601562,0.3986
4,4,254,-83.89397430419922,205.45472717285156,867.1708374023438,0.6801
4,4,255,-85.63040924072266,205.95169067382812,868.15380859375,0.6265
4,4,256,-87.23218536376953,206.14022827148438,869.3441162109375,0.492
4,4,257,-88.5950698852539,206.15049743652344,870.791015625,0.3737
4,4,258,-89.79559326171875,206.2579803466797,872.3895263671875,0.234
4,4,259,-89.89759826660156,205.58685302734375,874.7978515625,0.0395
4,4,260,-93.42984008789062,205.99656677246094,874.7596435546875,0.1172
4,4,261,-95.8587646484375,205.58596801757812,875.8930053710938,0.3035
4,4,262,-95.58414459228516,204.25071716308594,878.3576049804688,0.2186
4,4,263,-94.0613784790039,202.5121612548828,881.541748046875,0.2007
4,4,264,-94.4066390991211,201.67430114746094,884.4891357421875,0.2485
4,4,265,-96.63442993164062,201.9376983642578,885.0731811523438,0.3065
4,4,266,-99.423095703125,202.74020385742188,884.8446655273438,0.0892
4,4,267,-100.4145278930664,202.630126953125,886.537109375,0.2607
4,4,268,-100.87805938720703,202.23162841796875,888.4697875976562,0.325
4,4,269,-100.99020385742188,201.99859619140625,890.4598388671875,0.4656
4,4,270,-100.8177719116211,201.63064575195312,892.4468994140625,0.4867
4,4,271,-100.38317108154297,201.2155303955078,894.3939819335938,0.3955
4,4,272,-99.69119262695312,200.9598846435547,896.2647094726562,0.1967
4,4,273,-98.72982788085938,200.71109008789062,898.0103149414062,0.2192
4,4,274,-97.47421264648438,200.72071838378906,899.5536499023438,0.1472
4,4,275,-95.91629028320312,200.8481903076172,900.784912109375,0.1057
4,4,276,-94.099365234375,201.14219665527344,901.5741577148438,0.2762
4,4,277,-92.13712310791016,201.1985626220703,901.7714233398438,0.4539
4,4,278,-90.23780822753906,201.2537841796875,901.2709350585938,0.3444
4,4,279,-88.66230010986328,201.37811279296875,900.1001586914062,0.1546
4,4,280,-87.563720703125,201.85435485839844,898.458740234375,0.1478
4,4,281,-86.8421859741211,202.03756713867188,896.5980834960938,0.0935
4,4,282,-86.169677734375,202.2629852294922,894.7234497070312,0.0764
4,4,283,-85.0629653930664,202.68350219726562,893.106689453125,0.2194
4,4,284,-83.35639190673828,203.1398468017578,892.1246948242188,0.2454
4,4,285,-81.39969635009766,203.62576293945312,891.8362426757812,0.3206
4,4,286,-79.46327209472656,203.71868896484375,892.231689453125,0.3538
4,4,287,-77.80685424804688,203.7023468017578,893.3314208984375,0.1822
4,4,288,-76.61412048339844,203.66366577148438,894.924560546875,0.1988
4,4,289,-76.24359893798828,203.36541748046875,896.8713989257812,0.2432
4,4,290,-76.95478820800781,202.97132873535156,898.7120361328125,0.243
4,4,291,-78.45801544189453,202.6221466064453,900.0084838867188,0.213
4,4,292,-80.30545806884766,201.977294921875,900.7695922851562,0.157
4,4,293,-82.22872924804688,201.4732666015625,901.3118286132812,0.1742
4,4,294,-84.01129150390625,201.21224975585938,902.217529296875,0.1998
4,4,295,-85.5372085571289,200.92605590820312,903.5074462890625,0.0891
4,4,296,-86.5934829711914,200.46421813964844,905.1948852539062,0.1976
4,4,297,-86.9886245727539,200.37022399902344,907.13720703125,0.429
4,4,298,-86.77294158935547,200.21343994140625,909.1072998046875,0.3355
4,4,299,-85.95155334472656,199.5405731201172,910.8991088867188,0.341
4,4,300,-84.61031341552734,198.8481903076172,912.3412475585938,0.1733
4,4,301,-82.86127471923828,198.2082061767578,913.2139892578125,0.1757
4,4,302,-80.90013885498047,198.16444396972656,913.4295043945312,0.0577
4,4,303,-78.95708465576172,198.3903045654297,913.0604248046875,0.1114
4,4,304,-77.18775177001953,198.7639923095703,912.1670532226562,0.1532
4,4,305,-75.65663146972656,199.22357177734375,910.8856201171875,0.1042
4,4,306,-74.24322509765625,199.84735107421875,909.4749755859375,0.0491
4,4,307,-72.62372589111328,200.1214141845703,908.31103515625,0.2095
4,4,308,-70.69144439697266,199.91709899902344,907.8646240234375,0.2478
4,4,309,-68.88777923583984,199.18292236328125,908.5794677734375,0.2599
4,4,310,-68.12406158447266,198.52517700195312,910.3057861328125,0.141
4,4,311,-68.79061126708984,198.0053253173828,912.0988159179688,0.1489
4,4,312,-70.23865509033203,197.68692016601562,913.4424438476562,0.2939
4,4,313,-71.83606719970703,197.34620666503906,914.6444702148438,0.304
4,4,314,-73.30685424804688,196.7637176513672,915.9859008789062,0.1809
4,4,315,-74.51639556884766,196.0659942626953,917.5630493164062,0.3309
4,4,316,-75.35154724121094,195.2346649169922,919.3659057617188,0.4181
4,4,317,-75.65525817871094,194.2356719970703,921.3411865234375,0.3433
4,4,318,-75.19989776611328,193.12713623046875,923.2880859375,0.3118
4,4,319,-74.29524230957031,192.02757263183594,925.0594482421875,0.2496
4,4,320,-73.09498596191406,190.693603515625,926.6487426757812,0.1152
4,4,321,-71.86404418945312,189.4320526123047,928.2230224609375,0.1178
4,4,322,-70.62770080566406,188.23220825195312,929.7936401367188,0.1215
4,4,323,-69.17251586914062,187.19393920898438,931.1451416015625,0.0504
4,4,324,-67.47784423828125,186.28111267089844,932.1965942382812,0.1096
4,4,325,-65.64749145507812,185.3665008544922,932.990478515625,0.0527
4,4,326,-63.718605041503906,184.58668518066406,933.4907836914062,0.16
4,4,327,-61.73379898071289,184.29527282714844,933.585693359375,0.3183
4,4,328,-59.842952728271484,184.4051055908203,933.0319213867188,0.2254
4,4,329,-58.57088851928711,185.00424194335938,931.5509033203125,0.3092
4,4,330,-58.501991271972656,185.94712829589844,929.5555419921875,0.3651
4,4,331,-58.97004699707031,186.72178649902344,927.6116943359375,0.3391
4,4,332,-59.260765075683594,187.3997039794922,925.6345825195312,0.3557
4,4,333,-58.86888885498047,188.17599487304688,923.7227172851562,0.3452
4,4,334,-57.72002029418945,188.86233520507812,922.1363525390625,0.111
4,4,335,-56.06422805786133,189.49197387695312,921.0830078125,0.2149
4,4,336,-54.14625549316406,189.5600128173828,920.7349243164062,0.2245
4,4,337,-52.27327346801758,189.07643127441406,921.233642578125,0.202
4,4,338,-50.841339111328125,188.14044189453125,922.5371704101562,0.124
4,4,339,-50.1009407043457,187.17115783691406,924.3536376953125,0.1278
4,4,340,-50.02806091308594,186.27655029296875,926.33984375,0.1499
4,4,341,-50.45124435424805,185.43902587890625,928.2921752929688,0.1784
4,4,342,-50.578407287597656,184.25558471679688,930.2869873046875,0.2534
4,4,343,-49.90463638305664,182.9779052734375,932.16943359375,0.2905
4,4,344,-48.46510314941406,181.78099060058594,933.5432739257812,0.2967
4,4,345,-46.525428771972656,181.1141357421875,933.9248046875,0.5056
4,4,346,-44.54178237915039,180.79820251464844,933.689453125,0.4783
4,4,347,-42.60099792480469,180.5908660888672,933.2119140625,0.4049
4,4,348,-40.703826904296875,180.4844207763672,932.5819702148438,0.3677
4,4,349,-38.85359191894531,180.39146423339844,931.8251342773438,0.1799
4,4,350,-37.055667877197266,180.34185791015625,930.9510498046875,0.0987
4,4,351,-35.319881439208984,180.29957580566406,929.9593505859375,0.243
4,4,352,-33.66948318481445,180.61917114257812,928.831787109375,0.2279
4,4,353,-32.1510009765625,181.17681884765625,927.5317993164062,0.1866
4,4,354,-30.853242874145508,181.95437622070312,926.0117797851562,0.2323
4,4,355,-29.945499420166016,182.7951202392578,924.2356567382812,0.1869
4,4,356,-29.728437423706055,183.94131469726562,922.2703247070312,0.1457
4,4,357,-30.42291831970215,185.1644744873047,920.4241943359375,0.2184
4,4,358,-31.789396286010742,186.17405700683594,918.9841918945312,0.2166
4,4,359,-33.522056579589844,187.00289916992188,918.0361938476562,0.2381
4,4,360,-35.48477554321289,187.53712463378906,917.7161254882812,0.2471
4,4,361,-37.48314666748047,187.73963928222656,917.7527465820312,0.2617
4,4,362,-39.47458267211914,188.04013061523438,917.6320190429688,0.2642
4,4,363,-41.374000549316406,188.52012634277344,917.0077514648438,0.3229
4,4,364,-42.88505935668945,189.1876220703125,915.698486328125,0.2391
4,4,365,-43.68595504760742,189.79287719726562,913.8707885742188,0.2068
4,4,366,-43.54934310913086,190.1748046875,911.881103515625,0.2559
4,4,367,-42.49120330810547,190.64834594726562,910.1895141601562,0.1216
4,4,368,-40.84920883178711,190.95803833007812,909.0486450195312,0.1135
4,4,369,-38.991477966308594,191.10391235351562,908.3113403320312,0.2108
4,4,370,-37.201011657714844,191.0330047607422,907.42333984375,0.2576
4,4,371,-35.68153762817383,190.99781799316406,906.1456909179688,0.2588
4,4,372,-34.643089294433594,191.17233276367188,904.467529296875,0.1859
4,4,373,-34.35706329345703,191.38372802734375,902.5317993164062,0.1157
4,4,374,-35.02484130859375,191.46383666992188,900.7042846679688,0.1747
4,4,375,-36.4870719909668,191.54127502441406,899.4030151367188,0.1809
4,4,376,-38.3306770324707,191.76559448242188,898.6864013671875,0.1699
4,4,377,-40.28779602050781,192.24778747558594,898.2982788085938,0.161
4,4,378,-42.22745895385742,192.5756378173828,897.842529296875,0.1694
4,4,379,-44.00392150878906,193.1099395751953,896.9832763671875,0.1998
4,4,380,-45.3706169128418,193.3046875,895.5787963867188,0.2809
4,4,381,-46.02250671386719,193.47171020507812,893.7405395507812,0.3424
4,4,382,-45.790523529052734,193.81982421875,891.8026123046875,0.2676
4,4,383,-44.86782455444336,193.63693237304688,890.049072265625,0.162
4,4,384,-43.6150016784668,193.1793975830078,888.4932250976562,0.209
4,4,385,-42.332584381103516,192.4661865234375,886.9669189453125,0.2597
4,4,386,-41.35774230957031,191.69180297851562,885.2330932617188,0.4398
4,4,387,-40.81106948852539,190.93763732910156,883.314453125,0.4782
4,4,388,-40.56217575073242,190.5044708251953,881.330810546875,0.4744
4,4,389,-40.20814895629883,190.31678771972656,879.36328125,0.5583
4,4,390,-39.492332458496094,190.1776885986328,877.4979248046875,0.5853
4,4,391,-38.04536437988281,190.03553771972656,876.1386108398438,0.6152
4,4,392,-36.142452239990234,189.64122009277344,875.5604248046875,0.4747
4,4,393,-34.14311218261719,189.09764099121094,875.55224609375,0.4334
4,4,394,-32.14462661743164,188.51332092285156,875.61328125,0.3396
4,4,395,-30.17607879638672,188.0025634765625,875.2642822265625,0.1696
4,4,396,-28.36623191833496,187.6454620361328,874.4236450195312,0.143
4,4,397,-26.758346557617188,187.1888885498047,873.2417602539062,0.2321
4,4,398,-25.141408920288086,187.11012268066406,872.0657348632812,0.3444
4,4,399,-23.382108688354492,187.0354766845703,871.1285400390625,0.3781
4,4,400,-21.459278106689453,186.9457244873047,870.6507568359375,0.366
4,4,401,-19.482406616210938,186.7579345703125,870.7349243164062,0.2781
4,4,402,-17.602066040039062,186.4368438720703,871.3549194335938,0.2198
4,4,403,-15.904687881469727,186.14840698242188,872.3886108398438,0.2579
4,4,404,-14.370101928710938,186.1920928955078,873.6666259765625,0.1004
4,4,405,-12.92281436920166,186.69728088378906,875.0458984375,0.1552
4,4,406,-11.612253189086914,187.44883728027344,876.5438842773438,0.2261
4,4,407,-10.481926918029785,187.7741241455078,878.193115234375,0.37
4,4,408,-9.222041130065918,187.89215087890625,879.7315063476562,0.3752
4,4,409,-7.657742977142334,187.89492797851562,880.9573974609375,0.2789
4,4,410,-5.912776470184326,187.84600830078125,881.93359375,0.2004
4,4,411,-4.2043561935424805,187.6500244140625,882.9631958007812,0.1816
4,4,412,-2.6783390045166016,187.17396545410156,884.2449951171875,0.1354
4,4,413,-1.4244979619979858,186.79608154296875,885.793212890625,0.3547
4,4,414,-0.5350545048713684,186.28521728515625,887.5803833007812,0.3259
4,4,415,0.005599610973149538,186.18321228027344,889.5054321289062,0.4753
4,4,416,0.2278648316860199,186.16014099121094,891.4920654296875,0.5224
4,4,417,0.18234063684940338,185.89491271972656,893.488525390625,0.55
4,4,418,-3.0315661430358887,186.10260009765625,894.6596069335938,0.5518
4,4,419,-2.5559465885162354,185.79745483398438,896.4087524414062,0.5646
4,4,420,-1.3381931781768799,185.3249969482422,899.5383911132812,0.6592
4,4,421,-1.685503363609314,184.9512176513672,902.4990844726562,0.5769
4,4,422,-3.770231246948242,185.23106384277344,903.1890869140625,0.6789
4,4,423,-7.00724458694458,185.683837890625,902.2914428710938,0.7748
4,4,424,-8.152082443237305,185.41293334960938,904.0267944335938,0.7812
4,4,425,-9.696232795715332,185.45916748046875,905.2762451171875,0.8129
4,4,426,-11.547218322753906,185.6558837890625,905.9522705078125,0.5846
4,4,427,-13.503254890441895,185.98965454101562,905.7487182617188,0.4727
4,4,428,-15.22075366973877,186.3585968017578,904.7681884765625,0.4401
4,4,429,-16.59114646911621,186.74856567382812,903.3189086914062,0.4595
4,4,430,-17.763784408569336,187.27667236328125,901.701171875,0.3495
4,4,431,-19.105052947998047,187.92103576660156,900.2186279296875,0.2825
4,4,432,-20.79166603088379,188.54620361328125,899.144775390625,0.2119
4,4,433,-22.712379455566406,189.2025909423828,898.614990234375,0.1688
4,4,434,-24.698307037353516,189.76878356933594,898.6705322265625,0.2357
4,4,435,-26.581401824951172,190.1463165283203,899.2899780273438,0.2718
4,4,436,-28.201528549194336,190.54754638671875,900.4254760742188,0.1679
4,4,437,-29.427799224853516,190.49307250976562,901.9776000976562,0.135
4,4,438,-30.26271629333496,190.42544555664062,903.7817993164062,0.1002
4,4,439,-30.939573287963867,190.12998962402344,905.6632690429688,0.1381
4,4,440,-31.636999130249023,189.87535095214844,907.5369873046875,0.275
4,4,441,-32.23699951171875,189.594482421875,909.4358520507812,0.1868
4,4,442,-32.30548858642578,189.06298828125,911.3947143554688,0.3044
4,4,443,-31.53227996826172,188.27545166015625,913.1950073242188,0.2887
4,4,444,-30.223669052124023,187.34397888183594,914.6970825195312,0.0923
4,4,445,-28.762941360473633,186.50498962402344,916.0624389648438,0.1441
4,4,446,-27.284156799316406,185.73043823242188,917.407958984375,0.1949
4,4,447,-25.769437789916992,184.8607940673828,918.7127075195312,0.1759
4,4,448,-24.252399444580078,183.68475341796875,920.0117797851562,0.1651
4,4,449,-22.819496154785156,182.3517303466797,921.4027099609375,0.2098
4,4,450,-21.20612907409668,181.14244079589844,922.5713500976562,0.2338
4,4,451,-19.40446662902832,180.18067932128906,923.4239501953125,0.1671
4,4,452,-17.492935180664062,179.1388702392578,923.9974975585938,0.1546
4,4,453,-15.526875495910645,178.47727966308594,924.3462524414062,0.0704
4,4,454,-13.535210609436035,178.098388671875,924.4848022460938,0.2537
4,4,455,-11.544133186340332,177.93331909179688,924.3746948242188,0.3221
4,4,456,-9.609061241149902,177.72328186035156,923.91748046875,0.4003
4,4,457,-7.153406620025635,177.04518127441406,923.828857421875,0.3004
4,4,458,-8.171184539794922,178.44517517089844,920.6244506835938,0.289
4,4,459,-8.984040260314941,179.69911193847656,918.8544311523438,0.2738
4,4,460,-5.733306407928467,179.45188903808594,917.5772094726562,0.4219
4,4,461,-5.340446472167969,180.7552490234375,915.6177368164062,0.4919
4,4,462,-4.887397766113281,181.85885620117188,913.672119140625,0.6183
4,4,463,-4.764647960662842,182.7579803466797,911.6763916015625,0.7042
4,4,464,-5.205225467681885,183.6222381591797,909.734130859375,0.6813
4,4,465,-5.285332679748535,184.14654541015625,907.7579956054688,0.6511
4,4,466,-6.282095909118652,185.0446014404297,904.7171630859375,0.7041
4,4,467,-2.74153733253479,184.420654296875,905.0107421875,0.6502
4,4,468,-0.41470226645469666,183.43409729003906,906.228271484375,0.6459
4,4,469,0.6285288333892822,183.3590545654297,905.7081298828125,0.6655
4,4,470,2.608079195022583,183.5684814453125,903.4393920898438,0.762
4,4,471,5.835732460021973,183.06423950195312,902.3330688476562,0.6536
4,4,472,7.822372913360596,181.46640014648438,904.0751342773438,0.6861
4,4,473,7.214771270751953,179.9466094970703,907.3135375976562,0.3518
4,4,474,5.53251838684082,179.24822998046875,909.9821166992188,0.3686
4,4,475,5.3204545974731445,178.638916015625,911.3463134765625,0.3507
4,4,476,7.28444766998291,176.88534545898438,912.9694213867188,0.2803
4,4,477,8.638850212097168,175.49742126464844,916.2420654296875,0.1005
4,4,478,6.737086296081543,175.15953063964844,918.7163696289062,0.0848
4,4,479,3.7308311462402344,176.23643493652344,917.6405029296875,0.4024
4,4,480,1.1348549127578735,178.42982482910156,914.9871215820312,0.5546
4,4,481,-2.2402610778808594,179.6395721435547,915.333984375,0.5569
4,4,482,-2.6086883544921875,177.57138061523438,918.8737182617188,0.4056
4,4,483,0.21263909339904785,175.93539428710938,920.8401489257812,0.2275
4,4,484,2.0820388793945312,175.4178924560547,920.9100341796875,0.391
4,4,485,2.3210599422454834,174.83729553222656,922.4198608398438,0.3479
4,4,486,3.2201437950134277,174.05699157714844,925.6442260742188,0.3074
4,4,487,5.436675071716309,173.51361083984375,927.739990234375,0.1519
4,4,488,7.770880699157715,173.42752075195312,926.7427978515625,0.1274
4,4,489,9.133367538452148,173.8935089111328,923.5565185546875,0.1822
4,4,490,9.991161346435547,174.34844970703125,920.8255615234375,0.0355
4,4,491,11.740412712097168,174.43991088867188,920.3063354492188,0.1241
4,4,492,14.73378849029541,174.1559295654297,921.5270385742188,0.115
4,4,493,17.74641990661621,173.70045471191406,922.5038452148438,0.1413
4,4,494,19.478940963745117,173.67604064941406,921.4345703125,0.0866
4,4,495,19.818599700927734,173.69947814941406,918.3104248046875,0.0684
4,4,496,19.527040481567383,173.9373321533203,915.1949462890625,0.3205
4,4,497,19.708627700805664,173.99610900878906,914.496337890625,0.2824
4,4,498,21.60845375061035,173.91366577148438,913.5953369140625,0.1641
4,4,499,22.124216079711914,175.26229858398438,910.2176513671875,0.1636
4,4,500,20.7119197845459,176.30714416503906,908.4135131835938,0.329
4,4,501,18.181591033935547,176.14749145507812,908.837646484375,0.4114
4,4,502,14.953248023986816,176.05108642578125,909.796875,0.4407
4,4,503,13.02763843536377,176.17771911621094,910.0589599609375,0.4067
4,4,504,11.757857322692871,177.39683532714844,908.0160522460938,0.3781
4,4,505,11.706748008728027,179.6196746826172,904.5656127929688,0.2026
4,4,506,12.14854907989502,180.81541442871094,902.5891723632812,0.3179
4,4,507,10.662776947021484,181.59649658203125,901.8546142578125,0.4558
4,4,508,7.8626179695129395,183.23248291015625,900.0194091796875,0.549
4,4,509,7.031731128692627,184.24974060058594,896.8685913085938,0.3974
4,4,510,9.487589836120605,184.15293884277344,895.2095336914062,0.1792
4,4,511,12.74704647064209,183.32553100585938,896.5142822265625,0.372
4,4,512,14.394970893859863,182.4359130859375,898.45166015625,0.2349
4,4,513,15.440038681030273,182.3745574951172,898.291015625,0.2205
4,4,514,18.16259002685547,183.09567260742188,897.08935546875,0.1561
4,4,515,21.461959838867188,182.5699005126953,897.9649658203125,0.2215
4,4,516,22.040664672851562,181.59251403808594,900.3361206054688,0.2261
4,4,517,20.04619598388672,179.96925354003906,902.7442016601562,0.3102
4,4,518,18.731834411621094,177.8055877685547,905.9751586914062,0.4003
4,4,519,20.42000389099121,176.3738250732422,908.3265380859375,0.367
4,4,520,23.702184677124023,176.54827880859375,907.5556030273438,0.1858
4,4,521,25.694026947021484,178.2183837890625,904.9784545898438,0.2781
4,4,522,26.754192352294922,178.88821411132812,903.8682861328125,0.2285
4,4,523,28.969831466674805,177.70947265625,904.7841796875,0.1049
4,4,524,32.350990295410156,176.10794067382812,905.658935546875,0.3217
4,4,525,34.79152297973633,176.3717803955078,904.6836547851562,0.4717
4,4,526,34.760101318359375,178.72947692871094,901.942626953125,0.4057
4,4,527,33.142578125,180.67727661132812,898.8310546875,0.2606
4,4,528,32.38896560668945,181.595458984375,896.5593872070312,0.2064
4,4,529,34.07096481323242,181.82852172851562,895.1961059570312,0.3632
4,4,530,37.295814514160156,181.93389892578125,893.9456176757812,0.2556
4,4,531,39.50986862182617,182.34254455566406,892.1624755859375,0.2833
4,4,532,38.93330764770508,182.93312072753906,889.9404296875,0.2041
4,4,533,36.278289794921875,183.47579956054688,887.7662353515625,0.3926
4,4,534,36.9061164855957,183.4623565673828,885.781494140625,0.3991
4,4,535,36.77336883544922,183.47959899902344,883.786865234375,0.4168
4,4,536,36.38958740234375,183.45713806152344,881.8267822265625,0.4615
4,4,537,35.17571258544922,183.51817321777344,880.319580078125,0.5414
4,4,538,33.29141616821289,183.7610626220703,879.6908569335938,0.5852
4,4,539,31.29330062866211,183.75604248046875,879.618896484375,0.4641
4,4,540,29.294010162353516,183.64259338378906,879.6068115234375,0.3784
4,4,541,27.347333908081055,183.6024627685547,880.0169677734375,0.39
4,4,542,25.688899993896484,183.8784942626953,881.0733642578125,0.4545
4,4,543,24.331666946411133,184.3007354736328,882.5279541015625,0.5519
4,4,544,23.115215301513672,184.34005737304688,884.1139526367188,0.5113
4,4,545,22.023170471191406,184.3618927001953,885.7855224609375,0.3577
4,4,546,20.79021644592285,184.42755126953125,887.3363647460938,0.3132
4,4,547,19.84856605529785,184.38934326171875,891.22265625,0.2006
4,4,548,16.627620697021484,184.98648071289062,889.5708618164062,0.2029
4,4,549,17.14208221435547,185.2154998779297,886.353759765625,0.119
4,4,550,15.787195205688477,185.2866973876953,884.9585571289062,0.0972
4,4,551,16.79913330078125,185.15667724609375,883.2393798828125,0.0865
4,4,552,18.27052116394043,184.7589569091797,881.8856811523438,0.2616
4,4,553,19.748769760131836,184.46453857421875,880.5393676757812,0.3193
4,4,554,20.93816375732422,184.36509704589844,878.9461669921875,0.4415
4,4,555,21.32128143310547,184.32296752929688,877.0437622070312,0.2898
4,4,556,20.637117385864258,184.3880157470703,875.224853515625,0.326
4,4,557,19.489652633666992,184.65835571289062,873.5947875976562,0.2346
4,4,558,18.083120346069336,185.04507446289062,872.188720703125,0.0976
4,4,559,16.505815505981445,185.2767333984375,870.9625244140625,0.1593
4,4,560,14.819226264953613,185.44036865234375,869.8984985351562,0.0942
4,4,561,12.95441722869873,185.58737182617188,869.3272705078125,0.1282
4,4,562,11.083104133605957,185.93887329101562,869.7943115234375,0.2663
4,4,563,9.669431686401367,186.69215393066406,871.1430053710938,0.2669
4,4,564,8.776111602783203,186.89060974121094,872.9103393554688,0.2382
4,4,565,8.19386100769043,186.91244506835938,874.82080078125,0.1482
4,4,566,7.5936808586120605,186.91876220703125,876.7188720703125,0.1366
4,4,567,6.598269462585449,186.93373107910156,878.4281616210938,0.0736
4,4,568,5.106605529785156,186.9550323486328,879.7272338867188,0.1206
4,4,569,3.262199640274048,186.98114013671875,880.4579467773438,0.1955
4,4,570,1.276069164276123,187.03854370117188,880.5708618164062,0.1352
4,4,571,-0.657523512840271,187.32273864746094,880.0758056640625,0.1169
4,4,572,-2.375890016555786,187.68051147460938,879.0537719726562,0.2753
4,4,573,-3.888925790786743,187.8017120361328,877.7477416992188,0.3301
4,4,574,-5.1998443603515625,187.8386993408203,876.2405395507812,0.4117
4,4,575,-6.621193885803223,187.83651733398438,874.8355712890625,0.4931
4,4,576,-8.231424331665039,187.7986297607422,873.6548461914062,0.4265
4,4,577,-9.793095588684082,187.6053924560547,872.4072875976562,0.3264
4,4,578,-11.341913223266602,187.22486877441406,871.1427612304688,0.3938
4,4,579,-12.785017967224121,186.97171020507812,869.7604370117188,0.2601
4,4,580,-14.020164489746094,187.0413360595703,868.1937255859375,0.2439
4,4,581,-14.94559383392334,187.47918701171875,866.4310302734375,0.2656
4,4,582,-15.551435470581055,188.14601135253906,864.5330810546875,0.2851
4,4,583,-15.888111114501953,188.65762329101562,862.566650390625,0.1609
4,4,584,-16.00994300842285,188.9671630859375,860.57373046875,0.1814
4,4,585,-15.954675674438477,189.40435791015625,858.576904296875,0.2357
4,4,586,-15.743504524230957,189.47830200195312,856.5899658203125,0.3045
4,4,587,-15.387115478515625,189.4827117919922,854.6239013671875,0.3042
4,4,588,-14.890888214111328,189.3709259033203,852.6880493164062,0.3838
4,4,589,-14.259033203125,189.02398681640625,850.7921752929688,0.4901
4,4,590,-13.495195388793945,188.65188598632812,848.94482421875,0.2732
4,4,591,-12.604324340820312,188.57223510742188,847.1552124023438,0.2409
4,4,592,-11.589452743530273,188.34425354003906,845.4326782226562,0.1703
4,4,593,-10.45175552368164,187.5747528076172,843.788330078125,0.1737
4,4,594,-9.20209789276123,186.656494140625,842.22802734375,0.1357
4,4,595,-7.844940662384033,185.56597900390625,840.7607421875,0.2782
4,4,596,-6.384646892547607,184.55601501464844,839.3966674804688,0.4378
4,4,597,-4.825066566467285,183.4230499267578,838.1475219726562,0.4226
4,4,598,-3.170076847076416,182.1420135498047,837.028564453125,0.2183
4,4,599,-1.4236818552017212,180.83663940429688,836.0599975585938,0.0656
4,4,600,0.4089924991130829,179.40469360351562,835.2686157226562,0.0769
4,4,601,2.317744493484497,178.18983459472656,834.6892700195312,0.2535
4,4,602,4.284900188446045,177.36431884765625,834.3623046875,0.3915
4,4,603,6.278375625610352,177.23805236816406,834.3309936523438,0.517
4,4,604,8.247061729431152,177.2471160888672,834.643798828125,0.544
4,4,605,10.101133346557617,177.4842987060547,835.3828125,0.4117
4,4,606,11.712996482849121,178.07144165039062,836.5658569335938,0.3057
4,4,607,12.997518539428711,178.87225341796875,838.0975341796875,0.1383
4,4,608,14.118586540222168,179.79396057128906,839.752197265625,0.261
4,4,609,16.862407684326172,179.76560974121094,839.5371704101562,0.3808
4,4,610,18.363788604736328,179.6582794189453,839.6165771484375,0.3723
4,4,611,19.293018341064453,179.8818817138672,841.9150390625,0.2506
4,4,612,20.565553665161133,180.59046936035156,845.0308837890625,0.3181
4,4,613,21.511131286621094,180.78762817382812,846.4619140625,0.3973
4,4,614,23.451967239379883,180.07192993164062,845.960693359375,0.3515
4,4,615,26.839529037475586,179.7349853515625,845.98095703125,0.3164
4,4,616,29.110841751098633,179.7804718017578,847.1514282226562,0.2502
4,4,617,28.889036178588867,179.83721923828125,849.56884765625,0.2617
4,4,618,27.057228088378906,179.88687133789062,852.4866943359375,0.375
4,4,619,25.625141143798828,180.1323699951172,853.981689453125,0.4501
4,4,620,26.37002944946289,180.03451538085938,854.7422485351562,0.4557
4,4,621,26.84044647216797,180.45535278320312,857.7290649414062,0.4639
4,4,622,24.766328811645508,181.34706115722656,860.2340698242188,0.5501
4,4,623,22.406465530395508,181.40646362304688,859.6240234375,0.4966
4,4,624,20.598581314086914,181.6852264404297,856.7515258789062,0.4393
4,4,625,17.66927146911621,182.86483764648438,854.908203125,0.3874
4,4,626,15.165643692016602,184.01644897460938,856.6596069335938,0.3309
4,4,627,15.896428108215332,183.360107421875,860.1439208984375,0.4524
4,4,628,15.50859260559082,183.4105987548828,862.0861206054688,0.3152
4,4,629,15.884696006774902,183.77230834960938,864.0254516601562,0.315
4,4,630,16.98933982849121,183.9357147216797,865.65966796875,0.3348
4,4,631,18.568099975585938,183.78102111816406,866.859375,0.3316
4,4,632,20.374759674072266,183.56451416015625,867.699951171875,0.2697
4,4,633,22.100650787353516,183.36854553222656,868.69677734375,0.1361
4,4,634,23.5877742767334,183.13079833984375,870.0123901367188,0.3551
4,4,635,24.76235008239746,182.91879272460938,871.6148071289062,0.4069
4,4,636,25.96806526184082,183.01089477539062,873.196533203125,0.4038
4,4,637,27.612062454223633,183.11642456054688,874.2623901367188,0.3949
4,4,638,29.555219650268555,183.1731414794922,874.419189453125,0.6196
4,4,639,31.46292495727539,183.18505859375,873.8711547851562,0.6111
4,4,640,33.02755355834961,182.92759704589844,872.6591796875,0.505
4,4,641,34.11442184448242,182.5675506591797,870.990234375,0.4568
4,4,642,34.89412307739258,182.2344207763672,869.150634765625,0.3371
4,4,643,35.57509994506836,181.76925659179688,867.2709350585938,0.1682
4,4,644,36.28703689575195,181.66964721679688,865.4026489257812,0.1763
4,4,645,37.085941314697266,181.64889526367188,863.570068359375,0.2212
4,4,646,37.965667724609375,181.5850830078125,861.7745971679688,0.2623
4,4,647,38.874671936035156,181.4779815673828,859.9937744140625,0.2085
4,4,648,39.73392105102539,181.0556640625,858.188720703125,0.1495
4,4,649,40.430580139160156,180.61126708984375,856.316162109375,0.0428
4,4,650,40.76955032348633,179.971435546875,854.353515625,0.0458
4,4,651,40.38013458251953,179.82322692871094,852.4187622070312,0.1539
4,4,652,39.08278274536133,179.8311767578125,850.9446411132812,0.2009
4,4,653,37.232051849365234,179.8749542236328,850.2451171875,0.2123
4,4,654,34.92814636230469,180.3444366455078,853.099853515625,0.2194
4,4,655,32.91480255126953,179.90170288085938,850.6487426757812,0.1539
4,4,656,33.09011459350586,179.7915496826172,847.3384399414062,0.2162
4,4,657,33.282718658447266,179.681640625,845.5873413085938,0.0981
4,4,658,31.13405418395996,179.3763427734375,844.8109130859375,0.0981
4,4,659,28.191457748413086,178.9661407470703,842.8170776367188,0.2661
4,4,660,28.509233474731445,178.08961486816406,839.3543090820312,0.3998
4,4,661,31.455095291137695,177.82980346679688,839.0195922851562,0.3347
4,4,662,33.999656677246094,177.845947265625,839.2787475585938,0.311
4,4,663,35.24515914916992,177.29869079589844,837.715576171875,0.2662
4,4,664,36.2047119140625,176.6671600341797,835.96142578125,0.2695
5,5,0,35.859901428222656,179.43873596191406,835.595458984375,0.5022
5,5,1,36.50833511352539,178.71337890625,833.7066650390625,0.3044
5,5,2,36.72108459472656,177.9916534423828,831.7208251953125,0.3732
5,5,3,36.38211441040039,177.1761016845703,829.7553100585938,0.4729
5,5,4,35.47032928466797,176.58811950683594,827.9837646484375,0.5295
5,5,5,34.0145263671875,176.0277557373047,826.6261596679688,0.5645
5,5,6,32.12166213989258,175.75938415527344,826.0499877929688,0.5589
5,5,7,30.296537399291992,175.8389129638672,826.7068481445312,0.5779
5,5,8,29.285236358642578,176.6178436279297,828.3692016601562,0.671
5,5,9,28.65358543395996,177.2590789794922,830.289306640625,0.6369
5,5,10,30.89503288269043,178.18472290039062,832.86767578125,0.502
5,5,11,30.693222045898438,179.37899780273438,835.230712890625,0.4263
5,5,12,27.845600128173828,180.04763793945312,836.4409790039062,0.4216
5,5,13,24.620267868041992,180.2049560546875,835.8546142578125,0.4279
5,5,14,23.11937141418457,180.3692169189453,835.5988159179688,0.3328
5,5,15,22.07257080078125,181.20657348632812,837.5889282226562,0.1363
5,5,16,19.71933937072754,182.34170532226562,840.2222900390625,0.1894
5,5,17,16.49701690673828,182.6981201171875,840.0882568359375,0.1852
5,5,18,15.761309623718262,181.22459411621094,836.7022094726562,0.2145
5,5,19,18.48154067993164,180.25308227539062,834.687744140625,0.1533
5,5,20,20.40347671508789,180.35995483398438,834.830810546875,0.2029
5,5,21,21.15254783630371,179.46829223632812,833.0946655273438,0.3803
5,5,22,20.716943740844727,177.66714477539062,829.7182006835938,0.2109
5,5,23,19.411457061767578,176.29026794433594,827.786376953125,0.1249
5,5,24,20.17458152770996,175.249755859375,826.1583862304688,0.1823
5,5,25,23.270355224609375,173.98678588867188,824.6561279296875,0.1701
5,5,26,23.546968460083008,172.25442504882812,822.6669311523438,0.1524
5,5,27,24.014680862426758,170.69386291503906,820.7371826171875,0.0455
5,5,28,23.89241600036621,169.2470703125,818.7639770507812,0.0882
5,5,29,23.13599967956543,167.8941650390625,816.9364013671875,0.1965
5,5,30,21.767393112182617,166.74362182617188,815.5130615234375,0.2621
5,5,31,20.11862564086914,166.03640747070312,814.39599609375,0.2752
5,5,32,18.345273971557617,165.66616821289062,813.483154296875,0.1218
5,5,33,16.48793601989746,165.70098876953125,812.7562255859375,0.1249
5,5,34,14.56184196472168,165.7145233154297,812.2426147460938,0.2517
5,5,35,12.586602210998535,165.4578857421875,811.98681640625,0.4573
5,5,36,10.597793579101562,165.35195922851562,812.0384521484375,0.3905
5,5,37,8.66695499420166,165.4866943359375,812.488525390625,0.3548
5,5,38,7.101152420043945,165.94789123535156,813.6300659179688,0.2454
5,5,39,7.227701663970947,166.7364959716797,815.4998779296875,0.1972
5,5,40,8.776646614074707,167.12554931640625,816.7213134765625,0.273
5,5,41,10.672264099121094,167.2154541015625,817.2969970703125,0.2148
5,5,42,12.51934814453125,167.3194580078125,818.0305786132812,0.0582
5,5,43,14.097290992736816,167.81573486328125,819.15869140625,0.1459
5,5,44,15.155238151550293,169.2852783203125,820.8262329101562,0.2863
5,5,45,15.207367897033691,171.25477600097656,822.8226928710938,0.4589
5,5,46,14.715807914733887,173.14776611328125,824.7295532226562,0.5296
5,5,47,13.825905799865723,174.842041015625,826.4804077148438,0.5473
5,5,48,12.459516525268555,175.89830017089844,827.9370727539062,0.7679
5,5,49,10.669485092163086,176.6586456298828,828.7855834960938,0.7208
5,5,50,8.734489440917969,177.02210998535156,829.1509399414062,0.5664
5,5,51,6.739432334899902,177.08065795898438,829.2413940429688,0.4963
5,5,52,4.744350433349609,177.0979461669922,829.2351684570312,0.3332
5,5,53,2.7633206844329834,177.15713500976562,829.0240478515625,0.3002
5,5,54,0.8353642821311951,177.1918487548828,828.530029296875,0.211
5,5,55,-0.9704545736312866,177.0482940673828,827.691162109375,0.2775
5,5,56,-2.536283016204834,176.5946502685547,826.4534301757812,0.2464
5,5,57,-3.5946123600006104,175.6117401123047,824.7597045898438,0.1462
5,5,58,-3.7181780338287354,174.2275848388672,822.7777099609375,0.1625
5,5,59,-3.1803295612335205,172.74330139160156,820.8801879882812,0.1815
5,5,60,-2.2002711296081543,171.14422607421875,819.15771484375,0.2002
5,5,61,-1.2954233884811401,169.66880798339844,817.3921508789062,0.1123
5,5,62,-1.104655385017395,168.33999633789062,815.4588623046875,0.1143
5,5,63,-2.1177918910980225,167.6371612548828,813.8510131835938,0.1917
5,5,64,-3.8976480960845947,167.6715545654297,813.0195922851562,0.2256
5,5,65,-5.870337963104248,167.97488403320312,812.7763671875,0.1104
5,5,66,-7.859503269195557,168.36346435546875,812.8981323242188,0.038
5,5,67,-9.820563316345215,168.85777282714844,813.263916015625,0.0654
5,5,68,-11.742093086242676,169.52928161621094,813.803466796875,0.1153
5,5,69,-13.629676818847656,170.17581176757812,814.454345703125,0.1426
5,5,70,-15.495684623718262,170.9714813232422,815.1658935546875,0.2844
5,5,71,-17.33820343017578,172.52154541015625,815.935791015625,0.2511
5,5,72,-19.130964279174805,174.4773712158203,816.8134155273438,0.2172
5,5,73,-20.816991806030273,176.98846435546875,817.8765869140625,0.4005
5,5,74,-22.294118881225586,180.39703369140625,819.2056274414062,0.207
5,5,75,-23.379329681396484,182.87380981445312,820.8541259765625,0.2551
5,5,76,-23.744338989257812,184.5441131591797,822.7628173828125,0.3139
5,5,77,-22.787845611572266,185.2716064453125,824.3606567382812,0.2007
5,5,78,-20.870677947998047,184.4785919189453,824.3395385742188,0.25
5,5,79,-19.04733657836914,182.92808532714844,823.5696411132812,0.1319
5,5,80,-17.168476104736328,181.0560302734375,822.9446411132812,0.2196
5,5,81,-15.220422744750977,179.4735565185547,822.7755126953125,0.2597
5,5,82,-13.31365966796875,178.78990173339844,823.349609375,0.4074
5,5,83,-12.206746101379395,179.6551055908203,825.011962890625,0.218
5,5,84,-11.766398429870605,181.26800537109375,826.8928833007812,0.0851
5,5,85,-11.877211570739746,183.03164672851562,828.859619140625,0.2772
5,5,86,-12.51200008392334,184.58958435058594,830.7532348632812,0.5429
5,5,87,-13.757807731628418,186.3018798828125,832.307861328125,0.5067
5,5,88,-15.414353370666504,187.79013061523438,833.3676147460938,0.2977
5,5,89,-17.33649444580078,189.0268096923828,833.7177734375,0.1097
5,5,90,-19.246267318725586,189.7688446044922,833.2860717773438,0.1788
5,5,91,-20.89080047607422,189.96421813964844,832.2000122070312,0.1447
5,5,92,-22.516408920288086,189.9043426513672,831.0471801757812,0.2798
5,5,93,-24.350486755371094,190.08360290527344,830.3048095703125,0.1584
5,5,94,-26.30647087097168,190.43063354492188,829.9371337890625,0.1188
5,5,95,-28.29589080810547,190.91835021972656,829.8656005859375,0.0905
5,5,96,-30.20857048034668,191.82278442382812,830.2698364257812,0.2536
5,5,97,-31.945453643798828,192.9938507080078,831.2316284179688,0.2633
5,5,98,-33.30879592895508,194.0010528564453,832.6911010742188,0.2202
5,5,99,-34.35639953613281,195.08425903320312,834.3743896484375,0.2431
5,5,100,-35.161808013916016,196.46401977539062,836.1918334960938,0.2169
5,5,101,-35.70174789428711,197.61964416503906,838.1146240234375,0.3141
5,5,102,-35.96489715576172,198.233642578125,840.0934448242188,0.3416
5,5,103,-35.61445999145508,198.20103454589844,842.0183715820312,0.4428
5,5,104,-34.76115798950195,197.80426025390625,843.7821655273438,0.5363
5,5,105,-33.43396759033203,197.64044189453125,845.2745361328125,0.56
5,5,106,-31.599546432495117,197.28305053710938,846.0407104492188,0.5724
5,5,107,-29.670366287231445,197.17877197265625,846.0560913085938,0.64
5,5,108,-27.729454040527344,196.9237060546875,845.60693359375,0.5413
5,5,109,-25.835416793823242,196.26287841796875,844.9765014648438,0.6625
5,5,110,-23.857141494750977,195.3415069580078,844.7023315429688,0.7372
5,5,111,-21.927528381347656,194.37625122070312,845.1393432617188,0.8043
5,5,112,-20.456750869750977,193.6903533935547,846.4403076171875,0.6204
5,5,113,-19.861469268798828,193.5794219970703,848.3177490234375,0.5235
5,5,114,-20.264503479003906,193.90835571289062,850.2521362304688,0.6062
5,5,115,-21.534387588500977,194.58273315429688,851.7689819335938,0.6975
5,5,116,-23.33717155456543,195.05662536621094,852.5877685546875,0.6487
5,5,117,-25.311033248901367,195.5989532470703,852.7858276367188,0.4613
5,5,118,-27.302494049072266,195.7966766357422,852.6896362304688,0.432
5,5,119,-29.290258407592773,195.5576171875,852.7637329101562,0.2901
5,5,120,-31.138654708862305,194.907958984375,853.413330078125,0.1764
5,5,121,-32.38374710083008,194.11749267578125,854.881103515625,0.2395
5,5,122,-32.4858512878418,193.20089721679688,856.8150634765625,0.3165
5,5,123,-31.588375091552734,192.7938995361328,858.5704345703125,0.4304
5,5,124,-30.24973487854004,192.60218811035156,860.0424194335938,0.325
5,5,125,-28.936290740966797,192.31277465820312,861.54541015625,0.1558
5,5,126,-27.90606689453125,191.84072875976562,863.2393798828125,0.2421
5,5,127,-27.375333786010742,191.3601837158203,865.1346435546875,0.3522
5,5,128,-27.522541046142578,191.0858612060547,867.0880126953125,0.2539
5,5,129,-28.408082962036133,190.77789306640625,868.8301391601562,0.2041
5,5,130,-29.889265060424805,190.79579162597656,870.1223754882812,0.1662
5,5,131,-31.698118209838867,191.4284210205078,870.939697265625,0.1542
5,5,132,-33.6414794921875,191.9613800048828,871.2975463867188,0.208
5,5,133,-35.61011505126953,192.45347595214844,871.0759887695312,0.3555
5,5,134,-37.451881408691406,192.84974670410156,870.3340454101562,0.4412
5,5,135,-39.09518814086914,192.9102783203125,869.1997680664062,0.4825
5,5,136,-40.706912994384766,193.10484313964844,868.0348510742188,0.3818
5,5,137,-42.59550094604492,193.6134033203125,867.4783935546875,0.3557
5,5,138,-44.52168655395508,193.86849975585938,867.888427734375,0.2987
5,5,139,-46.07681655883789,194.16448974609375,869.077880859375,0.4391
5,5,140,-46.93004608154297,194.43321228027344,870.8448486328125,0.5122
5,5,141,-46.97300720214844,194.74203491210938,872.8070678710938,0.582
5,5,142,-46.313568115234375,194.9239501953125,874.6802978515625,0.7987
5,5,143,-45.38552474975586,194.99819946289062,876.4464721679688,0.8877
5,5,144,-44.721763610839844,194.5576934814453,878.314697265625,0.9208
5,5,145,-44.59038162231445,194.11380004882812,880.299560546875,0.6526
5,5,146,-44.88417053222656,194.03659057617188,882.2670288085938,0.4587
5,5,147,-45.616485595703125,194.73854064941406,884.1135864257812,0.3525
5,5,148,-46.76276397705078,195.673583984375,885.747802734375,0.31
5,5,149,-48.040771484375,196.59796142578125,887.2823486328125,0.1117
5,5,150,-49.525203704833984,197.23989868164062,888.6184692382812,0.1179
5,5,151,-51.29718017578125,198.0088348388672,889.5206909179688,0.232
5,5,152,-53.25224685668945,199.03463745117188,889.8248291015625,0.2131
5,5,153,-55.20143508911133,200.1103515625,889.5003051757812,0.1334
5,5,154,-56.94246292114258,200.97837829589844,888.5743408203125,0.0627
5,5,155,-58.26929473876953,201.48220825195312,887.1212768554688,0.03
5,5,156,-59.09305191040039,201.69790649414062,885.3251953125,0.0311
5,5,157,-59.599647521972656,201.68751525878906,883.396240234375,0.0929
5,5,158,-59.93769836425781,201.6436767578125,881.4296264648438,0.0666
5,5,159,-60.194087982177734,201.6931610107422,879.4490356445312,0.1162
5,5,160,-60.38545608520508,201.7802734375,877.4651489257812,0.1098
5,5,161,-60.233760833740234,201.44642639160156,875.4926147460938,0.1199
5,5,162,-59.44709777832031,200.46630859375,873.6786499023438,0.2584
5,5,163,-58.05743408203125,199.6640167236328,872.2611694335938,0.231
5,5,164,-56.25033950805664,198.7373504638672,871.4144897460938,0.3152
5,5,165,-54.30583190917969,197.87571716308594,870.9734497070312,0.3077
5,5,166,-52.55756378173828,197.2349395751953,870.0502319335938,0.2062
5,5,167,-51.25345230102539,196.4923095703125,868.5560913085938,0.1111
5,5,168,-50.15967559814453,195.98318481445312,866.8899536132812,0.1465
5,5,169,-48.8624382019043,195.4986572265625,865.3804321289062,0.2147
5,5,170,-47.288753509521484,195.15634155273438,864.1506958007812,0.1527
5,5,171,-45.500343322753906,194.59596252441406,863.2642822265625,0.0677
5,5,172,-43.91141891479492,194.32476806640625,862.0593872070312,0.1083
5,5,173,-42.9007568359375,194.23414611816406,860.3488159179688,0.0812
5,5,174,-42.71753692626953,194.4918670654297,858.3716430664062,0.265
5,5,175,-43.205474853515625,195.16781616210938,856.4491577148438,0.2245
5,5,176,-44.07221984863281,196.43214416503906,854.6610717773438,0.3051
5,5,177,-45.266563415527344,198.1892852783203,853.0843505859375,0.3328
5,5,178,-46.78181838989258,199.6005401611328,851.81494140625,0.3088
5,5,179,-48.604469299316406,200.46072387695312,851.044677734375,0.282
5,5,180,-50.58363723754883,201.14096069335938,851.1749267578125,0.3864
5,5,181,-52.43272018432617,201.56246948242188,851.908447265625,0.5233
5,5,182,-54.1053466796875,201.79078674316406,852.9931640625,0.5078
5,5,183,-55.63819885253906,201.96371459960938,854.2718505859375,0.4397
5,5,184,-57.09770202636719,201.9384002685547,855.6350708007812,0.2
5,5,185,-58.553890228271484,201.8601837158203,857.0016479492188,0.1871
5,5,186,-60.06552505493164,201.97373962402344,858.3055419921875,0.2894
5,5,187,-61.6695442199707,202.1579132080078,859.4930419921875,0.4319
5,5,188,-63.375030517578125,202.54782104492188,860.5291748046875,0.4045
5,5,189,-65.16582489013672,202.91616821289062,861.4105834960938,0.3884
5,5,190,-67.00297546386719,203.5348358154297,862.1937866210938,0.3935
5,5,191,-68.81110382080078,203.99502563476562,863.0379638671875,0.3477
5,5,192,-70.48728942871094,204.5081024169922,864.1091918945312,0.2704
5,5,193,-71.73031616210938,204.53427124023438,865.6229858398438,0.3567
5,5,194,-71.92493438720703,204.16395568847656,867.52197265625,0.2422
5,5,195,-71.19430541992188,203.7849884033203,869.3658447265625,0.179
5,5,196,-70.31067657470703,203.77899169921875,871.1471557617188,0.0281
5,5,197,-69.78643035888672,203.89138793945312,873.063720703125,0.1094
5,5,198,-69.43377685546875,204.2705841064453,875.0108642578125,0.1635
5,5,199,-68.4572525024414,204.39549255371094,876.7185668945312,0.337
5,5,200,-66.9698257446289,204.33995056152344,878.032470703125,0.3238
5,5,201,-65.49729919433594,204.1298828125,879.3641357421875,0.4075
5,5,202,-64.47705078125,203.95584106445312,881.0513916015625,0.3367
5,5,203,-63.832427978515625,203.94456481933594,882.9363403320312,0.2189
5,5,204,-63.35369873046875,203.9241180419922,884.8744506835938,0.1914
5,5,205,-63.098392486572266,203.97894287109375,886.8447265625,0.0959
5,5,206,-63.299095153808594,203.969482421875,888.8068237304688,0.1071
5,5,207,-64.10675811767578,204.0326690673828,890.6074829101562,0.105
5,5,208,-65.44715118408203,204.19088745117188,892.0673217773438,0.1822
5,5,209,-67.15872955322266,204.3836212158203,893.0809936523438,0.2139
5,5,210,-69.09635162353516,204.60122680664062,893.5606079101562,0.1608
5,5,211,-71.08390045166016,204.86328125,893.364501953125,0.1674
5,5,212,-72.87784576416016,205.3650665283203,892.4985961914062,0.0627
5,5,213,-74.36407470703125,205.73388671875,891.1746826171875,0.1751
5,5,214,-75.74311828613281,206.15621948242188,889.7308959960938,0.2721
5,5,215,-77.30506896972656,206.34356689453125,888.5003051757812,0.3182
5,5,216,-79.13916015625,206.1541748046875,887.7745971679688,0.5747
5,5,217,-81.11044311523438,205.6199188232422,887.665771484375,0.6625
5,5,218,-82.61630249023438,205.2484130859375,890.9326171875,0.5792
5,5,219,-84.94053649902344,204.3251953125,889.9717407226562,0.3834
5,5,220,-86.7582015991211,203.64544677734375,887.0814208984375,0.2006
5,5,221,-86.79837799072266,204.1312713623047,885.2222900390625,0.2014
5,5,222,-87.76617431640625,203.8818817138672,885.2724609375,0.0868
5,5,223,-90.4523696899414,203.86203002929688,883.6886596679688,0.191
5,5,224,-91.63199615478516,204.69241333007812,880.7864379882812,0.2581
5,5,225,-90.13636016845703,205.2512664794922,879.16455078125,0.2247
5,5,226,-86.9029312133789,205.57762145996094,878.5316772460938,0.1475
5,5,227,-84.10993194580078,206.2011260986328,877.5048217773438,0.0627
5,5,228,-85.7472915649414,206.55731201171875,874.7068481445312,0.1757
5,5,229,-84.21403503417969,207.00714111328125,873.5084838867188,0.2515
5,5,230,-82.47367095947266,207.08763122558594,874.2723999023438,0.1595
5,5,231,-81.52381134033203,207.0063018798828,876.029296875,0.0404
5,5,232,-80.42822265625,207.1097869873047,877.6978149414062,0.1863
5,5,233,-78.8543472290039,207.14215087890625,878.7947998046875,0.2554
5,5,234,-77.06098175048828,206.84597778320312,878.5494384765625,0.1031
5,5,235,-76.10919952392578,206.27032470703125,876.9583129882812,0.0422
5,5,236,-75.8482437133789,205.99111938476562,874.9957885742188,0.2278
5,5,237,-75.89765167236328,205.59701538085938,873.0048828125,0.2123
5,5,238,-76.30783081054688,205.4785614013672,871.05029296875,0.1373
5,5,239,-76.88172912597656,205.4721221923828,869.1400146484375,0.1613
5,5,240,-77.8427505493164,205.85488891601562,867.4323120117188,0.2427
5,5,241,-79.39883422851562,206.35479736328125,866.3128662109375,0.2914
5,5,242,-81.35107421875,206.9460906982422,866.1936645507812,0.1915
5,5,243,-83.24398803710938,207.18289184570312,866.7735595703125,0.4808
5,5,244,-84.95764923095703,207.5189208984375,867.781005859375,0.4592
5,5,245,-86.47299194335938,207.87208557128906,869.072998046875,0.3111
5,5,246,-87.80638885498047,207.8375701904297,870.5555419921875,0.2464
5,5,247,-89.0130615234375,207.84141540527344,872.145751953125,0.1302
5,5,248,-89.88141632080078,207.6835174560547,873.9867553710938,0.1178
5,5,249,-89.25122833251953,206.14056396484375,877.027587890625,0.1941
5,5,250,-90.6331787109375,205.5687255859375,878.4845581054688,0.2661
5,5,251,-93.80252838134766,205.63206481933594,878.5298461914062,0.4176
5,5,252,-96.95304870605469,206.1167449951172,878.7481689453125,0.3932
5,5,253,-98.14643096923828,205.71572875976562,879.8739624023438,0.3911
5,5,254,-97.94017028808594,204.8854522705078,882.750732421875,0.1822
5,5,255,-97.22454833984375,203.76373291015625,885.9129638671875,0.1713
5,5,256,-100.0555648803711,204.524169921875,886.2077026367188,0.1089
5,5,257,-100.72776794433594,204.1634979248047,888.0794067382812,0.3068
5,5,258,-100.99742126464844,203.96311950683594,890.0518798828125,0.411
5,5,259,-100.9084243774414,203.6839141845703,892.0424194335938,0.4453
5,5,260,-100.5157699584961,203.2307586669922,893.9969482421875,0.3209
5,5,261,-99.87016296386719,202.98995971679688,895.8837890625,0.2109
5,5,262,-99.00153350830078,202.7029266357422,897.6785888671875,0.1607
5,5,263,-97.8859634399414,202.6674346923828,899.3277587890625,0.116
5,5,264,-96.40364074707031,202.73477172851562,900.6282348632812,0.1194
5,5,265,-94.6107177734375,203.02174377441406,901.4759521484375,0.2051
5,5,266,-92.6608657836914,203.1496124267578,901.8132934570312,0.315
5,5,267,-90.72622680664062,203.17715454101562,901.4759521484375,0.267
5,5,268,-89.07188415527344,203.28712463378906,900.4237060546875,0.0737
5,5,269,-87.8951187133789,203.69509887695312,898.8451538085938,0.1837
5,5,270,-87.11389923095703,203.950927734375,897.0162963867188,0.1129
5,5,271,-86.36260986328125,204.0907745361328,895.1699829101562,0.1293
5,5,272,-83.45621490478516,204.8123016357422,895.3231811523438,0.1168
5,5,273,-83.64189910888672,204.95245361328125,892.4549560546875,0.3476
5,5,274,-81.72737884521484,205.44668579101562,892.0206909179688,0.4602
5,5,275,-79.79095458984375,205.56689453125,892.3052368164062,0.3847
5,5,276,-78.09231567382812,205.5607452392578,893.2931518554688,0.1776
5,5,277,-76.85319519042969,205.5363006591797,894.8232421875,0.1056
5,5,278,-76.35050201416016,205.28924560546875,896.7044677734375,0.1153
5,5,279,-76.9193115234375,204.88050842285156,898.5579223632812,0.1101
5,5,280,-78.34204864501953,204.5687713623047,899.9100341796875,0.076
5,5,281,-80.16727447509766,203.95425415039062,900.6959838867188,0.1199
5,5,282,-82.09697723388672,203.48060607910156,901.1898193359375,0.093
5,5,283,-83.85891723632812,203.18263244628906,902.0836791992188,0.1102
5,5,284,-85.2235107421875,202.9433135986328,903.5297241210938,0.1466
5,5,285,-86.17948150634766,202.48057556152344,905.2659912109375,0.2203
5,5,286,-86.48242950439453,202.36500549316406,907.2306518554688,0.1638
5,5,287,-86.1265640258789,202.15982055664062,909.194091796875,0.1492
5,5,288,-85.1477279663086,201.4998321533203,910.9349365234375,0.2307
5,5,289,-83.63434600830078,200.80361938476562,912.2276000976562,0.212
5,5,290,-81.77555847167969,200.4037628173828,912.9193115234375,0.3323
5,5,291,-79.79513549804688,200.4484405517578,912.99609375,0.2511
5,5,292,-77.8922119140625,200.71804809570312,912.45458984375,0.1895
5,5,293,-76.23444366455078,201.06741333007812,911.374755859375,0.1889
5,5,294,-74.76628112792969,201.65576171875,910.0262451171875,0.0991
5,5,295,-73.23538208007812,202.01034545898438,908.75537109375,0.1705
5,5,296,-71.45233917236328,202.0640869140625,907.9404907226562,0.1486
5,5,297,-69.5236587524414,201.54481506347656,908.0052490234375,0.2685
5,5,298,-68.02752685546875,200.84182739257812,909.1883544921875,0.1983
5,5,299,-67.76880645751953,200.19979858398438,911.0892333984375,0.0869
5,5,300,-68.82704162597656,199.77072143554688,912.759521484375,0.1983
5,5,301,-70.41283416748047,199.53297424316406,913.9735717773438,0.2244
5,5,302,-71.95530700683594,199.1392364501953,915.2421264648438,0.2766
5,5,303,-73.26284790039062,198.43589782714844,916.742431640625,0.2411
5,5,304,-74.19010162353516,197.66232299804688,918.4894409179688,0.3679
5,5,305,-74.63117980957031,196.69960021972656,920.4107055664062,0.3221
5,5,306,-74.5225601196289,195.61158752441406,922.37841796875,0.2842
5,5,307,-73.83196258544922,194.55870056152344,924.232666015625,0.3464
5,5,308,-72.68693542480469,193.32415771484375,925.8690185546875,0.1554
5,5,309,-71.57154083251953,192.12374877929688,927.525146484375,0.1012
5,5,310,-70.49500274658203,190.9449462890625,929.2055053710938,0.0609
5,5,311,-69.22223663330078,189.92428588867188,930.7353515625,0.1145
5,5,312,-67.58456420898438,189.02911376953125,931.8733520507812,0.0947
5,5,313,-65.80088806152344,188.1072235107422,932.7677612304688,0.0797
5,5,314,-63.92745590209961,187.26821899414062,933.448974609375,0.2005
5,5,315,-61.971012115478516,186.818359375,933.7968139648438,0.3314
5,5,316,-60.01933670043945,186.7408447265625,933.5481567382812,0.317
5,5,317,-58.47261047363281,187.167724609375,932.40087890625,0.3102
5,5,318,-57.90465545654297,187.94009399414062,930.5602416992188,0.3253
5,5,319,-58.0811653137207,188.84097290039062,928.58935546875,0.2939
5,5,320,-58.42406463623047,189.56893920898438,926.6242065429688,0.2365
5,5,321,-58.4908332824707,190.18948364257812,924.6603393554688,0.318
5,5,322,-57.649131774902344,190.98275756835938,922.8720703125,0.139
5,5,323,-56.15471267700195,191.63632202148438,921.5744018554688,0.0349
5,5,324,-54.252349853515625,191.8353729248047,921.026611328125,0.0508
5,5,325,-52.31203842163086,191.4053955078125,921.4521484375,0.053
5,5,326,-50.79706573486328,190.52960205078125,922.7535400390625,0.1424
5,5,327,-50.020015716552734,189.57142639160156,924.5891723632812,0.2108
5,5,328,-49.94778823852539,188.70033264160156,926.5687866210938,0.1068
5,5,329,-50.376800537109375,187.8941192626953,928.5086059570312,0.0353
5,5,330,-50.47759246826172,186.75575256347656,930.4948120117188,0.2503
5,5,331,-49.64908981323242,185.56021118164062,932.28466796875,0.1989
5,5,332,-47.92502212524414,184.60162353515625,933.2627563476562,0.3632
5,5,333,-45.95925521850586,183.98226928710938,933.5701293945312,0.52
5,5,334,-43.96932601928711,183.55453491210938,933.4446411132812,0.4478
5,5,335,-42.018428802490234,183.3623809814453,933.025390625,0.3839
5,5,336,-40.12857437133789,183.21400451660156,932.381591796875,0.2458
5,5,337,-38.304534912109375,183.1854248046875,931.5687255859375,0.154
5,5,338,-36.53564453125,183.13223266601562,930.6419067382812,0.2692
5,5,339,-34.824928283691406,183.1508331298828,929.611572265625,0.3949
5,5,340,-33.19740676879883,183.5575714111328,928.4541625976562,0.4669
5,5,341,-31.709823608398438,184.0958709716797,927.12158203125,0.2696
5,5,342,-30.46870994567871,184.85952758789062,925.5571899414062,0.266
5,5,343,-29.706274032592773,185.73944091796875,923.7174072265625,0.2161
5,5,344,-29.76641273498535,186.8552703857422,921.7349243164062,0.1486
5,5,345,-30.667116165161133,188.0522918701172,919.9596557617188,0.1613
5,5,346,-32.048641204833984,188.97738647460938,918.5256958007812,0.198
5,5,347,-33.845279693603516,189.7505340576172,917.6576538085938,0.2029
5,5,348,-35.82523727416992,190.20440673828125,917.3959350585938,0.2624
5,5,349,-37.81941604614258,190.387451171875,917.483642578125,0.306
5,5,350,-39.806488037109375,190.67572021484375,917.3067626953125,0.4931
5,5,351,-41.62907791137695,191.18508911132812,916.5326538085938,0.5164
5,5,352,-42.954124450683594,191.8086395263672,915.0775756835938,0.4571
5,5,353,-43.46825408935547,192.30348205566406,913.1790161132812,0.4483
5,5,354,-43.061546325683594,192.7570343017578,911.2522583007812,0.275
5,5,355,-41.87312316894531,193.14602661132812,909.6776123046875,0.2467
5,5,356,-40.224124908447266,193.4910888671875,908.5816040039062,0.2194
5,5,357,-38.403194427490234,193.51522827148438,907.7718505859375,0.3057
5,5,358,-36.649837493896484,193.41595458984375,906.8321533203125,0.2896
5,5,359,-35.24886703491211,193.44122314453125,905.459228515625,0.1765
5,5,360,-34.5145378112793,193.6492156982422,903.6521606445312,0.1348
5,5,361,-34.72174072265625,193.7679443359375,901.7286376953125,0.0972
5,5,362,-35.86039352416992,193.86949157714844,900.1546020507812,0.1172
5,5,363,-37.55522155761719,193.96261596679688,899.157958984375,0.1175
5,5,364,-39.458641052246094,194.3529510498047,898.580810546875,0.1191
5,5,365,-41.37901306152344,194.70941162109375,898.0452270507812,0.0624
5,5,366,-43.17116165161133,195.1734619140625,897.2066040039062,0.1572
5,5,367,-44.64683532714844,195.52891540527344,895.9002075195312,0.1294
5,5,368,-45.5800666809082,195.61451721191406,894.1658935546875,0.2104
5,5,369,-45.79475784301758,196.0142364501953,892.2105102539062,0.0898
5,5,370,-45.21003341674805,196.00250244140625,890.3362426757812,0.192
5,5,371,-44.11719512939453,195.5918731689453,888.6650390625,0.3182
5,5,372,-42.990821838378906,194.91268920898438,887.015869140625,0.3361
5,5,373,-41.9553337097168,194.16000366210938,885.313720703125,0.4598
5,5,374,-41.18760681152344,193.41307067871094,883.4754638671875,0.6125
5,5,375,-40.711936950683594,192.95639038085938,881.5357666015625,0.6761
5,5,376,-40.21396255493164,192.7133331298828,879.6016845703125,0.6387
5,5,377,-39.34728240966797,192.494140625,877.802490234375,0.5715
5,5,378,-37.912071228027344,192.37892150878906,876.4191284179688,0.5332
5,5,379,-36.04430389404297,192.02249145507812,875.7154541015625,0.5231
5,5,380,-34.05744552612305,191.5201416015625,875.513427734375,0.3009
5,5,381,-32.077423095703125,190.9868621826172,875.2520751953125,0.1999
5,5,382,-30.17513656616211,190.51986694335938,874.6508178710938,0.1173
5,5,383,-28.334453582763672,190.11776733398438,873.8778686523438,0.1225
5,5,384,-26.54518699645996,189.6946258544922,872.991943359375,0.2572
5,5,385,-24.717790603637695,189.60800170898438,872.1890258789062,0.3548
5,5,386,-22.792104721069336,189.44493103027344,871.7002563476562,0.2729
5,5,387,-20.807912826538086,189.28060913085938,871.6121215820312,0.3211
5,5,388,-18.83892059326172,189.055908203125,871.891357421875,0.2667
5,5,389,-16.94371223449707,188.7525634765625,872.4961547851562,0.2066
5,5,390,-15.178876876831055,188.7113037109375,873.4122924804688,0.1304
5,5,391,-13.595731735229492,189.01498413085938,874.6185913085938,0.1102
5,5,392,-12.188765525817871,189.64675903320312,876.0342407226562,0.2171
5,5,393,-10.879555702209473,190.19386291503906,877.5421142578125,0.3239
5,5,394,-9.57758903503418,190.36541748046875,879.052734375,0.3219
5,5,395,-8.083783149719238,190.3867645263672,880.375244140625,0.3544
5,5,396,-6.449451923370361,190.36767578125,881.5230712890625,0.4259
5,5,397,-4.8518967628479,190.2835693359375,882.7193603515625,0.2396
5,5,398,-3.48522686958313,189.78158569335938,884.1747436523438,0.1805
5,5,399,-2.4723961353302,189.41477966308594,885.8961181640625,0.0958
5,5,400,-1.7809383869171143,188.96888732910156,887.7685546875,0.2987
5,5,401,-1.350588083267212,188.7512969970703,889.7167358398438,0.5593
5,5,402,-1.1569890975952148,188.750732421875,891.70166015625,0.5801
5,5,403,-1.208302617073059,188.45700073242188,893.694091796875,0.5424
5,5,404,-1.5390863418579102,188.19711303710938,895.6570434570312,0.517
5,5,405,-2.197669744491577,188.19606018066406,897.53173828125,0.5341
5,5,406,-3.2088680267333984,188.2080841064453,899.2399291992188,0.6288
5,5,407,-2.5887954235076904,187.7576904296875,902.5994262695312,0.5499
5,5,408,-5.972352981567383,188.30569458007812,902.10791015625,0.6811
5,5,409,-7.488806247711182,188.0679168701172,903.4073486328125,0.6958
5,5,410,-9.057210922241211,188.0352783203125,904.6369018554688,0.7166
5,5,411,-10.887054443359375,188.19134521484375,905.4210815429688,0.5518
5,5,412,-12.875581741333008,188.4857635498047,905.4807739257812,0.3937
5,5,413,-14.746665000915527,188.82864379882812,904.7968139648438,0.2803
5,5,414,-16.320680618286133,189.20758056640625,903.5675659179688,0.2232
5,5,415,-17.655597686767578,189.70065307617188,902.0821533203125,0.1909
5,5,416,-19.137800216674805,190.32232666015625,900.7453002929688,0.1048
5,5,417,-20.872819900512695,190.93431091308594,899.7769165039062,0.0237
5,5,418,-22.799755096435547,191.56298828125,899.3279418945312,0.032
5,5,419,-24.772165298461914,192.103271484375,899.4464111328125,0.1248
5,5,420,-26.632766723632812,192.5023956298828,900.1090087890625,0.1672
5,5,421,-28.23855972290039,192.7977752685547,901.2583618164062,0.3118
5,5,422,-29.487606048583984,192.79489135742188,902.7930908203125,0.3506
5,5,423,-30.412830352783203,192.681640625,904.5580444335938,0.2491
5,5,424,-31.166759490966797,192.3972930908203,906.4073486328125,0.2131
5,5,425,-31.829296112060547,192.18731689453125,908.287353515625,0.136
5,5,426,-32.14634704589844,191.7918701171875,910.2478637695312,0.1392
5,5,427,-31.826122283935547,191.22348022460938,912.2071533203125,0.1441
5,5,428,-30.89851188659668,190.23373413085938,913.9699096679688,0.0904
5,5,429,-29.603137969970703,189.48846435546875,915.4898681640625,0.0342
5,5,430,-28.250137329101562,188.6716766357422,916.9588623046875,0.1894
5,5,431,-26.877805709838867,187.9524383544922,918.4098510742188,0.3015
5,5,432,-25.471784591674805,186.8413848876953,919.828125,0.1779
5,5,433,-23.97473907470703,185.61007690429688,921.1499633789062,0.0523
5,5,434,-22.319162368774414,184.48382568359375,922.265869140625,0.1748
5,5,435,-20.510997772216797,183.43609619140625,923.1123657226562,0.2001
5,5,436,-18.608978271484375,182.5026092529297,923.7200927734375,0.1105
5,5,437,-16.657329559326172,181.695068359375,924.1433715820312,0.0928
5,5,438,-14.67737102508545,181.18331909179688,924.4042358398438,0.1133
5,5,439,-12.68144702911377,180.90892028808594,924.4752807617188,0.2386
5,5,440,-10.697000503540039,180.74339294433594,924.2572631835938,0.2845
5,5,441,-8.827524185180664,180.5287628173828,923.5750122070312,0.2235
5,5,442,-5.908695697784424,179.6778564453125,923.4644165039062,0.3757
5,5,443,-7.2501420974731445,181.2206573486328,920.1535034179688,0.4095
5,5,444,-8.524870872497559,182.9282989501953,917.9205932617188,0.3114
5,5,445,-7.387122631072998,183.67904663085938,916.2313232421875,0.467
5,5,446,-4.800302505493164,183.87364196777344,914.7791748046875,0.6466
5,5,447,-4.664673328399658,184.9216766357422,912.7933349609375,0.5996
5,5,448,-5.025704860687256,185.85589599609375,910.8504028320312,0.7339
5,5,449,-5.394845962524414,186.56312561035156,908.8914184570312,0.7271
5,5,450,-5.026801109313965,186.92257690429688,906.9591064453125,0.5696
5,5,451,-3.902672290802002,187.1760711669922,905.3272094726562,0.6943
5,5,452,-2.345897674560547,187.2792510986328,904.0093383789062,0.6
5,5,453,-0.19424781203269958,186.06436157226562,906.1719360351562,0.7041
5,5,454,0.9040969014167786,185.5050811767578,906.7384033203125,0.7484
5,5,455,3.11680269241333,185.33975219726562,905.3732299804688,0.6539
5,5,456,6.493984222412109,184.51564025878906,904.5326538085938,0.7097
5,5,457,8.731097221374512,182.6052703857422,906.0169677734375,0.59
5,5,458,8.108779907226562,181.22030639648438,909.0262451171875,0.3519
5,5,459,5.715966701507568,181.28273010253906,911.3811645507812,0.5187
5,5,460,4.457993984222412,181.51124572753906,912.2168579101562,0.6032
5,5,461,5.106987953186035,180.43643188476562,913.8741455078125,0.4612
5,5,462,5.050267696380615,178.972412109375,917.2783203125,0.3621
5,5,463,3.6065256595611572,178.5775604248047,919.370849609375,0.274
5,5,464,1.7561007738113403,179.23236083984375,918.8654174804688,0.3959
5,5,465,-1.5200860500335693,180.56222534179688,918.16357421875,0.3986
5,5,466,-4.2766337394714355,180.1681365966797,920.322998046875,0.5254
5,5,467,-2.774386167526245,178.86141967773438,923.4664306640625,0.2943
5,5,468,0.8285292387008667,177.97450256347656,923.1929321289062,0.2574
5,5,469,3.0836222171783447,177.8511962890625,921.77197265625,0.1312
5,5,470,4.473602294921875,177.5456085205078,922.4061279296875,0.1353
5,5,471,6.289877891540527,176.7373046875,925.0073852539062,0.1742
5,5,472,8.843032836914062,176.47744750976562,927.050048828125,0.1662
5,5,473,11.106874465942383,176.45437622070312,926.3327026367188,0.2547
5,5,474,12.037684440612793,176.9060516357422,923.2097778320312,0.2476
5,5,475,12.356659889221191,177.52308654785156,919.962646484375,0.2382
5,5,476,13.734729766845703,177.70770263671875,918.558349609375,0.1244
5,5,477,16.59418487548828,177.26817321777344,919.2391357421875,0.0621
5,5,478,19.860477447509766,176.81422424316406,920.2993774414062,0.2281
5,5,479,22.115110397338867,176.40341186523438,919.5262451171875,0.3331
5,5,480,22.392362594604492,176.39859008789062,916.4954223632812,0.1753
5,5,481,20.46616554260254,176.99285888671875,914.1414184570312,0.1302
5,5,482,19.047443389892578,177.25088500976562,914.0767211914062,0.212
5,5,483,19.102861404418945,177.82090759277344,912.0484008789062,0.3268
5,5,484,19.438159942626953,179.21444702148438,908.5787353515625,0.284
5,5,485,18.689828872680664,180.6710662841797,906.0139770507812,0.2101
5,5,486,16.03983497619629,180.85922241210938,905.7943725585938,0.2082
5,5,487,13.024016380310059,180.202880859375,907.77734375,0.1724
5,5,488,9.97807788848877,180.69691467285156,908.5184326171875,0.1393
5,5,489,8.442930221557617,182.7890167236328,905.915771484375,0.5994
5,5,490,9.967009544372559,184.1570281982422,902.7372436523438,0.7128
5,5,491,11.95311450958252,184.35482788085938,901.1616821289062,0.4436
5,5,492,11.79820442199707,184.88246154785156,900.0152587890625,0.3553
5,5,493,10.612356185913086,185.87905883789062,897.2097778320312,0.3838
5,5,494,11.535490036010742,186.9608154296875,893.8479614257812,0.303
5,5,495,14.580102920532227,187.02102661132812,893.4006958007812,0.3335
5,5,496,16.401580810546875,186.0771026611328,896.3958740234375,0.5066
5,5,497,15.964701652526855,184.601806640625,899.3837890625,0.2416
5,5,498,16.241621017456055,183.96905517578125,900.6336669921875,0.1363
5,5,499,18.788196563720703,183.3772430419922,901.5980834960938,0.1175
5,5,500,21.887617111206055,183.1129913330078,902.5159912109375,0.051
5,5,501,23.0809383392334,182.70318603515625,903.1177978515625,0.1054
5,5,502,22.943370819091797,181.1890106201172,905.3336791992188,0.161
5,5,503,23.97247314453125,178.82049560546875,908.6896362304688,0.1938
5,5,504,26.61920166015625,177.6968231201172,909.9813842773438,0.2743
5,5,505,28.764423370361328,178.5673370361328,907.7799072265625,0.2559
5,5,506,29.034635543823242,180.9338836669922,904.2899169921875,0.0724
5,5,507,29.194238662719727,182.43252563476562,902.0772094726562,0.1056
5,5,508,31.19748306274414,182.44395446777344,901.5464477539062,0.0994
5,5,509,34.64551544189453,181.9872589111328,901.4182739257812,0.2171
5,5,510,37.27342224121094,182.02342224121094,900.302001953125,0.3186
5,5,511,37.294715881347656,183.06910705566406,897.9349975585938,0.0982
5,5,512,35.247657775878906,184.45321655273438,895.1587524414062,0.4654
5,5,513,36.35324478149414,184.94268798828125,893.3890991210938,0.722
5,5,514,36.661685943603516,185.4553985595703,891.4168090820312,0.5911
5,5,515,36.84113311767578,185.8357696533203,889.4285888671875,0.4886
5,5,516,36.88502502441406,186.12564086914062,887.4330444335938,0.5849
5,5,517,36.76660919189453,186.13177490234375,885.441162109375,0.6363
5,5,518,36.422664642333984,186.13755798339844,883.4779663085938,0.6779
5,5,519,35.71746063232422,186.15280151367188,881.6214599609375,0.7046
5,5,520,34.400882720947266,186.2778778076172,880.1627197265625,0.6086
5,5,521,32.49264144897461,186.44053649902344,879.73193359375,0.6356
5,5,522,30.5100040435791,186.4130859375,879.8126831054688,0.4575
5,5,523,28.526906967163086,186.3140869140625,880.0491943359375,0.3079
5,5,524,26.611780166625977,186.31228637695312,880.531005859375,0.3939
5,5,525,24.954647064208984,186.76478576660156,881.585205078125,0.4169
5,5,526,23.66747283935547,186.95489501953125,883.1034545898438,0.478
5,5,527,22.648649215698242,186.9814910888672,884.814208984375,0.5047
5,5,528,21.75828742980957,187.00918579101562,886.5892333984375,0.4459
5,5,529,20.428037643432617,187.1046142578125,888.0398559570312,0.2821
5,5,530,18.635990142822266,187.36187744140625,888.7893676757812,0.1275
5,5,531,16.762229919433594,187.72781372070312,888.4141235351562,0.1934
5,5,532,15.590102195739746,187.84927368164062,886.9276733398438,0.0892
5,5,533,15.614713668823242,187.89137268066406,885.0116577148438,0.0833
5,5,534,16.562969207763672,187.7935791015625,883.3011474609375,0.2532
5,5,535,17.983068466186523,187.4564666748047,881.91748046875,0.3639
5,5,536,19.422399520874023,187.1295928955078,880.5455322265625,0.311
5,5,537,20.43512725830078,187.02687072753906,878.8654174804688,0.4431
5,5,538,20.6279354095459,187.03713989257812,876.9465942382812,0.3009
5,5,539,20.022960662841797,187.16018676757812,875.0626220703125,0.2817
5,5,540,19.066085815429688,187.41036987304688,873.3126220703125,0.3493
5,5,541,17.87697410583496,187.68531799316406,871.7239990234375,0.1825
5,5,542,16.365493774414062,187.83294677734375,870.4321899414062,0.0559
5,5,543,14.608488082885742,187.98106384277344,869.5160522460938,0.2368
5,5,544,12.672626495361328,188.1728973388672,869.308349609375,0.3994
5,5,545,10.923272132873535,188.6710662841797,870.1588134765625,0.2729
5,5,546,9.693429946899414,189.30242919921875,871.7002563476562,0.1734
5,5,547,8.88585376739502,189.42709350585938,873.5222778320312,0.2128
5,5,548,8.209724426269531,189.43399047851562,875.3976440429688,0.1721
5,5,549,7.2522873878479,189.45335388183594,877.1415405273438,0.0849
5,5,550,5.850958347320557,189.4791717529297,878.5597534179688,0.1298
5,5,551,4.078370571136475,189.49586486816406,879.4797973632812,0.2093
5,5,552,2.1203198432922363,189.52743530273438,879.8560180664062,0.2516
5,5,553,0.13607682287693024,189.6724853515625,879.7254028320312,0.2161
5,5,554,-1.7490077018737793,190.0786590576172,879.1063842773438,0.4269
5,5,555,-3.429424524307251,190.2712860107422,878.0531616210938,0.5342
5,5,556,-4.875870227813721,190.3291473388672,876.6876220703125,0.5817
5,5,557,-6.291940689086914,190.33226013183594,875.28076171875,0.5385
5,5,558,-7.832239627838135,190.3114776611328,874.014892578125,0.4629
5,5,559,-9.413549423217773,190.19497680664062,872.7955322265625,0.4022
5,5,560,-10.875730514526367,189.8387451171875,871.4431762695312,0.3276
5,5,561,-12.102333068847656,189.66311645507812,869.8782348632812,0.3941
5,5,562,-13.037939071655273,189.84165954589844,868.1221923828125,0.4186
5,5,563,-13.695348739624023,190.25341796875,866.2408447265625,0.3632
5,5,564,-14.123302459716797,190.80740356445312,864.2922973632812,0.3016
5,5,565,-14.361507415771484,191.1221923828125,862.310546875,0.1543
5,5,566,-14.432560920715332,191.36135864257812,860.3153686523438,0.1438
5,5,567,-14.346383094787598,191.57318115234375,858.3201904296875,0.3347
5,5,568,-14.099226951599121,191.5560302734375,856.3382568359375,0.3633
5,5,569,-13.69820499420166,191.4434356689453,854.3821411132812,0.3203
5,5,570,-13.149798393249512,191.31768798828125,852.4622192382812,0.3174
5,5,571,-12.45882511138916,191.14768981933594,850.5894775390625,0.2471
5,5,572,-11.630870819091797,191.05593872070312,848.7733154296875,0.2971
5,5,573,-10.671904563903809,191.00428771972656,847.0228881835938,0.2903
5,5,574,-9.587918281555176,190.43675231933594,845.34716796875,0.1858
5,5,575,-8.384472846984863,189.6162872314453,843.7551879882812,0.1365
5,5,576,-7.067076206207275,188.60313415527344,842.2561645507812,0.0998
5,5,577,-5.6413397789001465,187.6359100341797,840.8597412109375,0.124
5,5,578,-4.113027095794678,186.78231811523438,839.5765991210938,0.1844
5,5,579,-2.487622022628784,185.8401336669922,838.419189453125,0.1156
5,5,580,-0.7699950933456421,184.5397186279297,837.4033813476562,0.0923
5,5,581,1.0345231294631958,183.07119750976562,836.5509643554688,0.0872
5,5,582,2.919429063796997,181.72592163085938,835.8923950195312,0.0525
5,5,583,4.876944541931152,180.91543579101562,835.4960327148438,0.258
5,5,584,6.870598316192627,180.66082763671875,835.4227905273438,0.3461
5,5,585,8.835254669189453,180.63800048828125,835.74365234375,0.2466
5,5,586,10.66287899017334,180.96592712402344,836.5179443359375,0.29
5,5,587,12.249442100524902,181.48146057128906,837.7092895507812,0.2
5,5,588,13.634908676147461,182.2792510986328,839.1424560546875,0.1151
5,5,589,16.85723114013672,182.12042236328125,838.2171630859375,0.2082
5,5,590,17.162357330322266,182.7880401611328,840.7426147460938,0.1485
5,5,591,18.086130142211914,183.5496368408203,844.0761108398438,0.18
5,5,592,19.681135177612305,183.7334442138672,845.5313110351562,0.127
5,5,593,21.654232025146484,182.90782165527344,844.5053100585938,0.2286
5,5,594,24.978595733642578,182.263916015625,843.884765625,0.259
5,5,595,27.373525619506836,182.34951782226562,844.9561157226562,0.3427
5,5,596,27.288063049316406,182.6494140625,847.4033203125,0.4303
5,5,597,25.783851623535156,182.7778778076172,850.5348510742188,0.3302
5,5,598,24.893770217895508,183.0659942626953,852.717041015625,0.2571
5,5,599,26.087549209594727,182.82525634765625,853.6268310546875,0.2462
5,5,600,28.192426681518555,182.766845703125,856.028564453125,0.391
5,5,601,27.006399154663086,183.69232177734375,859.3422241210938,0.3758
5,5,602,24.09800148010254,183.87969970703125,859.3011474609375,0.3944
5,5,603,21.961502075195312,183.88082885742188,856.5297241210938,0.4491
5,5,604,19.233314514160156,185.1475067138672,854.574951171875,0.383
5,5,605,16.724510192871094,185.98611450195312,855.935546875,0.2449
5,5,606,16.767637252807617,185.8079833984375,859.4021606445312,0.2699
5,5,607,18.461978912353516,185.44093322753906,861.7784423828125,0.2207
5,5,608,18.680622100830078,185.65687561035156,862.7019653320312,0.1452
5,5,609,17.130300521850586,186.36837768554688,864.7588500976562,0.2604
5,5,610,16.8684024810791,187.38902282714844,868.2230224609375,0.11
5,5,611,19.93492317199707,186.25440979003906,867.281982421875,0.1507
5,5,612,21.680017471313477,186.0827178955078,868.248779296875,0.1013
5,5,613,23.266298294067383,185.87106323242188,869.4508666992188,0.3967
5,5,614,24.631820678710938,185.54843139648438,870.89453125,0.4831
5,5,615,25.762325286865234,185.55001831054688,872.5358276367188,0.4336
5,5,616,27.06156349182129,185.79806518554688,874.0125122070312,0.3232
5,5,617,28.835018157958984,185.87376403808594,874.8161010742188,0.4324
5,5,618,30.79633331298828,185.9735107421875,874.8544311523438,0.5434
5,5,619,32.492000579833984,185.90060424804688,873.958984375,0.5855
5,5,620,33.60261535644531,185.48890686035156,872.330078125,0.5626
5,5,621,34.34941482543945,185.1954345703125,870.482177734375,0.5265
5,5,622,35.752708435058594,184.78060913085938,868.8505249023438,0.3442
5,5,623,38.32341003417969,184.39932250976562,867.7102661132812,0.1714
5,5,624,38.47941589355469,184.3544158935547,865.765625,0.1589
5,5,625,37.234806060791016,184.37596130371094,863.0438842773438,0.1798
5,5,626,38.14950180053711,184.30963134765625,861.2686767578125,0.1581
5,5,627,39.060340881347656,184.1499481201172,859.4915771484375,0.3431
5,5,628,39.878910064697266,183.7074432373047,857.6710815429688,0.1838
5,5,629,40.48500442504883,183.2233428955078,855.7733764648438,0.1939
5,5,630,40.68033981323242,182.73165893554688,853.8018188476562,0.0472
5,5,631,40.136905670166016,182.6320037841797,851.9249267578125,0.11
5,5,632,38.77691650390625,182.6428680419922,850.5284423828125,0.1568
5,5,633,36.47856903076172,182.978271484375,852.7542724609375,0.2824
5,5,634,34.84145736694336,182.74960327148438,850.7941284179688,0.3075
5,5,635,33.91485595703125,182.63272094726562,847.7642211914062,0.206
5,5,636,33.83855056762695,182.54733276367188,846.2374877929688,0.0841
5,5,637,31.564329147338867,182.4144287109375,845.8077392578125,0.1854
5,5,638,27.97388458251953,182.3629608154297,845.1849975585938,0.3595
5,5,639,26.484413146972656,181.7429962158203,841.8125610351562,0.215
5,5,640,29.62068748474121,181.0471649169922,840.02880859375,0.3086
5,5,641,33.07486343383789,181.50006103515625,841.3209838867188,0.3769
5,5,642,33.9142951965332,180.6408233642578,839.0425415039062,0.4504
5,5,643,35.11832809448242,180.10020446777344,837.4498291015625,0.4699
5,5,644,35.859901428222656,179.43873596191406,835.595458984375,0.5022
6,6,0,35.01804733276367,182.2621307373047,835.3692016601562,0.407
6,6,1,35.96324157714844,181.6145477294922,833.6094360351562,0.4717
6,6,2,36.6569709777832,181.0005340576172,831.7572631835938,0.6272
6,6,3,36.51223373413086,180.24783325195312,829.7954711914062,0.5944
6,6,4,35.654850006103516,179.67642211914062,828.0128173828125,0.6983
6,6,5,34.3227653503418,179.1208038330078,826.548095703125,0.6234
6,6,6,32.5766487121582,178.82752990722656,825.6796875,0.6947
6,6,7,30.760705947875977,178.76312255859375,826.1707763671875,0.7446
6,6,8,29.622549057006836,179.37742614746094,827.7353515625,0.7772
6,6,9,26.640625,179.99185180664062,828.9281616210938,0.6495
6,6,10,26.121112823486328,180.81333923339844,830.41650390625,0.6418
6,6,11,27.26554298400879,181.69241333007812,833.1107177734375,0.7585
6,6,12,28.377506256103516,182.85641479492188,836.193603515625,0.407
6,6,13,27.52461051940918,183.6781768798828,838.3473510742188,0.1435
6,6,14,24.269309997558594,183.9914093017578,838.5582885742188,0.2119
6,6,15,21.83408546447754,183.78453063964844,836.4744873046875,0.1581
6,6,16,20.818984985351562,183.5629425048828,835.576904296875,0.1519
6,6,17,18.928951263427734,184.2090301513672,836.7510986328125,0.1649
6,6,18,15.37974739074707,184.1153106689453,836.8795776367188,0.1063
6,6,19,13.826033592224121,182.2474822998047,833.5496215820312,0.0928
6,6,20,16.787885665893555,181.0921173095703,831.5465087890625,0.2003
6,6,21,20.349485397338867,182.1655731201172,832.583740234375,0.2266
6,6,22,23.432506561279297,181.85467529296875,831.8324584960938,0.4923
6,6,23,23.439010620117188,180.1356964111328,828.680419921875,0.4208
6,6,24,20.86098861694336,178.32449340820312,826.05224609375,0.2163
6,6,25,19.923444747924805,175.46949768066406,823.1246337890625,0.1711
6,6,26,23.614425659179688,175.54544067382812,822.7195434570312,0.1628
6,6,27,24.159414291381836,174.0840301513672,820.805419921875,0.1031
6,6,28,23.88848876953125,172.65997314453125,818.8352661132812,0.2064
6,6,29,22.907512664794922,171.37118530273438,817.0972290039062,0.1395
6,6,30,21.53153419494629,170.24710083007812,815.6499633789062,0.2119
6,6,31,19.931556701660156,169.55747985839844,814.453857421875,0.2182
6,6,32,18.190515518188477,169.19873046875,813.4739379882812,0.2571
6,6,33,16.34952735900879,169.22512817382812,812.6986083984375,0.1988
6,6,34,14.430268287658691,169.22352600097656,812.1464233398438,0.1377
6,6,35,12.453421592712402,168.9331512451172,811.8722534179688,0.3417
6,6,36,10.463286399841309,168.86524963378906,811.9653930664062,0.2942
6,6,37,8.571673393249512,169.036376953125,812.56005859375,0.2349
6,6,38,7.091868877410889,169.53671264648438,813.8416137695312,0.0462
6,6,39,6.9223198890686035,170.37026977539062,815.7393798828125,0.2411
6,6,40,8.383404731750488,170.78173828125,817.0367431640625,0.183
6,6,41,10.237374305725098,170.95623779296875,817.7421875,0.2198
6,6,42,11.940872192382812,171.2668914794922,818.7313232421875,0.2628
6,6,43,13.192800521850586,172.18362426757812,820.1884765625,0.2957
6,6,44,13.68841552734375,173.85671997070312,822.08544921875,0.6175
6,6,45,13.145133972167969,175.55010986328125,824.0079956054688,0.7263
6,6,46,11.9524507522583,176.9359588623047,825.57177734375,0.6913
6,6,47,10.428627014160156,178.14627075195312,826.8184204101562,0.6512
6,6,48,8.642165184020996,179.1334686279297,827.6854248046875,0.6902
6,6,49,6.669373512268066,179.4332733154297,828.0005493164062,0.5474
6,6,50,4.679035186767578,179.46702575683594,828.1721801757812,0.3886
6,6,51,2.686554431915283,179.58578491210938,828.0662231445312,0.3241
6,6,52,0.7562006115913391,179.60121154785156,827.58642578125,0.1964
6,6,53,-0.9986872673034668,179.4161834716797,826.6722412109375,0.1367
6,6,54,-2.398843288421631,178.731689453125,825.2967529296875,0.1415
6,6,55,-3.135162353515625,177.7406005859375,823.5128173828125,0.1231
6,6,56,-3.034294843673706,176.40989685058594,821.556884765625,0.1208
6,6,57,-2.27864408493042,174.8531036376953,819.7163696289062,0.1617
6,6,58,-1.255841612815857,173.46334838867188,818.0115966796875,0.1926
6,6,59,-0.8025378584861755,172.00909423828125,816.0995483398438,0.1182
6,6,60,-1.4597440958023071,171.16793823242188,814.2943725585938,0.1678
6,6,61,-3.091754913330078,170.9770050048828,813.2095336914062,0.1609
6,6,62,-5.028229713439941,171.24154663085938,812.7809448242188,0.189
6,6,63,-7.019434928894043,171.59564208984375,812.7882080078125,0.1742
6,6,64,-8.989447593688965,172.04383850097656,813.1007690429688,0.0758
6,6,65,-10.9149808883667,172.65597534179688,813.6278686523438,0.1321
6,6,66,-12.802360534667969,173.330322265625,814.2825927734375,0.2251
6,6,67,-14.676121711730957,173.97792053222656,814.9756469726562,0.2841
6,6,68,-16.54172134399414,175.1431884765625,815.6900024414062,0.3516
6,6,69,-18.381332397460938,176.8616180419922,816.46728515625,0.5436
6,6,70,-20.15397071838379,178.9475555419922,817.384033203125,0.3833
6,6,71,-21.78615951538086,181.8859405517578,818.5283813476562,0.1838
6,6,72,-23.132171630859375,184.82907104492188,819.991455078125,0.1528
6,6,73,-23.877212524414062,186.6608428955078,821.8134765625,0.1708
6,6,74,-23.4521427154541,187.76809692382812,823.6689453125,0.1441
6,6,75,-21.839462280273438,187.82928466796875,824.6751708984375,0.1831
6,6,76,-19.871694564819336,187.16891479492188,824.7501831054688,0.3234
6,6,77,-17.888626098632812,186.2255401611328,824.606201171875,0.2888
6,6,78,-15.91264533996582,185.05165100097656,824.7913818359375,0.2559
6,6,79,-14.13156509399414,184.72418212890625,825.6964721679688,0.241
6,6,80,-12.919933319091797,185.19772338867188,827.2218017578125,0.3519
6,6,81,-12.571220397949219,186.37806701660156,829.0755615234375,0.5508
6,6,82,-13.18647289276123,187.79872131347656,830.9259643554688,0.5782
6,6,83,-14.432535171508789,189.38363647460938,832.44580078125,0.3623
6,6,84,-16.128253936767578,190.82467651367188,833.439453125,0.1509
6,6,85,-18.082122802734375,191.93130493164062,833.6749267578125,0.1683
6,6,86,-19.96705436706543,192.46717834472656,833.08154296875,0.2544
6,6,87,-21.638519287109375,192.63185119628906,831.9918823242188,0.1382
6,6,88,-23.42656135559082,192.74610900878906,831.119873046875,0.2289
6,6,89,-25.389612197875977,193.1412353515625,830.7488403320312,0.1698
6,6,90,-27.368013381958008,193.70062255859375,830.9498291015625,0.1687
6,6,91,-29.21856689453125,194.68020629882812,831.6319580078125,0.1561
6,6,92,-30.776897430419922,195.60568237304688,832.8112182617188,0.2212
6,6,93,-31.96576690673828,196.6308135986328,834.409912109375,0.3625
6,6,94,-32.911407470703125,197.86001586914062,836.1697387695312,0.3864
6,6,95,-33.36716079711914,198.98956298828125,838.099365234375,0.4381
6,6,96,-33.476661682128906,199.7260284423828,840.0615234375,0.4308
6,6,97,-33.040225982666016,199.84494018554688,842.0111083984375,0.5787
6,6,98,-31.82599449157715,199.8192901611328,843.5457763671875,0.5873
6,6,99,-30.164066314697266,199.6249542236328,844.4854125976562,0.4695
6,6,100,-28.20060920715332,199.21507263183594,844.79931640625,0.393
6,6,101,-26.20297622680664,198.62295532226562,844.7700805664062,0.5115
6,6,102,-24.205598831176758,197.82797241210938,844.7281494140625,0.4924
6,6,103,-22.268768310546875,196.84812927246094,845.1555786132812,0.6391
6,6,104,-20.71257972717285,196.1995849609375,846.338134765625,0.5692
6,6,105,-20.010562896728516,196.01150512695312,848.1597900390625,0.4425
6,6,106,-20.359582901000977,196.29974365234375,850.0932006835938,0.4741
6,6,107,-21.60926628112793,196.95462036132812,851.6189575195312,0.5813
6,6,108,-23.401439666748047,197.391845703125,852.4531860351562,0.5194
6,6,109,-25.37198829650879,197.8955535888672,852.6718139648438,0.3516
6,6,110,-27.36457061767578,198.08538818359375,852.58984375,0.3487
6,6,111,-29.352333068847656,197.85719299316406,852.6639404296875,0.3549
6,6,112,-31.190082550048828,197.22598266601562,853.330810546875,0.3272
6,6,113,-32.416202545166016,196.47117614746094,854.8152465820312,0.164
6,6,114,-32.54967498779297,195.5945281982422,856.7478637695312,0.2265
6,6,115,-31.73878288269043,195.16915893554688,858.5416870117188,0.246
6,6,116,-30.487607955932617,194.94308471679688,860.0882568359375,0.1718
6,6,117,-29.249425888061523,194.65040588378906,861.65380859375,0.0659
6,6,118,-28.3033390045166,194.21969604492188,863.3948364257812,0.1654
6,6,119,-27.863832473754883,193.8197784423828,865.3142700195312,0.1515
6,6,120,-28.07956886291504,193.62167358398438,867.2661743164062,0.2038
6,6,121,-28.98699188232422,193.31234741210938,869.0042724609375,0.1631
6,6,122,-30.478975296020508,193.49925231933594,870.2841796875,0.2239
6,6,123,-32.320526123046875,194.06288146972656,871.023193359375,0.2003
6,6,124,-34.28608703613281,194.5185546875,871.2589721679688,0.2079
6,6,125,-36.219425201416016,195.02952575683594,870.8364868164062,0.2846
6,6,126,-37.92228317260742,195.27853393554688,869.7991943359375,0.4592
6,6,127,-39.448707580566406,195.2967529296875,868.5128173828125,0.4524
6,6,128,-41.170570373535156,195.60012817382812,867.5162963867188,0.4706
6,6,129,-43.13926696777344,196.0569610595703,867.3721313476562,0.4804
6,6,130,-44.942588806152344,196.25189208984375,868.1956787109375,0.4471
6,6,131,-46.324928283691406,196.58285522460938,869.60693359375,0.5269
6,6,132,-47.00022888183594,196.85728454589844,871.465087890625,0.5436
6,6,133,-46.90208053588867,197.12782287597656,873.4459228515625,0.6499
6,6,134,-46.17753219604492,197.3339385986328,875.3053588867188,0.7126
6,6,135,-45.20175552368164,197.20079040527344,877.0469360351562,0.8787
6,6,136,-44.57103729248047,196.67816162109375,878.9368896484375,0.8774
6,6,137,-44.64944839477539,196.38796997070312,880.9282836914062,0.6591
6,6,138,-45.289337158203125,196.64747619628906,882.8193359375,0.4721
6,6,139,-46.339454650878906,197.42428588867188,884.5189208984375,0.36
6,6,140,-47.524906158447266,198.35983276367188,886.12646484375,0.193
6,6,141,-48.92041015625,199.17779541015625,887.5505981445312,0.1903
6,6,142,-50.61500549316406,199.8694610595703,888.5730590820312,0.1467
6,6,143,-52.53070831298828,200.71168518066406,889.0482177734375,0.1425
6,6,144,-54.50181579589844,201.70469665527344,888.9437866210938,0.0846
6,6,145,-56.352149963378906,202.60951232910156,888.2648315429688,0.0856
6,6,146,-57.87305450439453,203.28273010253906,887.0226440429688,0.1182
6,6,147,-58.86724090576172,203.5738067626953,885.3257446289062,0.2752
6,6,148,-59.371910095214844,203.55006408691406,883.4017944335938,0.2041
6,6,149,-59.66164779663086,203.46597290039062,881.4251098632812,0.1557
6,6,150,-59.94520950317383,203.54464721679688,879.4480590820312,0.1907
6,6,151,-60.10675048828125,203.568359375,877.4586791992188,0.0884
6,6,152,-59.98488235473633,203.1983642578125,875.475341796875,0.1465
6,6,153,-59.17976379394531,202.31678771972656,873.6593017578125,0.2142
6,6,154,-57.76044464111328,201.5862579345703,872.256591796875,0.1392
6,6,155,-55.97756576538086,200.7382049560547,871.3551635742188,0.2009
6,6,156,-54.0659294128418,199.990478515625,870.78173828125,0.297
6,6,157,-52.345306396484375,199.2957000732422,869.7838134765625,0.213
6,6,158,-51.0926513671875,198.6360321044922,868.2310180664062,0.1321
6,6,159,-49.950721740722656,198.1582489013672,866.6093139648438,0.1452
6,6,160,-48.41938781738281,197.68222045898438,865.3333740234375,0.1104
6,6,161,-46.69278335571289,197.24853515625,864.3310546875,0.2045
6,6,162,-45.165157318115234,196.8577117919922,863.0436401367188,0.2391
6,6,163,-44.046844482421875,196.7169952392578,861.3938598632812,0.2105
6,6,164,-43.56312942504883,196.8045196533203,859.4756469726562,0.0559
6,6,165,-43.756370544433594,197.2265167236328,857.5142822265625,0.1377
6,6,166,-44.46002960205078,198.27029418945312,855.6649780273438,0.2385
6,6,167,-45.54867172241211,199.86419677734375,854.0103759765625,0.2649
6,6,168,-46.968963623046875,201.52334594726562,852.628173828125,0.1748
6,6,169,-48.74147415161133,202.50222778320312,851.7064208984375,0.2015
6,6,170,-50.70638656616211,203.20545959472656,851.3997192382812,0.4186
6,6,171,-52.59358596801758,203.63253784179688,851.8967895507812,0.3851
6,6,172,-54.24000549316406,203.84568786621094,853.0093994140625,0.2995
6,6,173,-55.72528076171875,203.98004150390625,854.3434448242188,0.2261
6,6,174,-57.155826568603516,203.92446899414062,855.7379150390625,0.1725
6,6,175,-58.59815216064453,203.852294921875,857.1202392578125,0.3278
6,6,176,-60.10417556762695,203.9656524658203,858.4324340820312,0.3639
6,6,177,-61.71086120605469,204.15432739257812,859.6179809570312,0.4287
6,6,178,-63.42820739746094,204.5374755859375,860.6358032226562,0.4402
6,6,179,-65.23261260986328,204.90036010742188,861.4906005859375,0.47
6,6,180,-67.07816314697266,205.50999450683594,862.2548828125,0.5003
6,6,181,-68.9034423828125,205.9420166015625,863.066162109375,0.2931
6,6,182,-70.5876693725586,206.42031860351562,864.1296997070312,0.1621
6,6,183,-71.7595443725586,206.42762756347656,865.7181396484375,0.1507
6,6,184,-71.52033233642578,205.97811889648438,867.6644287109375,0.1998
6,6,185,-70.48477935791016,205.69932556152344,869.3720092773438,0.0922
6,6,186,-69.58842468261719,205.69944763183594,871.1563110351562,0.1211
6,6,187,-69.11109161376953,205.77359008789062,873.0963134765625,0.184
6,6,188,-69.42849731445312,206.19290161132812,875.063232421875,0.122
6,6,189,-68.65606689453125,206.36517333984375,876.81591796875,0.1802
6,6,190,-66.88636016845703,206.166015625,877.6923828125,0.2005
6,6,191,-65.18597412109375,205.92282104492188,878.6956787109375,0.1458
6,6,192,-64.1596450805664,205.77650451660156,880.37744140625,0.1625
6,6,193,-63.681739807128906,205.76536560058594,882.3119506835938,0.067
6,6,194,-63.337005615234375,205.824462890625,884.279541015625,0.1306
6,6,195,-63.225746154785156,205.91461181640625,886.2705078125,0.0833
6,6,196,-63.57001876831055,205.99362182617188,888.2184448242188,0.125
6,6,197,-64.46633911132812,206.1777801513672,889.9737548828125,0.0399
6,6,198,-65.839111328125,206.34805297851562,891.3916625976562,0.0964
6,6,199,-67.55113220214844,206.50167846679688,892.3779907226562,0.0742
6,6,200,-69.46930694580078,206.6752471923828,892.8470458984375,0.101
6,6,201,-71.43731689453125,206.9724884033203,892.705322265625,0.1037
6,6,202,-73.26449584960938,207.35592651367188,891.940673828125,0.095
6,6,203,-74.86504364013672,207.69476318359375,890.7466430664062,0.2608
6,6,204,-76.39874267578125,208.0382537841797,889.4697265625,0.3992
6,6,205,-78.12162017822266,208.11827087402344,888.4607543945312,0.4651
6,6,206,-80.05845642089844,207.62130737304688,887.970703125,0.6488
6,6,207,-81.79547882080078,207.311279296875,890.7344970703125,0.6311
6,6,208,-83.71563720703125,206.71458435058594,890.8510131835938,0.7079
6,6,209,-86.00944519042969,205.7079620361328,888.4984741210938,0.4266
6,6,210,-86.59790802001953,205.95016479492188,885.9041748046875,0.2726
6,6,211,-86.56549072265625,206.01919555664062,885.6529541015625,0.2588
6,6,212,-88.74562072753906,205.75941467285156,884.6759643554688,0.315
6,6,213,-90.75989532470703,206.26243591308594,882.0762939453125,0.4008
6,6,214,-90.79989624023438,206.8663330078125,879.9680786132812,0.3586
6,6,215,-88.22642517089844,207.34869384765625,878.6092529296875,0.2504
6,6,216,-84.90625762939453,207.83489990234375,877.8236083984375,0.1882
6,6,217,-83.416748046875,208.18748474121094,876.96484375,0.1265
6,6,218,-84.47315216064453,208.72047424316406,873.8884887695312,0.2515
6,6,219,-82.65335845947266,208.83778381347656,874.3202514648438,0.2156
6,6,220,-81.29560089111328,208.86097717285156,875.7835693359375,0.2438
6,6,221,-80.06636047363281,208.91261291503906,877.3583984375,0.3056
6,6,222,-78.23846435546875,208.86851501464844,878.14892578125,0.221
6,6,223,-76.51300048828125,208.26502990722656,877.2904663085938,0.1884
6,6,224,-76.1056137084961,207.9636993408203,875.3346557617188,0.0619
6,6,225,-76.2294692993164,207.6240234375,873.349609375,0.016
6,6,226,-76.66405487060547,207.51498413085938,871.4160766601562,0.0511
6,6,227,-77.37357330322266,207.53955078125,869.5509643554688,0.1421
6,6,228,-78.37344360351562,207.87051391601562,867.8212890625,0.1386
6,6,229,-79.8760757446289,208.2744903564453,866.54833984375,0.1535
6,6,230,-81.76729583740234,208.82376098632812,866.23193359375,0.1483
6,6,231,-83.64549255371094,209.0149383544922,866.8603515625,0.2125
6,6,232,-85.3301010131836,209.41717529296875,867.9282836914062,0.2741
6,6,233,-86.81407928466797,209.64170837402344,869.2630004882812,0.0954
6,6,234,-88.0950698852539,209.6156768798828,870.7940673828125,0.0987
6,6,235,-91.15170288085938,210.3235626220703,871.2630615234375,0.1064
6,6,236,-92.71063232421875,210.2946319580078,872.850341796875,0.2482
6,6,237,-91.7875747680664,209.06268310546875,875.5930786132812,0.2098
6,6,238,-90.39725494384766,207.3052520751953,878.731689453125,0.3762
6,6,239,-90.826416015625,206.50045776367188,881.2412719726562,0.3133
6,6,240,-93.82633972167969,206.2135467529297,881.7614135742188,0.3417
6,6,241,-97.16954803466797,207.3560028076172,880.3855590820312,0.3953
6,6,242,-99.88995361328125,207.5661163330078,880.6668701171875,0.412
6,6,243,-100.55242919921875,206.99563598632812,883.4564208984375,0.3751
6,6,244,-100.25823974609375,206.501708984375,886.1277465820312,0.1609
6,6,245,-100.84956359863281,206.10317993164062,888.03515625,0.1697
6,6,246,-101.07257843017578,205.8970184326172,890.0202026367188,0.3532
6,6,247,-100.96497344970703,205.63343811035156,892.0149536132812,0.3838
6,6,248,-100.5524673461914,205.1905975341797,893.9694213867188,0.2602
6,6,249,-99.8478012084961,204.96185302734375,895.83837890625,0.1565
6,6,250,-98.85935974121094,204.71978759765625,897.5738525390625,0.0734
6,6,251,-97.59845733642578,204.73240661621094,899.122314453125,0.1258
6,6,252,-96.0778579711914,204.8034210205078,900.4159545898438,0.1152
6,6,253,-94.3114013671875,205.04415893554688,901.3443603515625,0.1689
6,6,254,-92.34989929199219,205.11276245117188,901.7044067382812,0.294
6,6,255,-90.40283966064453,205.15806579589844,901.27978515625,0.2513
6,6,256,-88.79025268554688,205.28033447265625,900.1056518554688,0.2177
6,6,257,-87.71897888183594,205.71742248535156,898.421875,0.3547
6,6,258,-86.99011993408203,205.88372802734375,896.5641479492188,0.2528
6,6,259,-86.11157989501953,206.10610961914062,894.7714233398438,0.2561
6,6,260,-83.57827758789062,206.73341369628906,894.8720092773438,0.3676
6,6,261,-82.22521209716797,207.0061492919922,895.248779296875,0.375
6,6,262,-81.08060455322266,207.36947631835938,892.203857421875,0.5145
6,6,263,-79.1893081665039,207.4252166748047,892.7311401367188,0.5206
6,6,264,-77.6270751953125,207.41249084472656,893.9169311523438,0.3744
6,6,265,-76.5698471069336,207.3935089111328,895.5726928710938,0.2747
6,6,266,-76.3168716430664,206.95094299316406,897.4896240234375,0.1391
6,6,267,-77.0895767211914,206.6770782470703,899.255126953125,0.1063
6,6,268,-78.6021499633789,206.26925659179688,900.4925537109375,0.1735
6,6,269,-80.44258880615234,205.64401245117188,901.2271728515625,0.1759
6,6,270,-82.33428955078125,205.21653747558594,901.850830078125,0.1426
6,6,271,-84.0429458618164,205.0946807861328,902.8343505859375,0.235
6,6,272,-85.37305450439453,204.7374267578125,904.2949829101562,0.3077
6,6,273,-86.1569595336914,204.40554809570312,906.1098022460938,0.1995
6,6,274,-86.12738800048828,204.3143768310547,908.107421875,0.1511
6,6,275,-85.23885345458984,203.9326934814453,909.8963012695312,0.1964
6,6,276,-83.8909683227539,203.26666259765625,911.35302734375,0.4119
6,6,277,-82.18670654296875,202.67877197265625,912.3483276367188,0.5379
6,6,278,-80.26119232177734,202.6049346923828,912.7542724609375,0.2998
6,6,279,-78.317626953125,202.75933837890625,912.4740600585938,0.3046
6,6,280,-76.57324981689453,203.0474853515625,911.558349609375,0.2591
6,6,281,-75.05120849609375,203.55099487304688,910.2717895507812,0.1451
6,6,282,-73.55227661132812,203.96963500976562,908.9603271484375,0.1262
6,6,283,-71.8343734741211,204.1065216064453,907.9940795898438,0.2478
6,6,284,-69.89715576171875,203.7283477783203,907.7789916992188,0.3424
6,6,285,-68.1662826538086,203.04629516601562,908.6148681640625,0.3835
6,6,286,-67.37820434570312,202.41847229003906,910.337646484375,0.2429
6,6,287,-67.93566131591797,201.898193359375,912.169677734375,0.2481
6,6,288,-69.31883239746094,201.61119079589844,913.573486328125,0.3166
6,6,289,-70.86155700683594,201.25381469726562,914.8428344726562,0.2043
6,6,290,-72.26769256591797,200.7358856201172,916.249755859375,0.2471
6,6,291,-73.35586547851562,200.00294494628906,917.9002075195312,0.2762
6,6,292,-73.96314239501953,199.06134033203125,919.7802124023438,0.2533
6,6,293,-73.98480987548828,197.9904022216797,921.764404296875,0.2554
6,6,294,-73.39105987548828,196.95948791503906,923.6685791015625,0.2495
6,6,295,-72.3404541015625,195.8314666748047,925.3674926757812,0.1832
6,6,296,-71.39008331298828,194.67909240722656,927.1244506835938,0.1011
6,6,297,-70.41461944580078,193.5553741455078,928.8571166992188,0.0549
6,6,298,-69.08869934082031,192.55897521972656,930.3439331054688,0.0725
6,6,299,-67.4972915649414,191.68893432617188,931.5503540039062,0.0764
6,6,300,-65.79339599609375,190.7741241455078,932.5927124023438,0.0165
6,6,301,-63.994327545166016,189.8898162841797,933.4615478515625,0.1685
6,6,302,-62.0740966796875,189.33859252929688,934.01171875,0.3741
6,6,303,-60.08888626098633,189.15106201171875,933.944580078125,0.3343
6,6,304,-58.37971115112305,189.4456787109375,932.9822998046875,0.3319
6,6,305,-57.42996597290039,190.11395263671875,931.2845458984375,0.227
6,6,306,-57.30305862426758,190.99075317382812,929.3143920898438,0.1436
6,6,307,-57.610355377197266,191.80873107910156,927.3416137695312,0.3212
6,6,308,-57.76887130737305,192.4744415283203,925.3817138671875,0.4159
6,6,309,-57.25198745727539,193.1870880126953,923.481689453125,0.1343
6,6,310,-56.03317642211914,193.88848876953125,921.93603515625,0.2004
6,6,311,-54.21308898925781,194.16751098632812,921.2113647460938,0.3145
6,6,312,-52.307064056396484,193.73907470703125,921.6644287109375,0.1998
6,6,313,-50.901004791259766,192.91238403320312,923.0546264648438,0.0952
6,6,314,-50.21263122558594,192.01234436035156,924.9300537109375,0.3004
6,6,315,-50.296043395996094,191.2041473388672,926.9253540039062,0.2127
6,6,316,-50.78524398803711,190.3603515625,928.8571166992188,0.1447
6,6,317,-50.8032341003418,189.2386474609375,930.848876953125,0.1813
6,6,318,-49.7561149597168,188.1373748779297,932.5145263671875,0.1432
6,6,319,-47.97077560424805,187.27328491210938,933.3649291992188,0.1022
6,6,320,-45.993953704833984,186.737060546875,933.5848388671875,0.3361
6,6,321,-44.00810623168945,186.35958862304688,933.4053955078125,0.3024
6,6,322,-42.063751220703125,186.1903533935547,932.9555053710938,0.2437
6,6,323,-40.176944732666016,186.05862426757812,932.3016967773438,0.1642
6,6,324,-38.34934616088867,186.02865600585938,931.495849609375,0.302
6,6,325,-36.57236862182617,185.9753875732422,930.5834350585938,0.5786
6,6,326,-34.85419464111328,185.98098754882812,929.5652465820312,0.6733
6,6,327,-33.222782135009766,186.36569213867188,928.4138793945312,0.5826
6,6,328,-31.732433319091797,186.8766326904297,927.0860595703125,0.4433
6,6,329,-30.49418830871582,187.60647583007812,925.5248413085938,0.3398
6,6,330,-29.766056060791016,188.458251953125,923.6864624023438,0.2263
6,6,331,-29.881893157958984,189.52589416503906,921.7186279296875,0.2321
6,6,332,-30.761926651000977,190.66787719726562,919.9376831054688,0.1578
6,6,333,-32.1081428527832,191.55491638183594,918.4833984375,0.0336
6,6,334,-33.890777587890625,192.29364013671875,917.6109619140625,0.1455
6,6,335,-35.87303161621094,192.7152862548828,917.3743286132812,0.2162
6,6,336,-37.869415283203125,192.89505004882812,917.4508056640625,0.317
6,6,337,-39.85114669799805,193.19009399414062,917.2040405273438,0.4939
6,6,338,-41.63404846191406,193.7090606689453,916.32763671875,0.4958
6,6,339,-42.85770797729492,194.317138671875,914.7734985351562,0.4408
6,6,340,-43.21199035644531,194.75225830078125,912.8262329101562,0.4252
6,6,341,-42.63882064819336,195.218994140625,910.927978515625,0.3578
6,6,342,-41.348636627197266,195.58468627929688,909.4200439453125,0.3885
6,6,343,-39.67385482788086,195.89785766601562,908.3514404296875,0.4019
6,6,344,-37.86700439453125,195.8675994873047,907.5050048828125,0.4112
6,6,345,-36.16502380371094,195.75689697265625,906.4779663085938,0.3837
6,6,346,-34.90322494506836,195.84117126464844,904.9832763671875,0.3848
6,6,347,-34.50618362426758,196.05531311035156,903.086669921875,0.2193
6,6,348,-35.141456604003906,196.15447998046875,901.2492065429688,0.1991
6,6,349,-36.52753448486328,196.23350524902344,899.8585205078125,0.1578
6,6,350,-38.28025436401367,196.41746520996094,898.9358520507812,0.1436
6,6,351,-40.16435623168945,196.8656463623047,898.2791137695312,0.1
6,6,352,-42.013633728027344,197.17355346679688,897.5469360351562,0.1835
6,6,353,-43.64063262939453,197.65296936035156,896.4292602539062,0.0868
6,6,354,-44.83567428588867,197.8079071044922,894.8630981445312,0.1787
6,6,355,-45.43021774291992,198.00131225585938,892.985107421875,0.2008
6,6,356,-45.33622360229492,198.31512451171875,891.0164184570312,0.2044
6,6,357,-44.61876678466797,198.0062713623047,889.1657104492188,0.455
6,6,358,-43.553348541259766,197.4627227783203,887.4757080078125,0.5569
6,6,359,-42.46862030029297,196.73858642578125,885.798583984375,0.4403
6,6,360,-41.49354934692383,196.01077270507812,884.0565795898438,0.4115
6,6,361,-40.7866096496582,195.44017028808594,882.1881103515625,0.6941
6,6,362,-40.09502410888672,195.12081909179688,880.3137817382812,0.6254
6,6,363,-39.17890548706055,194.8148193359375,878.5394287109375,0.5517
6,6,364,-37.83121109008789,194.6962432861328,877.0743408203125,0.5588
6,6,365,-36.10860824584961,194.421630859375,876.0787963867188,0.4445
6,6,366,-34.193634033203125,193.99774169921875,875.52783203125,0.3075
6,6,367,-32.24618148803711,193.5121307373047,875.0827026367188,0.2703
6,6,368,-30.342885971069336,193.0618438720703,874.4808349609375,0.2847
6,6,369,-28.441110610961914,192.64718627929688,873.8692016601562,0.1602
6,6,370,-26.525421142578125,192.19992065429688,873.3024291992188,0.1265
6,6,371,-24.565916061401367,192.10629272460938,872.9378662109375,0.337
6,6,372,-22.57583236694336,191.891845703125,872.8622436523438,0.2477
6,6,373,-20.593069076538086,191.5181121826172,873.0639038085938,0.2681
6,6,374,-18.645959854125977,191.2338104248047,873.496826171875,0.296
6,6,375,-16.749908447265625,191.22775268554688,874.1192016601562,0.1589
6,6,376,-14.914734840393066,191.36392211914062,874.9046020507812,0.0194
6,6,377,-13.150410652160645,191.76194763183594,875.8388671875,0.1998
6,6,378,-11.468488693237305,192.57745361328125,876.9150390625,0.2764
6,6,379,-9.882180213928223,192.80870056152344,878.1282958984375,0.3448
6,6,380,-8.405742645263672,192.85830688476562,879.4739990234375,0.303
6,6,381,-7.062868118286133,192.861083984375,880.9532470703125,0.2578
6,6,382,-5.8652119636535645,192.80328369140625,882.5515747070312,0.2285
6,6,383,-4.825831890106201,192.53456115722656,884.2562866210938,0.2069
6,6,384,-3.9600303173065186,192.0691375732422,886.0546875,0.2367
6,6,385,-3.283925771713257,191.63804626464844,887.9317016601562,0.3249
6,6,386,-2.814401626586914,191.42999267578125,889.8700561523438,0.4768
6,6,387,-2.569922685623169,191.41163635253906,891.8486328125,0.4625
6,6,388,-2.570075511932373,191.23463439941406,893.841552734375,0.4426
6,6,389,-2.836742877960205,191.0654754638672,895.8157958984375,0.4783
6,6,390,-3.393336772918701,190.99383544921875,897.728271484375,0.3206
6,6,391,-4.258118152618408,191.01327514648438,899.5238647460938,0.375
6,6,392,-5.427847862243652,191.06431579589844,901.1415405273438,0.4772
6,6,393,-6.870493412017822,190.77792358398438,902.5234985351562,0.5025
6,6,394,-8.469884872436523,190.6476287841797,903.7189331054688,0.579
6,6,395,-10.260401725769043,190.76101684570312,904.5902099609375,0.5411
6,6,396,-12.210647583007812,191.0111541748047,904.9280395507812,0.3092
6,6,397,-14.159211158752441,191.31210327148438,904.6123046875,0.2441
6,6,398,-15.921469688415527,191.63763427734375,903.713623046875,0.1164
6,6,399,-17.484901428222656,192.11412048339844,902.4796752929688,0.0211
6,6,400,-19.069807052612305,192.7027130126953,901.2701416015625,0.1605
6,6,401,-20.842317581176758,193.28863525390625,900.390380859375,0.1342
6,6,402,-22.78236198425293,193.89596557617188,900.0313110351562,0.2064
6,6,403,-24.746686935424805,194.393310546875,900.2489624023438,0.1949
6,6,404,-26.585124969482422,194.80233764648438,900.9896850585938,0.3567
6,6,405,-28.191146850585938,195.02978515625,902.1617431640625,0.4369
6,6,406,-29.500816345214844,195.0639190673828,903.6660766601562,0.3383
6,6,407,-30.483335494995117,194.90541076660156,905.405517578125,0.1663
6,6,408,-31.229257583618164,194.66738891601562,907.258056640625,0.2603
6,6,409,-31.62628746032715,194.37705993652344,909.2100830078125,0.19
6,6,410,-31.53567123413086,193.88046264648438,911.1915283203125,0.1632
6,6,411,-30.91043472290039,193.06614685058594,913.0704345703125,0.1464
6,6,412,-29.857027053833008,192.27301025390625,914.7540283203125,0.1877
6,6,413,-28.608413696289062,191.48410034179688,916.3123168945312,0.1952
6,6,414,-27.28670883178711,190.80186462402344,917.8098754882812,0.3018
6,6,415,-25.929908752441406,189.8931427001953,919.2763061523438,0.3551
6,6,416,-24.56431007385254,188.71646118164062,920.7344970703125,0.2078
6,6,417,-23.110748291015625,187.5453338623047,922.0791015625,0.178
6,6,418,-21.299598693847656,186.53836059570312,922.9083862304688,0.0831
6,6,419,-19.385007858276367,185.74264526367188,923.474853515625,0.1292
6,6,420,-17.436826705932617,184.83486938476562,923.9142456054688,0.1248
6,6,421,-15.467069625854492,184.2342987060547,924.2422485351562,0.1079
6,6,422,-13.479510307312012,183.87628173828125,924.4229736328125,0.1369
6,6,423,-11.487998962402344,183.70355224609375,924.371337890625,0.1301
6,6,424,-9.55958366394043,183.5050811767578,923.916748046875,0.1138
6,6,425,-7.937289714813232,183.3946075439453,922.8211669921875,0.2524
6,6,426,-7.561415672302246,183.87071228027344,920.8621215820312,0.2931
6,6,427,-9.086540222167969,185.5564727783203,918.475830078125,0.1635
6,6,428,-5.869139194488525,185.3116912841797,917.2942504882812,0.4783
6,6,429,-5.3181562423706055,186.44375610351562,915.374267578125,0.502
6,6,430,-4.820220947265625,187.39596557617188,913.4537353515625,0.6157
6,6,431,-4.948019981384277,188.28036499023438,911.4766845703125,0.6052
6,6,432,-5.515478610992432,189.07406616210938,909.5703735351562,0.437
6,6,433,-5.462711334228516,189.48805236816406,907.6140747070312,0.5199
6,6,434,-4.527616500854492,189.7413787841797,905.9113159179688,0.4958
6,6,435,-2.9287095069885254,189.7786407470703,904.7866821289062,0.5254
6,6,436,-1.017611026763916,189.5080108642578,904.3525390625,0.6062
6,6,437,0.9393175840377808,188.9685821533203,904.5733032226562,0.6496
6,6,438,2.2714297771453857,187.98214721679688,906.1947631835938,0.6067
6,6,439,5.632569789886475,187.28199768066406,905.200927734375,0.4258
6,6,440,8.161930084228516,185.45947265625,906.513427734375,0.6157
6,6,441,7.749866008758545,183.99172973632812,909.5230102539062,0.4475
6,6,442,5.212624549865723,184.22207641601562,911.7827758789062,0.5075
6,6,443,3.5307540893554688,184.6631317138672,912.419921875,0.6188
6,6,444,3.8329989910125732,183.76321411132812,914.0146484375,0.5991
6,6,445,3.9651341438293457,182.21292114257812,917.34033203125,0.4634
6,6,446,3.283418655395508,181.49073791503906,919.8206787109375,0.4057
6,6,447,1.4552075862884521,181.7727508544922,920.1309814453125,0.3098
6,6,448,-1.9247795343399048,182.80789184570312,919.7093505859375,0.4348
6,6,449,-4.0984392166137695,182.28517150878906,922.7516479492188,0.4503
6,6,450,-1.6287319660186768,181.35684204101562,925.1866455078125,0.1673
6,6,451,1.6973146200180054,180.65853881835938,923.960205078125,0.1151
6,6,452,3.928842306137085,180.71112060546875,922.05615234375,0.1193
6,6,453,5.509641647338867,180.46853637695312,922.2357177734375,0.2402
6,6,454,7.487074851989746,179.90200805664062,924.556640625,0.379
6,6,455,10.159562110900879,179.53529357910156,926.6348876953125,0.2374
6,6,456,12.598384857177734,179.41693115234375,926.0076904296875,0.234
6,6,457,13.271173477172852,179.98699951171875,922.886474609375,0.1058
6,6,458,13.29331111907959,180.5992431640625,919.4739990234375,0.1346
6,6,459,14.570794105529785,180.66722106933594,917.7044677734375,0.3767
6,6,460,17.320199966430664,180.2617950439453,918.2177734375,0.1844
6,6,461,20.68707847595215,179.73233032226562,919.2733154296875,0.2393
6,6,462,23.296546936035156,179.37701416015625,918.2529296875,0.2333
6,6,463,23.148496627807617,179.50131225585938,915.013427734375,0.1375
6,6,464,20.255861282348633,180.2682342529297,913.345458984375,0.0432
6,6,465,18.289369583129883,180.63487243652344,913.1775512695312,0.229
6,6,466,17.96883773803711,181.2037353515625,911.1152954101562,0.2288
6,6,467,18.27286720275879,182.62709045410156,907.6185913085938,0.1102
6,6,468,17.139404296875,184.19125366210938,904.8695678710938,0.0948
6,6,469,14.722260475158691,184.36976623535156,904.95458984375,0.2443
6,6,470,11.79218578338623,183.8212432861328,906.8087768554688,0.3535
6,6,471,8.461267471313477,185.2623291015625,906.6268310546875,0.6431
6,6,472,7.550298690795898,187.20082092285156,903.8316040039062,0.5733
6,6,473,9.828269004821777,187.60223388671875,901.1641235351562,0.499
6,6,474,12.435338973999023,187.37564086914062,900.370849609375,0.2432
6,6,475,12.947097778320312,187.6590118408203,899.5112915039062,0.2841
6,6,476,12.9125394821167,188.60874938964844,896.6709594726562,0.4224
6,6,477,14.961333274841309,189.59605407714844,893.8008422851562,0.2961
6,6,478,18.06167221069336,189.51699829101562,894.3878173828125,0.3298
6,6,479,18.550756454467773,188.05223083496094,897.8286743164062,0.1826
6,6,480,16.846214294433594,186.6778564453125,900.6610717773438,0.303
6,6,481,16.66776466369629,185.3694610595703,902.7646484375,0.2015
6,6,482,19.34813117980957,184.65411376953125,904.1874389648438,0.1979
6,6,483,22.673999786376953,185.0755157470703,903.8143920898438,0.2167
6,6,484,24.446077346801758,185.08291625976562,903.6760864257812,0.1588
6,6,485,25.190481185913086,183.4790496826172,905.7529296875,0.1413
6,6,486,27.1256046295166,181.29049682617188,908.65283203125,0.1912
6,6,487,30.163381576538086,180.47264099121094,909.0259399414062,0.2705
6,6,488,31.420589447021484,181.71615600585938,906.4902954101562,0.3044
6,6,489,30.798603057861328,184.3265380859375,903.0239868164062,0.114
6,6,490,30.443004608154297,185.90188598632812,900.5297241210938,0.2523
6,6,491,33.9237060546875,185.50039672851562,900.4832153320312,0.3589
6,6,492,34.79185485839844,185.9386444091797,898.6856689453125,0.4095
6,6,493,35.49522399902344,186.54391479492188,896.8172607421875,0.364
6,6,494,36.04133224487305,187.1897430419922,894.8966064453125,0.3438
6,6,495,36.44243240356445,187.80624389648438,892.9403686523438,0.4221
6,6,496,36.70994186401367,188.2351531982422,890.9613647460938,0.487
6,6,497,36.84837341308594,188.60069274902344,888.9691162109375,0.6212
6,6,498,36.85054397583008,188.79806518554688,886.9722900390625,0.5573
6,6,499,36.685302734375,188.7991180419922,884.9829711914062,0.6079
6,6,500,36.24538803100586,188.79676818847656,883.0390625,0.655
6,6,501,35.203330993652344,188.8945770263672,881.3568725585938,0.4776
6,6,502,33.35173416137695,189.25936889648438,880.6387939453125,0.518
6,6,503,31.374887466430664,189.2106475830078,880.4212036132812,0.5431
6,6,504,29.38475227355957,189.04351806640625,880.2476806640625,0.3565
6,6,505,27.402830123901367,188.9474334716797,880.291259765625,0.2659
6,6,506,25.55393409729004,189.1525421142578,880.9014892578125,0.3139
6,6,507,24.08425521850586,189.55299377441406,882.2192993164062,0.2213
6,6,508,23.052474975585938,189.60240173339844,883.9170532226562,0.2828
6,6,509,22.327709197998047,189.62054443359375,885.7755126953125,0.349
6,6,510,21.31166648864746,189.66119384765625,887.4796142578125,0.2894
6,6,511,19.76886749267578,189.79638671875,888.7080078125,0.1118
6,6,512,17.840961456298828,190.1349334716797,889.041015625,0.0562
6,6,513,16.06709861755371,190.3980255126953,888.2633056640625,0.0322
6,6,514,15.104663848876953,190.46493530273438,886.6005249023438,0.1622
6,6,515,15.261869430541992,190.51853942871094,884.6742553710938,0.1615
6,6,516,16.27867889404297,190.42446899414062,882.9908447265625,0.1397
6,6,517,17.757131576538086,190.11668395996094,881.6571044921875,0.2353
6,6,518,19.319313049316406,189.77073669433594,880.4366455078125,0.1831
6,6,519,20.206104278564453,189.70040893554688,878.7345581054688,0.2475
6,6,520,19.89942169189453,189.8199920654297,876.8255004882812,0.3262
6,6,521,19.13364601135254,190.0572509765625,874.9802856445312,0.3542
6,6,522,18.431806564331055,190.18417358398438,873.1109619140625,0.3938
6,6,523,17.532800674438477,190.3317413330078,871.3506469726562,0.1925
6,6,524,16.101198196411133,190.4202117919922,870.0012817382812,0.131
6,6,525,14.271303176879883,190.57679748535156,869.292724609375,0.3643
6,6,526,12.34852409362793,190.83677673339844,869.537841796875,0.3151
6,6,527,10.762853622436523,191.3927001953125,870.6851806640625,0.2739
6,6,528,9.633369445800781,191.895751953125,872.310791015625,0.336
6,6,529,8.762568473815918,191.96571350097656,874.1055908203125,0.3524
6,6,530,7.794879913330078,191.97657775878906,875.8436889648438,0.3088
6,6,531,6.466644287109375,191.9960174560547,877.3042602539062,0.3803
6,6,532,4.769905090332031,192.01416015625,878.3126831054688,0.3207
6,6,533,2.8541650772094727,192.03924560546875,878.817626953125,0.426
6,6,534,0.8664788603782654,192.12686157226562,878.8658447265625,0.3631
6,6,535,-1.0978204011917114,192.429443359375,878.5266723632812,0.4616
6,6,536,-2.9808645248413086,192.73587036132812,877.86083984375,0.6057
6,6,537,-4.7307538986206055,192.82029724121094,876.8970947265625,0.5374
6,6,538,-6.3297624588012695,192.8264923095703,875.702392578125,0.4874
6,6,539,-7.766848087310791,192.81045532226562,874.3185424804688,0.3997
6,6,540,-9.031502723693848,192.74635314941406,872.7764282226562,0.3613
6,6,541,-10.117682456970215,192.57052612304688,871.103759765625,0.3551
6,6,542,-11.0222749710083,192.570068359375,869.3258666992188,0.4713
6,6,543,-11.744439125061035,192.7611541748047,867.4660034179688,0.5136
6,6,544,-12.285093307495117,193.1055908203125,865.5453491210938,0.5252
6,6,545,-12.646303176879883,193.49095153808594,863.5823974609375,0.4582
6,6,546,-12.830567359924316,193.596923828125,861.5947875976562,0.3315
6,6,547,-12.84145736694336,193.63812255859375,859.59814453125,0.2744
6,6,548,-12.683564186096191,193.6479034423828,857.6073608398438,0.2542
6,6,549,-12.362089157104492,193.5926971435547,855.6357421875,0.2441
6,6,550,-11.875808715820312,193.5765380859375,853.697998046875,0.2443
6,6,551,-11.233573913574219,193.55307006835938,851.8065185546875,0.2348
6,6,552,-10.445711135864258,193.52191162109375,849.9713134765625,0.3661
6,6,553,-9.518267631530762,193.47669982910156,848.2027587890625,0.377
6,6,554,-8.45766830444336,193.05812072753906,846.5114135742188,0.2331
6,6,555,-7.2700605392456055,192.31768798828125,844.9066772460938,0.0817
6,6,556,-5.962253570556641,191.45858764648438,843.3984375,0.2461
6,6,557,-4.541311740875244,190.46142578125,841.9966430664062,0.2905
6,6,558,-3.0141215324401855,189.75357055664062,840.7115478515625,0.3181
6,6,559,-1.387083888053894,188.88768005371094,839.5553588867188,0.2294
6,6,560,0.333271861076355,187.68019104003906,838.5440063476562,0.0931
6,6,561,2.140697479248047,186.3037567138672,837.6986694335938,0.3331
6,6,562,4.027312278747559,185.1798858642578,837.048828125,0.2864
6,6,563,5.980695724487305,184.48519897460938,836.6373291015625,0.1156
6,6,564,7.9762372970581055,183.99864196777344,836.5418090820312,0.1748
6,6,565,9.945534706115723,184.01817321777344,836.8720092773438,0.1952
6,6,566,11.767650604248047,184.33445739746094,837.6784057617188,0.2877
6,6,567,13.346945762634277,184.98117065429688,838.8911743164062,0.1345
6,6,568,13.405502319335938,186.3264923095703,842.0074462890625,0.2081
6,6,569,15.052177429199219,186.8976593017578,843.889892578125,0.2632
6,6,570,18.00709342956543,185.9727020263672,842.9542236328125,0.1311
6,6,571,20.792409896850586,184.9815216064453,840.7933349609375,0.0685
6,6,572,23.536588668823242,184.574462890625,840.75634765625,0.0764
6,6,573,24.515039443969727,185.09710693359375,843.7511596679688,0.1932
6,6,574,23.3543643951416,185.96185302734375,847.10546875,0.1935
6,6,575,23.154464721679688,186.3267364501953,849.4450073242188,0.1646
6,6,576,25.29751968383789,185.71493530273438,850.4114379882812,0.1544
6,6,577,28.762052536010742,185.47222900390625,851.1284790039062,0.1999
6,6,578,30.812936782836914,185.52328491210938,853.7742309570312,0.1082
6,6,579,28.62247085571289,185.66700744628906,856.4042358398438,0.2038
6,6,580,25.12029457092285,186.0444793701172,855.5552978515625,0.1584
6,6,581,22.919294357299805,186.41207885742188,854.1471557617188,0.2112
6,6,582,21.163972854614258,186.91783142089844,855.0958251953125,0.1541
6,6,583,19.90092658996582,187.40426635742188,858.2291259765625,0.0807
6,6,584,19.808448791503906,187.7515411376953,860.908447265625,0.0942
6,6,585,18.992048263549805,187.99620056152344,861.5369873046875,0.1407
6,6,586,16.198240280151367,188.69766235351562,862.2850341796875,0.1175
6,6,587,14.219352722167969,189.4995574951172,865.2308349609375,0.2044
6,6,588,15.900508880615234,190.20582580566406,867.8292846679688,0.17
6,6,589,19.22135353088379,189.0177764892578,867.205322265625,0.0642
6,6,590,22.430999755859375,188.53457641601562,866.0986938476562,0.088
6,6,591,24.49506950378418,188.24935913085938,866.9568481445312,0.2856
6,6,592,24.78112030029297,188.11598205566406,869.9121704101562,0.2744
6,6,593,23.850080490112305,188.712158203125,873.1607055664062,0.3606
6,6,594,26.50430679321289,188.4666748046875,873.7147827148438,0.257
6,6,595,27.929584503173828,188.58993530273438,875.0286254882812,0.2154
6,6,596,29.85514259338379,188.65789794921875,875.1788940429688,0.289
6,6,597,31.75203514099121,188.64646911621094,874.59130859375,0.4562
6,6,598,31.8393611907959,188.31326293945312,872.3231201171875,0.4446
6,6,599,35.14500427246094,188.0213623046875,871.839111328125,0.5703
6,6,600,37.38280487060547,187.7185516357422,870.4032592773438,0.4712
6,6,601,36.99259948730469,187.22634887695312,868.230712890625,0.3536
6,6,602,35.06589126586914,187.26235961914062,865.3761596679688,0.3439
6,6,603,34.112613677978516,187.50120544433594,862.639892578125,0.2937
6,6,604,35.65439224243164,187.1348876953125,861.083984375,0.1214
6,6,605,38.57811737060547,187.00213623046875,860.3668212890625,0.2496
6,6,606,39.47804260253906,186.68759155273438,858.5831909179688,0.1941
6,6,607,40.223670959472656,186.29771423339844,856.729736328125,0.1668
6,6,608,40.67414093017578,185.7128143310547,854.7843017578125,0.1494
6,6,609,40.61362075805664,185.47348022460938,852.7916259765625,0.2408
6,6,610,39.73667526245117,185.44097900390625,851.0202026367188,0.2447
6,6,611,38.126216888427734,185.45457458496094,849.8833618164062,0.3148
6,6,612,36.43516159057617,185.42572021484375,847.1746826171875,0.3408
6,6,613,34.48124313354492,185.40084838867188,846.6016845703125,0.2991
6,6,614,32.53643035888672,185.44239807128906,848.331787109375,0.2347
6,6,615,29.18995475769043,185.45703125,849.4470825195312,0.2581
6,6,616,26.85238265991211,185.49024963378906,847.8670043945312,0.3095
6,6,617,27.398595809936523,185.1082000732422,844.6984252929688,0.2333
6,6,618,30.438312530517578,184.75067138671875,843.750732421875,0.1694
6,6,619,32.345558166503906,184.882568359375,844.1107788085938,0.0573
6,6,620,33.32416534423828,184.46353149414062,841.7532348632812,0.212
6,6,621,32.53681182861328,183.3450469970703,838.3875732421875,0.305
6,6,622,34.454898834228516,182.92469787597656,837.2860717773438,0.3547
6,6,623,35.01804733276367,182.2621307373047,835.3692016601562,0.407
7,7,0,33.95915603637695,185.0711669921875,835.142822265625,0.2783
7,7,1,35.66594314575195,184.76837158203125,834.1005249023438,0.2685
7,7,2,36.93756103515625,184.34336853027344,832.5972900390625,0.2044
7,7,3,37.052581787109375,183.66358947753906,830.6458740234375,0.5141
7,7,4,36.268394470214844,182.98309326171875,828.8282470703125,0.6312
7,7,5,35.00705337524414,182.43960571289062,827.2926635742188,0.8036
7,7,6,33.40886306762695,182.0543670654297,826.117919921875,0.8269
7,7,7,31.52816390991211,181.77188110351562,825.6051635742188,0.7738
7,7,8,29.929819107055664,181.90985107421875,826.4896240234375,0.6987
7,7,9,29.496305465698242,182.72186279296875,828.3663330078125,0.676
7,7,10,31.459457397460938,183.28067016601562,830.5587768554688,0.5026
7,7,11,28.407855987548828,184.13368225097656,832.1368408203125,0.682
7,7,12,25.837459564208984,184.78762817382812,832.86279296875,0.5287
7,7,13,25.46219825744629,185.4105987548828,834.4224243164062,0.3805
7,7,14,26.134910583496094,186.41693115234375,837.5382080078125,0.1649
7,7,15,25.071863174438477,187.2971954345703,840.7521362304688,0.0826
7,7,16,22.30947494506836,187.62107849121094,841.1200561523438,0.1826
7,7,17,20.267541885375977,187.45286560058594,838.38671875,0.1298
7,7,18,19.805593490600586,186.44583129882812,835.4432373046875,0.1003
7,7,19,19.292177200317383,186.05796813964844,834.6011962890625,0.1053
7,7,20,16.817113876342773,185.72885131835938,834.3438110351562,0.1617
7,7,21,14.875334739685059,183.90695190429688,831.4049682617188,0.063
7,7,22,16.379724502563477,182.63726806640625,828.8648071289062,0.0983
7,7,23,19.183734893798828,183.28684997558594,829.4262084960938,0.256
7,7,24,22.607486724853516,183.32437133789062,828.921142578125,0.3826
7,7,25,23.950029373168945,182.23976135253906,827.139404296875,0.5629
7,7,26,22.980606079101562,180.7893829345703,825.2208251953125,0.3664
7,7,27,21.819190979003906,178.11080932617188,822.0405883789062,0.0953
7,7,28,24.236692428588867,177.85626220703125,821.4390869140625,0.2337
7,7,29,24.39190673828125,176.58023071289062,819.533935546875,0.1158
7,7,30,23.521541595458984,175.31500244140625,817.7640380859375,0.0975
7,7,31,22.207332611083984,174.17323303222656,816.2673950195312,0.279
7,7,32,20.66744041442871,173.3087921142578,814.9983520507812,0.4072
7,7,33,18.978073120117188,172.8258514404297,813.9342041015625,0.3865
7,7,34,17.17885971069336,172.72792053222656,813.0676879882812,0.3413
7,7,35,15.29604434967041,172.72824096679688,812.4022827148438,0.2261
7,7,36,13.350414276123047,172.6095733642578,811.9556884765625,0.0728
7,7,37,11.365124702453613,172.35171508789062,811.7660522460938,0.0635
7,7,38,9.38118839263916,172.3769989013672,811.91357421875,0.0651
7,7,39,7.543387413024902,172.56356811523438,812.616455078125,0.0874
7,7,40,7.084243297576904,173.20211791992188,814.2782592773438,0.075
7,7,41,8.45749282836914,173.6520538330078,815.7269897460938,0.2563
7,7,42,10.100699424743652,173.9871063232422,816.866943359375,0.4472
7,7,43,11.306645393371582,174.6208038330078,818.4247436523438,0.4474
7,7,44,11.90333080291748,175.79283142089844,820.259765625,0.617
7,7,45,11.793282508850098,177.3385009765625,822.2255249023438,0.7296
7,7,46,10.966959953308105,178.8324737548828,824.0467529296875,0.6976
7,7,47,9.504166603088379,179.9774627685547,825.3848876953125,0.5686
7,7,48,7.7811079025268555,181.09474182128906,826.3591918945312,0.4624
7,7,49,5.903521537780762,181.7725067138672,827.027099609375,0.2915
7,7,50,3.9484546184539795,182.0800018310547,827.41552734375,0.3313
7,7,51,1.9489601850509644,182.2731475830078,827.3738403320312,0.3659
7,7,52,0.059667572379112244,182.26577758789062,826.7296142578125,0.2595
7,7,53,-1.4872627258300781,181.75743103027344,825.4926147460938,0.0713
7,7,54,-2.3874433040618896,180.80035400390625,823.746337890625,0.116
7,7,55,-2.3366141319274902,179.59503173828125,821.7979736328125,0.117
7,7,56,-1.527176022529602,178.15989685058594,819.996337890625,0.1319
7,7,57,-0.7725964784622192,176.73719787597656,818.1498413085938,0.1823
7,7,58,-0.5635421872138977,175.3905029296875,816.1883544921875,0.2536
7,7,59,-1.3299555778503418,174.64205932617188,814.424560546875,0.3513
7,7,60,-2.9204206466674805,174.4071502685547,813.2799072265625,0.2885
7,7,61,-4.8381500244140625,174.62832641601562,812.771484375,0.3485
7,7,62,-6.829967975616455,174.9507293701172,812.7378540039062,0.3203
7,7,63,-8.801051139831543,175.38632202148438,813.0491333007812,0.2583
7,7,64,-10.715668678283691,175.99295043945312,813.6172485351562,0.2918
7,7,65,-12.585987091064453,176.69068908691406,814.3233642578125,0.3393
7,7,66,-14.457273483276367,177.3187713623047,815.0286865234375,0.3815
7,7,67,-16.341541290283203,178.345703125,815.69873046875,0.4764
7,7,68,-18.207218170166016,179.91441345214844,816.4177856445312,0.5487
7,7,69,-20.005029678344727,181.80703735351562,817.2877807617188,0.322
7,7,70,-21.669200897216797,184.56329345703125,818.3865356445312,0.2492
7,7,71,-23.07710838317871,187.45201110839844,819.7875366210938,0.1412
7,7,72,-23.97723960876465,189.2755584716797,821.5372924804688,0.0836
7,7,73,-23.943777084350586,190.52503967285156,823.4695434570312,0.1925
7,7,74,-22.731992721557617,191.05735778808594,824.962890625,0.2214
7,7,75,-20.839792251586914,190.72943115234375,825.4654541015625,0.2664
7,7,76,-18.849964141845703,190.1186065673828,825.38037109375,0.3464
7,7,77,-16.88115119934082,189.38568115234375,825.6463012695312,0.3642
7,7,78,-15.112464904785156,188.90420532226562,826.4714965820312,0.4624
7,7,79,-13.880582809448242,189.1890106201172,827.9189453125,0.5933
7,7,80,-13.659720420837402,190.21261596679688,829.8546142578125,0.6276
7,7,81,-14.290836334228516,191.595703125,831.716796875,0.4349
7,7,82,-15.615551948547363,193.0082550048828,833.16357421875,0.2064
7,7,83,-17.461973190307617,194.23167419433594,833.8148803710938,0.1547
7,7,84,-19.421554565429688,194.9473876953125,833.5457153320312,0.091
7,7,85,-21.240863800048828,195.28158569335938,832.7178344726562,0.2331
7,7,86,-23.131711959838867,195.59861755371094,832.0664672851562,0.2965
7,7,87,-25.108814239501953,195.92298889160156,831.8858642578125,0.2973
7,7,88,-27.00428009033203,196.50450134277344,832.2545166015625,0.273
7,7,89,-28.75011444091797,197.46055603027344,833.225830078125,0.2397
7,7,90,-29.89099884033203,198.4058380126953,834.868408203125,0.3738
7,7,91,-30.6697940826416,199.48243713378906,836.6658325195312,0.398
7,7,92,-31.069374084472656,200.57569885253906,838.6254272460938,0.4144
7,7,93,-30.657041549682617,201.21739196777344,840.5668334960938,0.4562
7,7,94,-29.81632423400879,201.43540954589844,842.3123168945312,0.4028
7,7,95,-28.41973876953125,201.3742218017578,843.726806640625,0.3308
7,7,96,-26.469669342041016,200.83389282226562,844.1705932617188,0.4083
7,7,97,-24.488462448120117,200.19960021972656,844.4297485351562,0.4576
7,7,98,-22.574735641479492,199.26971435546875,844.9586181640625,0.3796
7,7,99,-20.986591339111328,198.68270874023438,846.0889892578125,0.3087
7,7,100,-20.160703659057617,198.4239501953125,847.8367309570312,0.2692
7,7,101,-20.364580154418945,198.6222381591797,849.7645874023438,0.3501
7,7,102,-21.50217628479004,199.2493438720703,851.34375,0.4134
7,7,103,-23.23122787475586,199.65609741210938,852.2620849609375,0.3809
7,7,104,-25.18558120727539,200.15188598632812,852.561767578125,0.3827
7,7,105,-27.181964874267578,200.35159301757812,852.5186767578125,0.3489
7,7,106,-29.17038917541504,200.19175720214844,852.5423583984375,0.2818
7,7,107,-31.035287857055664,199.64706420898438,853.1297607421875,0.2007
7,7,108,-32.33790588378906,198.9024658203125,854.545166015625,0.1876
7,7,109,-32.60606384277344,198.08914184570312,856.4554443359375,0.1711
7,7,110,-31.951841354370117,197.5914306640625,858.3053588867188,0.1571
7,7,111,-30.82207679748535,197.3263397216797,859.9448852539062,0.0593
7,7,112,-29.641494750976562,197.03997802734375,861.5545654296875,0.171
7,7,113,-28.748685836791992,196.650146484375,863.3234252929688,0.2321
7,7,114,-28.38500213623047,196.34207153320312,865.265380859375,0.1829
7,7,115,-28.67324447631836,196.18911743164062,867.2238159179688,0.2241
7,7,116,-29.591838836669922,195.92848205566406,868.9851684570312,0.1242
7,7,117,-31.04343605041504,196.18057250976562,870.3524780273438,0.1815
7,7,118,-32.887550354003906,196.64808654785156,871.1264038085938,0.1416
7,7,119,-34.8845329284668,197.07125854492188,871.1566162109375,0.2131
7,7,120,-36.76960372924805,197.52957153320312,870.5166015625,0.277
7,7,121,-38.44662857055664,197.66964721679688,869.4432373046875,0.4295
7,7,122,-40.032108306884766,197.7353515625,868.2254638671875,0.4984
7,7,123,-41.79472351074219,198.15174865722656,867.3233642578125,0.6255
7,7,124,-43.73114776611328,198.48272705078125,867.3869018554688,0.6242
7,7,125,-45.318946838378906,198.65658569335938,868.5371704101562,0.496
7,7,126,-46.4283332824707,198.9324188232422,870.1859741210938,0.3816
7,7,127,-46.93434143066406,199.2332000732422,872.1000366210938,0.4579
7,7,128,-46.64649200439453,199.46798706054688,874.0496215820312,0.5052
7,7,129,-45.812686920166016,199.6195068359375,875.8555297851562,0.5119
7,7,130,-45.008056640625,199.40660095214844,877.6844482421875,0.6154
7,7,131,-44.693199157714844,198.93128967285156,879.6387939453125,0.6348
7,7,132,-45.13988494873047,198.87100219726562,881.55859375,0.4799
7,7,133,-46.01213836669922,199.35867309570312,883.3529052734375,0.3474
7,7,134,-47.059871673583984,200.17176818847656,885.0545654296875,0.2887
7,7,135,-48.34538650512695,201.038330078125,886.57421875,0.2486
7,7,136,-49.96821594238281,201.78024291992188,887.695068359375,0.1036
7,7,137,-51.85781478881836,202.46031188964844,888.2670288085938,0.0988
7,7,138,-53.836639404296875,203.35472106933594,888.2886352539062,0.1211
7,7,139,-55.751766204833984,204.23562622070312,887.7865600585938,0.2451
7,7,140,-57.44692611694336,205.05577087402344,886.7664184570312,0.2247
7,7,141,-58.73505783081055,205.5060272216797,885.2620849609375,0.3719
7,7,142,-59.49213409423828,205.65638732910156,883.4193725585938,0.3659
7,7,143,-59.809722900390625,205.59771728515625,881.44580078125,0.3645
7,7,144,-59.86806106567383,205.5210418701172,879.44677734375,0.2408
7,7,145,-59.965728759765625,205.48214721679688,877.44921875,0.1798
7,7,146,-59.814491271972656,205.0635223388672,875.4564819335938,0.2223
7,7,147,-59.03837203979492,204.3065948486328,873.6258544921875,0.1521
7,7,148,-57.65202713012695,203.6407012939453,872.2012329101562,0.0565
7,7,149,-55.89975357055664,202.8524627685547,871.25439453125,0.1613
7,7,150,-53.997440338134766,202.16293334960938,870.6456909179688,0.2507
7,7,151,-52.283348083496094,201.46490478515625,869.6182250976562,0.2312
7,7,152,-50.86697006225586,200.7735137939453,868.2068481445312,0.1275
7,7,153,-49.6458740234375,200.30340576171875,866.6239013671875,0.185
7,7,154,-48.2070426940918,199.9311981201172,865.23486328125,0.1471
7,7,155,-46.8794059753418,199.60354614257812,863.7392578125,0.1735
7,7,156,-45.59855651855469,199.25155639648438,862.2034912109375,0.2891
7,7,157,-44.70285415649414,199.16619873046875,860.4315185546875,0.2717
7,7,158,-44.46567916870117,199.3421630859375,858.482666015625,0.3313
7,7,159,-44.912593841552734,200.20111083984375,856.572265625,0.2152
7,7,160,-45.90206527709961,201.6697235107422,854.8663940429688,0.1171
7,7,161,-47.29594802856445,203.48121643066406,853.442626953125,0.1646
7,7,162,-49.07073974609375,204.5675506591797,852.5208129882812,0.1919
7,7,163,-51.0131950378418,205.19847106933594,852.1756591796875,0.2925
7,7,164,-52.920162200927734,205.58206176757812,852.550048828125,0.1946
7,7,165,-54.62839126586914,205.84056091308594,853.5659790039062,0.1376
7,7,166,-56.16709518432617,205.9720458984375,854.8396606445312,0.041
7,7,167,-57.621612548828125,205.85906982421875,856.211669921875,0.2076
7,7,168,-59.06868362426758,205.92367553710938,857.5919799804688,0.3496
7,7,169,-60.579742431640625,205.99754333496094,858.900634765625,0.5265
7,7,170,-62.198516845703125,206.22801208496094,860.0712890625,0.5727
7,7,171,-63.931396484375,206.65234375,861.064453125,0.4915
7,7,172,-65.75699615478516,206.99952697753906,861.8753051757812,0.4921
7,7,173,-67.62849426269531,207.58799743652344,862.5794677734375,0.3594
7,7,174,-69.47962188720703,208.00794982910156,863.3329467773438,0.2485
7,7,175,-71.19208526611328,208.37371826171875,864.346923828125,0.159
7,7,176,-72.4237289428711,208.3927001953125,865.877685546875,0.2188
7,7,177,-72.4152603149414,207.9941864013672,867.8269653320312,0.1511
7,7,178,-71.51490020751953,207.65748596191406,869.61181640625,0.0852
7,7,179,-71.01776885986328,207.68438720703125,871.5489501953125,0.2036
7,7,180,-70.85474395751953,208.00479125976562,873.534423828125,0.2505
7,7,181,-70.56363677978516,208.372314453125,875.497314453125,0.2281
7,7,182,-69.63714599609375,208.4112548828125,877.106201171875,0.1689
7,7,183,-67.76324462890625,208.18385314941406,877.423095703125,0.0991
7,7,184,-65.802490234375,207.81785583496094,877.4007568359375,0.1089
7,7,185,-64.33719635009766,207.6569061279297,878.5817260742188,0.1721
7,7,186,-63.828067779541016,207.65097045898438,880.4911499023438,0.1206
7,7,187,-63.57012176513672,207.67422485351562,882.473876953125,0.225
7,7,188,-63.50529098510742,207.8058624267578,884.4715576171875,0.2186
7,7,189,-63.65517807006836,207.96115112304688,886.4632568359375,0.2161
7,7,190,-64.26927947998047,208.1228485107422,888.3473510742188,0.1849
7,7,191,-65.40594482421875,208.36297607421875,889.9653930664062,0.1418
7,7,192,-66.95199584960938,208.48568725585938,891.20068359375,0.1881
7,7,193,-68.77194213867188,208.59552001953125,891.9767456054688,0.2366
7,7,194,-70.73297882080078,208.83059692382812,892.21923828125,0.1615
7,7,195,-72.68558502197266,209.18368530273438,891.8969116210938,0.2091
7,7,196,-74.5258560180664,209.45062255859375,891.1283569335938,0.2568
7,7,197,-76.26691436767578,209.7335968017578,890.1447143554688,0.367
7,7,198,-78.00245666503906,209.8921356201172,889.1600341796875,0.4219
7,7,199,-79.89543151855469,209.4617462158203,888.5180053710938,0.5076
7,7,200,-81.90538024902344,209.39337158203125,886.3081665039062,0.5194
7,7,201,-84.0435562133789,208.76220703125,885.6041259765625,0.4323
7,7,202,-85.69385528564453,207.8303680419922,887.463623046875,0.3868
7,7,203,-88.74150848388672,206.82623291015625,889.3172607421875,0.2597
7,7,204,-91.58759307861328,206.60484313964844,887.380126953125,0.1587
7,7,205,-90.45816802978516,207.5065155029297,884.3933715820312,0.2649
7,7,206,-87.3373794555664,208.42031860351562,882.7238159179688,0.2569
7,7,207,-85.32363891601562,209.09458923339844,881.4790649414062,0.0781
7,7,208,-85.69103240966797,209.2982177734375,879.4359741210938,0.2119
7,7,209,-87.36119842529297,209.84011840820312,876.3916015625,0.4734
7,7,210,-87.34906768798828,210.749755859375,873.06591796875,0.4001
7,7,211,-83.74151611328125,210.4637451171875,874.3750610351562,0.2396
7,7,212,-82.01020050048828,210.64723205566406,875.0517578125,0.3238
7,7,213,-80.49077606201172,210.67848205566406,876.3447875976562,0.3767
7,7,214,-78.87239074707031,210.69158935546875,877.3901977539062,0.2831
7,7,215,-77.1858901977539,210.27647399902344,877.0152587890625,0.3107
7,7,216,-76.49810028076172,209.9055633544922,875.2484741210938,0.1806
7,7,217,-76.5953140258789,209.57476806640625,873.2699584960938,0.2102
7,7,218,-77.08609008789062,209.5101776123047,871.3314208984375,0.0972
7,7,219,-77.6594009399414,209.50091552734375,869.4154052734375,0.0772
7,7,220,-78.8129653930664,209.83877563476562,867.78466796875,0.1023
7,7,221,-80.58706665039062,210.28553771972656,866.884521484375,0.0619
7,7,222,-82.58041381835938,210.69033813476562,866.8057250976562,0.1946
7,7,223,-84.48866271972656,210.92445373535156,867.3870849609375,0.3455
7,7,224,-86.16193389892578,211.3387451171875,868.4747924804688,0.1608
7,7,225,-87.54671478271484,211.39480590820312,869.9141235351562,0.1135
7,7,226,-88.6727066040039,211.37152099609375,871.5654907226562,0.3295
7,7,227,-90.95601654052734,211.86083984375,872.6422119140625,0.3097
7,7,228,-89.2540512084961,210.43746948242188,875.7312622070312,0.4179
7,7,229,-88.78681945800781,209.2162322998047,878.3945922851562,0.3187
7,7,230,-90.96036529541016,208.85841369628906,879.6531982421875,0.441
7,7,231,-94.35374450683594,209.03271484375,879.4584350585938,0.5281
7,7,232,-96.74844360351562,209.78260803222656,878.7178344726562,0.6379
7,7,233,-98.30528259277344,209.3434295654297,880.254638671875,0.4786
7,7,234,-98.2767562866211,208.44061279296875,883.7555541992188,0.3966
7,7,235,-97.42129516601562,207.60545349121094,886.329833984375,0.2565
7,7,236,-100.62152862548828,208.28555297851562,886.8207397460938,0.1905
7,7,237,-101.01520538330078,207.96939086914062,888.7774047851562,0.1709
7,7,238,-101.08877563476562,207.76577758789062,890.7728881835938,0.2527
7,7,239,-100.86774444580078,207.38755798339844,892.7576904296875,0.2746
7,7,240,-100.35712432861328,207.06175231933594,894.6881103515625,0.192
7,7,241,-99.5532455444336,206.82180786132812,896.5155639648438,0.1468
7,7,242,-98.45682525634766,206.65301513671875,898.1834106445312,0.1256
7,7,243,-97.07846069335938,206.6983642578125,899.6260375976562,0.0813
7,7,244,-95.43830108642578,206.85916137695312,900.7584838867188,0.0982
7,7,245,-93.57324981689453,207.04849243164062,901.443603515625,0.1335
7,7,246,-91.59608459472656,207.0788116455078,901.4830322265625,0.2198
7,7,247,-89.76367950439453,207.17442321777344,900.7417602539062,0.2565
7,7,248,-88.33899688720703,207.4154510498047,899.3622436523438,0.4082
7,7,249,-87.3831558227539,207.76162719726562,897.6085205078125,0.3993
7,7,250,-86.64997100830078,207.86676025390625,895.75,0.325
7,7,251,-83.43309783935547,208.51051330566406,896.1431274414062,0.4664
7,7,252,-83.21510314941406,208.74179077148438,894.6182250976562,0.5918
7,7,253,-82.06033325195312,209.1145782470703,891.4898071289062,0.4957
7,7,254,-80.0286636352539,209.27200317382812,892.73193359375,0.57
7,7,255,-78.2623291015625,209.271728515625,893.6629638671875,0.4979
7,7,256,-76.84537506103516,209.25535583496094,895.0722045898438,0.3971
7,7,257,-76.1838607788086,208.95339965820312,896.9512329101562,0.4566
7,7,258,-76.56784057617188,208.60276794433594,898.8958129882812,0.2947
7,7,259,-77.83057403564453,208.32559204101562,900.4332885742188,0.3342
7,7,260,-79.55062103271484,207.7039031982422,901.45361328125,0.3397
7,7,261,-81.41303253173828,207.18345642089844,902.180908203125,0.2158
7,7,262,-83.16486358642578,207.05307006835938,903.1378173828125,0.1851
7,7,263,-84.49591827392578,206.84494018554688,904.5740356445312,0.1568
7,7,264,-85.09302520751953,206.42918395996094,906.4185791015625,0.2116
7,7,265,-84.8804702758789,206.3174285888672,908.3563232421875,0.2371
7,7,266,-84.02198028564453,205.8238983154297,910.1368408203125,0.3716
7,7,267,-82.69869995117188,205.05209350585938,911.6143188476562,0.4005
7,7,268,-80.94821166992188,204.68685913085938,912.5546875,0.2988
7,7,269,-78.94831085205078,204.78292846679688,912.5438232421875,0.2309
7,7,270,-77.1051025390625,205.03294372558594,911.769287109375,0.2817
7,7,271,-75.48680114746094,205.42431640625,910.6046142578125,0.1664
7,7,272,-73.95819854736328,205.90467834472656,909.3164672851562,0.1184
7,7,273,-72.29309844970703,206.1065673828125,908.2318725585938,0.1181
7,7,274,-70.40100860595703,205.8931121826172,907.7291259765625,0.3
7,7,275,-68.51944732666016,205.26953125,908.1707763671875,0.3728
7,7,276,-67.25720977783203,204.66583251953125,909.6193237304688,0.4007
7,7,277,-67.20954895019531,204.03152465820312,911.556884765625,0.3656
7,7,278,-68.25904083251953,203.62359619140625,913.232177734375,0.2793
7,7,279,-69.76947021484375,203.2917938232422,914.532958984375,0.3516
7,7,280,-71.27234649658203,202.95912170410156,915.8519897460938,0.2566
7,7,281,-72.5541763305664,202.2644500732422,917.3739013671875,0.1637
7,7,282,-73.3703384399414,201.43612670898438,919.1658935546875,0.2751
7,7,283,-73.53290557861328,200.4259033203125,921.1251831054688,0.1939
7,7,284,-73.08051300048828,199.44248962402344,923.0527954101562,0.2168
7,7,285,-72.24925231933594,198.40406799316406,924.8681030273438,0.1395
7,7,286,-71.29850006103516,197.2876434326172,926.6276245117188,0.1081
7,7,287,-70.22623443603516,196.2164764404297,928.3063354492188,0.1179
7,7,288,-68.91326141357422,195.2232208251953,929.8097534179688,0.2435
7,7,289,-67.43242645263672,194.3767852783203,931.1514892578125,0.1501
7,7,290,-65.83155059814453,193.47679138183594,932.3475341796875,0.0477
7,7,291,-64.11359405517578,192.58274841308594,933.3672485351562,0.1375
7,7,292,-62.26603698730469,191.9356689453125,934.1201782226562,0.1019
7,7,293,-60.30500411987305,191.59042358398438,934.343505859375,0.1625
7,7,294,-58.607398986816406,191.8273162841797,933.4938354492188,0.1589
7,7,295,-57.620262145996094,192.5413818359375,931.7991943359375,0.1475
7,7,296,-57.284095764160156,193.33522033691406,929.83984375,0.1183
7,7,297,-57.48284912109375,194.1617889404297,927.8497924804688,0.1611
7,7,298,-57.81984329223633,194.85150146484375,925.8785400390625,0.1486
7,7,299,-57.47367858886719,195.48193359375,923.9240112304688,0.1002
7,7,300,-56.443634033203125,196.18325805664062,922.252197265625,0.2266
7,7,301,-54.77224349975586,196.60821533203125,921.2758178710938,0.4764
7,7,302,-52.85667037963867,196.3692169189453,921.4358520507812,0.3774
7,7,303,-51.385650634765625,195.5922393798828,922.6936645507812,0.2271
7,7,304,-50.69865798950195,194.81381225585938,924.5242309570312,0.226
7,7,305,-50.73246383666992,194.07559204101562,926.4921875,0.2562
7,7,306,-51.18446731567383,193.26290893554688,928.4351196289062,0.1816
7,7,307,-51.300506591796875,192.19766235351562,930.40234375,0.0863
7,7,308,-50.49090576171875,191.09739685058594,932.1682739257812,0.1324
7,7,309,-48.86054992675781,190.2336883544922,933.2501831054688,0.2005
7,7,310,-46.908531188964844,189.64622497558594,933.619873046875,0.1164
7,7,311,-44.91560363769531,189.29393005371094,933.526123046875,0.2062
7,7,312,-42.95634078979492,189.03794860839844,933.137451171875,0.2965
7,7,313,-41.04960632324219,188.9588165283203,932.5394897460938,0.1837
7,7,314,-39.194374084472656,188.85960388183594,931.7952270507812,0.3092
7,7,315,-37.382164001464844,188.84034729003906,930.9502563476562,0.5378
7,7,316,-35.61905288696289,188.7387237548828,930.0076293945312,0.6775
7,7,317,-33.93336868286133,188.95423889160156,928.9339599609375,0.6115
7,7,318,-32.37701416015625,189.41651916503906,927.6825561523438,0.359
7,7,319,-31.03182029724121,190.0625,926.2103881835938,0.2641
7,7,320,-30.048330307006836,190.77232360839844,924.48291015625,0.1164
7,7,321,-29.734838485717773,191.755859375,922.5352172851562,0.0642
7,7,322,-30.308303833007812,192.81748962402344,920.6542358398438,0.1099
7,7,323,-31.482648849487305,193.759765625,919.0538940429688,0.2706
7,7,324,-33.11904525756836,194.52944946289062,917.94482421875,0.2054
7,7,325,-35.040523529052734,195.0650177001953,917.4891967773438,0.1866
7,7,326,-37.03388595581055,195.30870056152344,917.4463500976562,0.2063
7,7,327,-39.02193069458008,195.54600524902344,917.2975463867188,0.4265
7,7,328,-40.87944412231445,195.95742797851562,916.64599609375,0.5471
7,7,329,-42.30686569213867,196.50328063964844,915.3209228515625,0.3924
7,7,330,-42.946678161621094,197.0446014404297,913.4874267578125,0.3162
7,7,331,-42.64822006225586,197.43345642089844,911.5643310546875,0.3336
7,7,332,-41.56344223022461,197.84190368652344,909.9331665039062,0.3228
7,7,333,-40.0051383972168,198.16900634765625,908.7125244140625,0.4711
7,7,334,-38.241336822509766,198.2117462158203,907.7744140625,0.4398
7,7,335,-36.49522018432617,198.11050415039062,906.82177734375,0.4363
7,7,336,-35.09858322143555,198.14212036132812,905.4443359375,0.4141
7,7,337,-34.54044723510742,198.36566162109375,903.5906372070312,0.3161
7,7,338,-35.07797622680664,198.49229431152344,901.7304077148438,0.2076
7,7,339,-36.43155288696289,198.57666015625,900.3118896484375,0.1606
7,7,340,-38.17256546020508,198.730224609375,899.3505859375,0.1438
7,7,341,-40.004920959472656,199.12977600097656,898.55322265625,0.0585
7,7,342,-41.73223876953125,199.4184112548828,897.5642700195312,0.1447
7,7,343,-43.197723388671875,199.8861846923828,896.2177124023438,0.1526
7,7,344,-44.25175476074219,200.07579040527344,894.524169921875,0.1996
7,7,345,-44.80087661743164,200.2259063720703,892.6010131835938,0.2524
7,7,346,-44.76559066772461,200.4169158935547,890.6016235351562,0.4271
7,7,347,-44.190521240234375,200.1510467529297,888.6907958984375,0.4983
7,7,348,-43.258243560791016,199.5308837890625,886.9258422851562,0.4975
7,7,349,-42.29117965698242,198.82843017578125,885.1752319335938,0.5038
7,7,350,-41.334686279296875,198.14402770996094,883.4189453125,0.4185
7,7,351,-40.43070602416992,197.6862335205078,881.6354370117188,0.4408
7,7,352,-39.37534713745117,197.2906951904297,879.9431762695312,0.4418
7,7,353,-38.04359436035156,197.03924560546875,878.4637451171875,0.4796
7,7,354,-36.474143981933594,196.84945678710938,877.2362670898438,0.4829
7,7,355,-34.7422981262207,196.47119140625,876.245849609375,0.3331
7,7,356,-32.904598236083984,196.1202392578125,875.46484375,0.43
7,7,357,-30.99663734436035,195.6621551513672,874.8727416992188,0.3259
7,7,358,-29.041902542114258,195.29586791992188,874.458251953125,0.1988
7,7,359,-27.057836532592773,194.810302734375,874.216796875,0.1668
7,7,360,-25.05982208251953,194.60438537597656,874.1467895507812,0.1878
7,7,361,-23.062623977661133,194.37551879882812,874.2478637695312,0.2599
7,7,362,-21.082563400268555,193.9534454345703,874.5286865234375,0.2864
7,7,363,-19.135452270507812,193.5430145263672,874.9832153320312,0.2427
7,7,364,-17.2356014251709,193.71885681152344,875.6049194335938,0.2029
7,7,365,-15.3978271484375,194.08108520507812,876.3902587890625,0.1156
7,7,366,-13.637072563171387,194.65292358398438,877.3348388671875,0.0939
7,7,367,-11.968565940856934,195.17098999023438,878.4336547851562,0.2163
7,7,368,-10.408042907714844,195.36888122558594,879.6805419921875,0.2438
7,7,369,-8.971543312072754,195.42733764648438,881.0682373046875,0.2133
7,7,370,-7.6756720542907715,195.38931274414062,882.5878295898438,0.222
7,7,371,-6.537337779998779,195.24066162109375,884.228759765625,0.1508
7,7,372,-5.574035167694092,194.91883850097656,885.9782104492188,0.1992
7,7,373,-4.803668975830078,194.5051727294922,887.8213500976562,0.2211
7,7,374,-4.245136737823486,194.21800231933594,889.7399291992188,0.2981
7,7,375,-3.9177961349487305,194.21148681640625,891.7127075195312,0.338
7,7,376,-3.8666865825653076,194.05026245117188,893.7118530273438,0.2812
7,7,377,-4.0922417640686035,193.859619140625,895.697265625,0.2781
7,7,378,-4.603285789489746,193.76846313476562,897.6265258789062,0.2635
7,7,379,-5.408107757568359,193.8099822998047,899.4498901367188,0.1926
7,7,380,-6.510150909423828,193.73187255859375,901.1068725585938,0.2935
7,7,381,-7.904925346374512,193.4044647216797,902.5217895507812,0.276
7,7,382,-9.571366310119629,193.3408966064453,903.5975952148438,0.3601
7,7,383,-11.453237533569336,193.52723693847656,904.2174682617188,0.3183
7,7,384,-13.435261726379395,193.82235717773438,904.2776489257812,0.113
7,7,385,-15.360030174255371,194.07435607910156,903.7691650390625,0.1273
7,7,386,-17.126522064208984,194.50369262695312,902.8333740234375,0.1152
7,7,387,-18.789825439453125,195.05648803710938,901.7230834960938,0.238
7,7,388,-20.623674392700195,195.6173095703125,900.9251708984375,0.195
7,7,389,-22.603300094604492,196.1990509033203,900.6773681640625,0.1889
7,7,390,-24.563186645507812,196.65538024902344,901.0264282226562,0.1724
7,7,391,-26.358524322509766,197.0410614013672,901.8812255859375,0.2061
7,7,392,-27.90945816040039,197.21981811523438,903.1243896484375,0.2583
7,7,393,-29.17220115661621,197.22413635253906,904.6592407226562,0.3324
7,7,394,-30.114538192749023,197.0251007080078,906.4096069335938,0.146
7,7,395,-30.70252799987793,196.8048553466797,908.3090209960938,0.2113
7,7,396,-30.89584732055664,196.4171905517578,910.2888793945312,0.1567
7,7,397,-30.653663635253906,195.72129821777344,912.2655639648438,0.227
7,7,398,-29.965877532958984,194.96994018554688,914.1394653320312,0.2141
7,7,399,-28.899335861206055,194.24359130859375,915.8311767578125,0.2701
7,7,400,-27.633432388305664,193.54751586914062,917.3795776367188,0.3042
7,7,401,-26.187191009521484,192.79331970214844,918.7595825195312,0.4085
7,7,402,-24.63536262512207,191.77536010742188,920.020263671875,0.385
7,7,403,-23.162853240966797,190.61151123046875,921.3729858398438,0.2677
7,7,404,-21.511127471923828,189.56155395507812,922.4965209960938,0.1434
7,7,405,-19.675291061401367,188.7121124267578,923.28515625,0.0945
7,7,406,-17.749197006225586,187.79464721679688,923.81982421875,0.118
7,7,407,-15.782142639160156,187.17141723632812,924.1775512695312,0.0667
7,7,408,-13.793717384338379,186.81163024902344,924.3853149414062,0.1178
7,7,409,-11.795421600341797,186.61521911621094,924.4052734375,0.2239
7,7,410,-9.824644088745117,186.40147399902344,924.103759765625,0.2008
7,7,411,-8.038718223571777,186.20799255371094,923.2421875,0.2077
7,7,412,-6.754629611968994,186.2375030517578,921.7372436523438,0.241
7,7,413,-6.072965145111084,186.75247192382812,919.863525390625,0.2307
7,7,414,-3.050642967224121,186.60305786132812,918.5089721679688,0.2765
7,7,415,-5.1757941246032715,188.78634643554688,915.9683227539062,0.4018
7,7,416,-4.926724433898926,189.9126434326172,913.9871826171875,0.4197
7,7,417,-5.19864559173584,190.83987426757812,912.0389404296875,0.3787
7,7,418,-5.762788772583008,191.65621948242188,910.1203002929688,0.3012
7,7,419,-5.857229232788086,192.0868682861328,908.1474609375,0.3164
7,7,420,-5.017007827758789,192.3294677734375,906.3779907226562,0.3118
7,7,421,-3.40616512298584,192.3667755126953,905.2420043945312,0.2576
7,7,422,-1.4648958444595337,192.0885467529297,904.8587036132812,0.3904
7,7,423,0.4938434958457947,191.5787811279297,905.1373291015625,0.5642
7,7,424,2.2957093715667725,190.77325439453125,905.9521484375,0.5702
7,7,425,4.756566524505615,189.8532257080078,906.299072265625,0.3139
7,7,426,3.653733253479004,188.84117126464844,909.5577392578125,0.5141
7,7,427,2.857276439666748,188.3369598388672,911.26513671875,0.4964
7,7,428,4.2729644775390625,187.28280639648438,912.2682495117188,0.4178
7,7,429,5.986663818359375,185.3191375732422,915.1428833007812,0.4042
7,7,430,5.082274913787842,184.61802673339844,918.16162109375,0.4044
7,7,431,2.712670087814331,185.1439208984375,918.2271728515625,0.45
7,7,432,-0.45826268196105957,186.56478881835938,917.0867309570312,0.4433
7,7,433,-3.738326072692871,187.21917724609375,917.8203735351562,0.3344
7,7,434,-3.9880588054656982,185.6312713623047,921.2332763671875,0.3272
7,7,435,-0.5857559442520142,184.48382568359375,922.4851684570312,0.2525
7,7,436,1.964160442352295,184.23098754882812,921.4661865234375,0.2658
7,7,437,3.193849563598633,183.797607421875,922.0744018554688,0.2069
7,7,438,4.568501949310303,183.08670043945312,924.7929077148438,0.3139
7,7,439,6.862386226654053,182.63946533203125,927.2409057617188,0.5476
7,7,440,9.299142837524414,182.61178588867188,926.959228515625,0.2993
7,7,441,10.555967330932617,182.79196166992188,924.0057983398438,0.3681
7,7,442,10.913887023925781,183.45603942871094,920.697998046875,0.0804
7,7,443,12.150385856628418,183.77761840820312,919.1113891601562,0.1064
7,7,444,14.944679260253906,183.46453857421875,919.6627807617188,0.2627
7,7,445,18.13573455810547,183.08082580566406,920.9725341796875,0.4474
7,7,446,20.417503356933594,182.7884979248047,920.7760620117188,0.3285
7,7,447,21.296823501586914,182.6487579345703,918.107177734375,0.1403
7,7,448,20.26738929748535,182.92503356933594,915.1502075195312,0.0817
7,7,449,18.88039207458496,183.2428436279297,914.9097900390625,0.1338
7,7,450,19.18253517150879,183.4780731201172,913.3303833007812,0.0753
7,7,451,19.993886947631836,184.4917755126953,909.971435546875,0.1655
7,7,452,19.915666580200195,185.80535888671875,907.2052612304688,0.2591
7,7,453,17.441904067993164,186.2542266845703,906.3108520507812,0.1189
7,7,454,14.187268257141113,185.9184112548828,907.759033203125,0.2148
7,7,455,11.269052505493164,185.97406005859375,908.6487426757812,0.427
7,7,456,9.49914264678955,187.68008422851562,906.521484375,0.3862
7,7,457,10.532045364379883,189.2686767578125,903.1875610351562,0.3099
7,7,458,12.574053764343262,189.56436157226562,901.5140991210938,0.143
7,7,459,10.306872367858887,190.75393676757812,899.472900390625,0.1259
7,7,460,11.443957328796387,190.94091796875,897.8497314453125,0.1119
7,7,461,13.129168510437012,191.23638916015625,896.7899780273438,0.1427
7,7,462,15.416702270507812,192.2294921875,893.8241577148438,0.1824
7,7,463,17.2142333984375,191.2039794921875,896.8827514648438,0.3095
7,7,464,16.328231811523438,189.83447265625,899.8889770507812,0.2101
7,7,465,16.222902297973633,189.0392608642578,901.463134765625,0.1808
7,7,466,18.673429489135742,188.22386169433594,902.8204345703125,0.158
7,7,467,21.91954803466797,188.1766815185547,903.3261108398438,0.1379
7,7,468,23.584943771362305,187.94631958007812,903.6858520507812,0.15
7,7,469,23.707616806030273,186.46209716796875,905.9564208984375,0.1702
7,7,470,25.034500122070312,184.3783416748047,909.1973876953125,0.0988
7,7,471,28.008901596069336,183.3675079345703,910.0775756835938,0.1838
7,7,472,29.715688705444336,184.3778076171875,907.6819458007812,0.2513
7,7,473,29.571949005126953,186.68255615234375,904.1558227539062,0.1335
7,7,474,31.800952911376953,186.6380157470703,903.6412353515625,0.1468
7,7,475,33.0034294128418,187.5861358642578,902.0431518554688,0.2742
7,7,476,34.03602600097656,188.37924194335938,900.3306274414062,0.346
7,7,477,34.89466094970703,188.74774169921875,898.5245971679688,0.2606
7,7,478,35.578697204589844,189.36248779296875,896.6455688476562,0.2992
7,7,479,36.09963607788086,189.98410034179688,894.7147216796875,0.3131
7,7,480,36.47782897949219,190.57681274414062,892.7510375976562,0.3617
7,7,481,36.729705810546875,190.9600830078125,890.7671508789062,0.4984
7,7,482,36.848934173583984,191.31138610839844,888.77099609375,0.4398
7,7,483,36.79084014892578,191.46852111816406,886.7723999023438,0.3177
7,7,484,36.465919494628906,191.4761505126953,884.8006591796875,0.3267
7,7,485,35.748985290527344,191.52757263183594,882.9393920898438,0.385
7,7,486,34.506874084472656,191.70571899414062,881.3900756835938,0.4446
7,7,487,32.704627990722656,191.90794372558594,880.605712890625,0.4758
7,7,488,30.727678298950195,191.84886169433594,880.4794311523438,0.2648
7,7,489,28.72785186767578,191.70489501953125,880.4931640625,0.1964
7,7,490,26.768449783325195,191.69427490234375,880.8123779296875,0.2332
7,7,491,25.031286239624023,192.05686950683594,881.7169189453125,0.2032
7,7,492,23.634572982788086,192.22027587890625,883.12353515625,0.1031
7,7,493,22.593332290649414,192.24449157714844,884.8146362304688,0.0912
7,7,494,21.744565963745117,192.2700653076172,886.6199340820312,0.0908
7,7,495,20.53369903564453,192.33145141601562,888.1721801757812,0.0726
7,7,496,18.802019119262695,192.51927185058594,889.0521850585938,0.2035
7,7,497,16.878934860229492,192.8600311279297,888.8992309570312,0.2891
7,7,498,15.354907035827637,193.0321044921875,887.7235107421875,0.135
7,7,499,14.722235679626465,193.11280822753906,885.90625,0.13
7,7,500,15.117798805236816,193.14866638183594,884.0103759765625,0.0512
7,7,501,16.281076431274414,193.0170440673828,882.4293212890625,0.0723
7,7,502,17.870546340942383,192.68740844726562,881.2387084960938,0.0347
7,7,503,19.512657165527344,192.38507080078125,880.117431640625,0.0413
7,7,504,20.669788360595703,192.27764892578125,878.5521850585938,0.0781
7,7,505,20.856372833251953,192.2688751220703,876.6356811523438,0.1464
7,7,506,20.320667266845703,192.31207275390625,874.7211303710938,0.2525
7,7,507,19.075624465942383,192.6341552734375,873.1893920898438,0.3374
7,7,508,19.67253875732422,192.12667846679688,869.8215942382812,0.1916
7,7,509,18.055397033691406,192.16229248046875,867.7966918945312,0.1236
7,7,510,14.889769554138184,192.99267578125,868.603271484375,0.1246
7,7,511,13.497137069702148,193.6881866455078,871.420166015625,0.0783
7,7,512,11.21001148223877,193.86404418945312,870.6526489257812,0.2901
7,7,513,10.041938781738281,194.380859375,872.2640380859375,0.3514
7,7,514,9.031174659729004,194.488037109375,873.9871826171875,0.3659
7,7,515,7.824030876159668,194.50576782226562,875.5693969726562,0.2473
7,7,516,6.280033588409424,194.5267333984375,876.8262329101562,0.2597
7,7,517,4.448863983154297,194.54214477539062,877.6217651367188,0.3842
7,7,518,2.469338893890381,194.56813049316406,877.906494140625,0.4356
7,7,519,0.48004597425460815,194.6911163330078,877.7255859375,0.5291
7,7,520,-1.4362297058105469,195.01983642578125,877.173095703125,0.5978
7,7,521,-3.232663154602051,195.2493438720703,876.3091430664062,0.6192
7,7,522,-4.87880277633667,195.30982971191406,875.1845703125,0.5955
7,7,523,-6.354118824005127,195.30947875976562,873.8426513671875,0.492
7,7,524,-7.645118713378906,195.29318237304688,872.3212280273438,0.4483
7,7,525,-8.743718147277832,195.26673889160156,870.6543579101562,0.5066
7,7,526,-9.646831512451172,195.2818603515625,868.8727416992188,0.6398
7,7,527,-10.35494327545166,195.4995880126953,867.0042724609375,0.6003
7,7,528,-10.87062931060791,195.89060974121094,865.0728759765625,0.5764
7,7,529,-11.197230339050293,196.02711486816406,863.0999145507812,0.3814
7,7,530,-11.325234413146973,196.0317840576172,861.1041259765625,0.4084
7,7,531,-11.272262573242188,196.01084899902344,859.1055908203125,0.339
7,7,532,-11.04408073425293,195.92315673828125,857.1197509765625,0.2283
7,7,533,-10.645915985107422,195.78543090820312,855.161376953125,0.0879
7,7,534,-10.083507537841797,195.92005920410156,853.2438354492188,0.2207
7,7,535,-9.363102912902832,195.9760284423828,851.3801879882812,0.3511
7,7,536,-8.491154670715332,195.96038818359375,849.5825805664062,0.3647
7,7,537,-7.474524021148682,195.69708251953125,847.8626708984375,0.345
7,7,538,-6.320249557495117,195.0950469970703,846.2318725585938,0.2363
7,7,539,-5.036008358001709,194.37977600097656,844.7011108398438,0.1088
7,7,540,-3.630598306655884,193.49063110351562,843.2804565429688,0.3578
7,7,541,-2.1133289337158203,192.7583770751953,841.9796752929688,0.3135
7,7,542,-0.49325382709503174,191.95143127441406,840.8092651367188,0.219
7,7,543,1.2219756841659546,190.9904327392578,839.7824096679688,0.0463
7,7,544,3.024989128112793,189.64610290527344,838.9174194335938,0.2644
7,7,545,4.91471529006958,188.56744384765625,838.2626342773438,0.3645
7,7,546,6.868762016296387,187.89776611328125,837.8450317382812,0.4337
7,7,547,8.860835075378418,187.4005889892578,837.7238159179688,0.2792
7,7,548,10.83737564086914,187.3739013671875,837.9682006835938,0.3318
7,7,549,12.71565055847168,187.68539428710938,838.619873046875,0.3639
7,7,550,15.865976333618164,187.31056213378906,837.34912109375,0.0955
7,7,551,16.256107330322266,188.39967346191406,840.473388671875,0.1264
7,7,552,16.91168212890625,189.28004455566406,843.8310546875,0.2639
7,7,553,18.795413970947266,189.30345153808594,845.0125732421875,0.3913
7,7,554,21.27873992919922,188.3623046875,843.6566772460938,0.265
7,7,555,24.629169464111328,187.63150024414062,842.5836181640625,0.1056
7,7,556,26.94593048095703,187.7682342529297,843.9800415039062,0.1369
7,7,557,26.492778778076172,188.2863311767578,846.88134765625,0.2706
7,7,558,24.638172149658203,188.68490600585938,849.7932739257812,0.2578
7,7,559,23.86726951599121,188.93399047851562,851.7100830078125,0.0953
7,7,560,25.514583587646484,188.47874450683594,852.9375,0.078
7,7,561,27.50221824645996,188.38441467285156,855.738037109375,0.1054
7,7,562,26.528841018676758,189.0756072998047,858.826416015625,0.2252
7,7,563,23.698307037353516,189.33860778808594,858.9168090820312,0.1004
7,7,564,20.84456443786621,189.79544067382812,856.748779296875,0.079
7,7,565,17.84542465209961,190.87802124023438,855.8544921875,0.0545
7,7,566,16.075363159179688,191.55093383789062,858.187255859375,0.0924
7,7,567,17.2947998046875,190.9215087890625,861.48291015625,0.2294
7,7,568,19.367591857910156,190.93394470214844,862.861083984375,0.1317
7,7,569,19.430686950683594,191.1627960205078,863.8339233398438,0.122
7,7,570,18.552005767822266,191.7020263671875,866.6962890625,0.1333
7,7,571,18.396408081054688,192.48513793945312,869.8706665039062,0.1197
7,7,572,19.733722686767578,192.29640197753906,871.162841796875,0.2149
7,7,573,22.714677810668945,191.41314697265625,870.9296875,0.0912
7,7,574,26.008743286132812,190.7137908935547,871.2991943359375,0.2053
7,7,575,27.105226516723633,190.80245971679688,872.40087890625,0.1427
7,7,576,26.70573616027832,191.284423828125,874.7750854492188,0.1145
7,7,577,28.35049819946289,191.36740112304688,875.7339477539062,0.1262
7,7,578,31.27761459350586,191.52066040039062,878.2215576171875,0.4314
7,7,579,32.74729537963867,191.4005126953125,875.2901000976562,0.2941
7,7,580,31.59177017211914,190.92527770996094,872.015869140625,0.319
7,7,581,31.0797061920166,190.6444549560547,869.9539794921875,0.3685
7,7,582,33.11253356933594,190.41847229003906,868.6268310546875,0.3575
7,7,583,36.4781379699707,189.97915649414062,867.7133178710938,0.2929
7,7,584,38.67061996459961,189.84230041503906,866.5785522460938,0.1979
7,7,585,38.44667053222656,189.82675170898438,864.4011840820312,0.2425
7,7,586,36.86714553833008,189.83409118652344,861.33251953125,0.311
7,7,587,36.12233352661133,189.64076232910156,858.6863403320312,0.3203
7,7,588,39.60969161987305,189.37461853027344,858.27001953125,0.1054
7,7,589,40.36809539794922,188.98458862304688,856.4226684570312,0.0649
7,7,590,40.83114242553711,188.425537109375,854.4871826171875,0.0677
7,7,591,40.747718811035156,188.27117919921875,852.5189819335938,0.1708
7,7,592,39.97230529785156,188.2495880126953,850.7172241210938,0.1456
7,7,593,38.53947830200195,188.25350952148438,849.39501953125,0.1556
7,7,594,36.4067268371582,188.43577575683594,851.5377197265625,0.2298
7,7,595,34.674102783203125,188.30787658691406,849.2800903320312,0.4126
7,7,596,33.42304229736328,188.20050048828125,846.5845336914062,0.1928
7,7,597,32.77652359008789,188.11085510253906,845.6663818359375,0.1202
7,7,598,30.188018798828125,188.0821075439453,846.02978515625,0.1544
7,7,599,26.655620574951172,188.1476593017578,845.6193237304688,0.1891
7,7,600,25.185890197753906,187.66311645507812,842.8829956054688,0.1182
7,7,601,27.59803581237793,187.09925842285156,840.5516357421875,0.1339
7,7,602,31.110132217407227,186.96441650390625,840.5218505859375,0.2801
7,7,603,33.318782806396484,186.80873107910156,839.9649047851562,0.2817
7,7,604,33.48197937011719,185.9097900390625,837.505615234375,0.3419
7,7,605,33.95915603637695,185.0711669921875,835.142822265625,0.2783
8,8,0,33.92273712158203,188.26467895507812,835.8304443359375,0.2859
8,8,1,35.64181900024414,188.00442504882812,834.8169555664062,0.1042
8,8,2,36.91032409667969,187.55294799804688,833.3131713867188,0.088
8,8,3,37.21733856201172,186.97154235839844,831.3882446289062,0.2689
8,8,4,36.640953063964844,186.241455078125,829.4999389648438,0.4674
8,8,5,35.56326675415039,185.74224853515625,827.8326416015625,0.5484
8,8,6,34.15010452270508,185.2626495361328,826.4376220703125,0.5638
8,8,7,32.43757629394531,184.97967529296875,825.4555053710938,0.618
8,8,8,30.5283145904541,184.64405822753906,825.367431640625,0.6441
8,8,9,29.32379722595215,185.07437133789062,826.7649536132812,0.6427
8,8,10,29.29181671142578,185.882080078125,828.7141723632812,0.5041
8,8,11,32.345943450927734,186.48385620117188,830.9736938476562,0.3408
8,8,12,30.0771541595459,187.31704711914062,833.052734375,0.2608
8,8,13,26.67311668395996,187.8404541015625,833.4769897460938,0.3325
8,8,14,24.574514389038086,188.2674102783203,833.7879028320312,0.2657
8,8,15,24.334728240966797,189.01791381835938,835.9580688476562,0.1932
8,8,16,23.835721969604492,190.00558471679688,839.414794921875,0.1854
8,8,17,21.193838119506836,190.6612091064453,841.2118530273438,0.1289
8,8,18,18.92152976989746,190.8126678466797,839.5362548828125,0.2004
8,8,19,18.350858688354492,189.66773986816406,836.1255493164062,0.1083
8,8,20,18.99186897277832,188.69361877441406,834.042724609375,0.0983
8,8,21,18.229894638061523,188.52944946289062,833.8038940429688,0.1805
8,8,22,16.555904388427734,187.00457763671875,831.4595947265625,0.0279
8,8,23,17.413902282714844,185.4669647216797,828.2598876953125,0.1604
8,8,24,19.311941146850586,185.54623413085938,827.866455078125,0.3005
8,8,25,22.132122039794922,186.35731506347656,828.9277954101562,0.4798
8,8,26,25.452558517456055,185.97982788085938,828.416015625,0.5342
8,8,27,26.474340438842773,184.7169189453125,826.2621459960938,0.6154
8,8,28,24.82468032836914,182.73663330078125,823.557861328125,0.4286
8,8,29,24.830827713012695,181.285888671875,821.5406494140625,0.3564
8,8,30,24.39703369140625,179.9667510986328,819.6049194335938,0.282
8,8,31,23.498178482055664,178.74485778808594,817.8265380859375,0.2668
8,8,32,22.267547607421875,177.63845825195312,816.2717895507812,0.2281
8,8,33,20.735841751098633,176.80662536621094,814.9970703125,0.3807
8,8,34,19.04507064819336,176.3417510986328,813.9388427734375,0.3073
8,8,35,17.244123458862305,176.23953247070312,813.0791015625,0.1904
8,8,36,15.364419937133789,176.2442626953125,812.4075927734375,0.2276
8,8,37,13.427919387817383,176.1279296875,811.9244384765625,0.3
8,8,38,11.450562477111816,175.86419677734375,811.6613159179688,0.2146
8,8,39,9.45945930480957,175.85305786132812,811.7081298828125,0.1656
8,8,40,7.563841342926025,175.95974731445312,812.2694702148438,0.2443
8,8,41,6.291025638580322,176.50369262695312,813.6748046875,0.1585
8,8,42,6.68447208404541,177.2152862548828,815.4603271484375,0.257
8,8,43,8.0092134475708,177.69737243652344,816.9359741210938,0.3915
8,8,44,9.210771560668945,178.31484985351562,818.4817504882812,0.4885
8,8,45,9.805953025817871,179.2919158935547,820.339111328125,0.5306
8,8,46,9.596490859985352,180.78536987304688,822.3209228515625,0.6096
8,8,47,8.520870208740234,182.2047882080078,824.0047607421875,0.4326
8,8,48,7.13287878036499,183.5635223388672,825.4337768554688,0.2811
8,8,49,5.374879837036133,184.380126953125,826.330322265625,0.4314
8,8,50,3.438532590866089,184.78256225585938,826.7318725585938,0.3224
8,8,51,1.4657915830612183,184.98939514160156,826.6533203125,0.3784
8,8,52,-0.398532897233963,185.00180053710938,826.028564453125,0.4435
8,8,53,-1.8518133163452148,184.39993286132812,824.733154296875,0.2642
8,8,54,-2.4138906002044678,183.46319580078125,822.83837890625,0.1298
8,8,55,-2.106799840927124,182.181884765625,820.8640747070312,0.3347
8,8,56,-1.266884684562683,180.77584838867188,819.0529174804688,0.2621
8,8,57,-0.7543867826461792,179.37240600585938,817.1251220703125,0.285
8,8,58,-0.911795973777771,178.35704040527344,815.1578369140625,0.4152
8,8,59,-2.098511219024658,177.82064819335938,813.6305541992188,0.4948
8,8,60,-3.9119811058044434,177.88894653320312,812.8433227539062,0.4783
8,8,61,-5.8929853439331055,178.17584228515625,812.6422729492188,0.4244
8,8,62,-7.873377323150635,178.57276916503906,812.8748779296875,0.3722
8,8,63,-9.793172836303711,179.11346435546875,813.419677734375,0.3619
8,8,64,-11.653059005737305,179.82510375976562,814.1471557617188,0.4503
8,8,65,-13.510472297668457,180.4884490966797,814.8834838867188,0.4164
8,8,66,-15.388568878173828,181.2036590576172,815.5648803710938,0.4926
8,8,67,-17.27684211730957,182.50677490234375,816.2180786132812,0.38
8,8,68,-19.14167594909668,184.0879364013672,816.9345092773438,0.4103
8,8,69,-20.925893783569336,186.15057373046875,817.8287963867188,0.3833
8,8,70,-22.52712059020996,189.12831115722656,819.0119018554688,0.2976
8,8,71,-23.75160789489746,191.29168701171875,820.5679931640625,0.2202
8,8,72,-24.280988693237305,192.75665283203125,822.4547119140625,0.2517
8,8,73,-23.731000900268555,193.65875244140625,824.3109741210938,0.1797
8,8,74,-22.17504119873047,193.89450073242188,825.4819946289062,0.1564
8,8,75,-20.221250534057617,193.40431213378906,825.7360229492188,0.3217
8,8,76,-18.230018615722656,192.81442260742188,825.6196899414062,0.5141
8,8,77,-16.324047088623047,192.14913940429688,826.118896484375,0.4257
8,8,78,-14.960054397583008,192.3045654296875,827.482666015625,0.4516
8,8,79,-14.35041332244873,193.0649871826172,829.3338623046875,0.4604
8,8,80,-14.50621509552002,194.15628051757812,831.2811279296875,0.4184
8,8,81,-15.430777549743652,195.42822265625,832.9928588867188,0.3703
8,8,82,-17.044170379638672,196.64407348632812,834.0570068359375,0.3203
8,8,83,-18.987709045410156,197.509521484375,834.2210083007812,0.3225
8,8,84,-20.944435119628906,197.9183349609375,833.8447875976562,0.2722
8,8,85,-22.898174285888672,198.34359741210938,833.6438598632812,0.319
8,8,86,-24.854976654052734,198.78170776367188,833.953369140625,0.4401
8,8,87,-26.52493667602539,199.62786865234375,835.0504150390625,0.4816
8,8,88,-27.762046813964844,200.72247314453125,836.5556640625,0.4983
8,8,89,-28.559192657470703,201.87449645996094,838.3355712890625,0.338
8,8,90,-28.467531204223633,202.80763244628906,840.33154296875,0.3379
8,8,91,-27.54755973815918,203.0291748046875,842.0374755859375,0.4348
8,8,92,-26.096473693847656,202.79139709472656,843.3096313476562,0.405
8,8,93,-24.262014389038086,202.29283142089844,844.101318359375,0.4249
8,8,94,-22.443748474121094,201.5175323486328,844.9110107421875,0.3588
8,8,95,-20.95453453063965,201.01901245117188,846.2273559570312,0.3197
8,8,96,-20.2329044342041,200.82078552246094,848.069091796875,0.2616
8,8,97,-20.55325698852539,201.0869140625,850.0086669921875,0.2319
8,8,98,-21.82428741455078,201.69190979003906,851.5038452148438,0.2377
8,8,99,-23.647602081298828,202.0760498046875,852.2715454101562,0.3478
8,8,100,-25.636945724487305,202.50448608398438,852.4317626953125,0.3736
8,8,101,-27.630626678466797,202.68185424804688,852.2993774414062,0.2356
8,8,102,-29.620174407958984,202.42593383789062,852.4779663085938,0.1247
8,8,103,-31.42113494873047,201.7675323486328,853.3171997070312,0.266
8,8,104,-32.52626419067383,201.0709228515625,854.9525146484375,0.3019
8,8,105,-32.520015716552734,200.26878356933594,856.9342651367188,0.1912
8,8,106,-31.722002029418945,199.89749145507812,858.76220703125,0.1988
8,8,107,-30.5615177154541,199.64071655273438,860.3887329101562,0.2342
8,8,108,-29.548967361450195,199.3328094482422,862.1109619140625,0.2383
8,8,109,-28.95138931274414,198.95904541015625,864.0088500976562,0.209
8,8,110,-28.93947982788086,198.853271484375,865.9859619140625,0.2383
8,8,111,-29.562816619873047,198.67799377441406,867.855224609375,0.2991
8,8,112,-30.762283325195312,198.6542510986328,869.4140014648438,0.1751
8,8,113,-32.419376373291016,199.01458740234375,870.4637451171875,0.0835
8,8,114,-34.343021392822266,199.37522888183594,870.8118896484375,0.1993
8,8,115,-36.25749969482422,199.8432159423828,870.3915405273438,0.247
8,8,116,-37.98201370239258,200.0438232421875,869.408935546875,0.224
8,8,117,-39.60972595214844,200.0865478515625,868.2535400390625,0.3406
8,8,118,-41.37647247314453,200.41163635253906,867.3695678710938,0.5025
8,8,119,-43.312286376953125,200.78501892089844,867.258544921875,0.5328
8,8,120,-45.009368896484375,200.95228576660156,868.1973876953125,0.4652
8,8,121,-46.20017623901367,201.19427490234375,869.7775268554688,0.3595
8,8,122,-46.900089263916016,201.4813690185547,871.625,0.4385
8,8,123,-46.90608215332031,201.75633239746094,873.5801391601562,0.5484
8,8,124,-46.226318359375,201.9667205810547,875.4463500976562,0.5211
8,8,125,-45.37551498413086,201.85838317871094,877.2504272460938,0.6254
8,8,126,-44.83294677734375,201.39151000976562,879.1556396484375,0.4577
8,8,127,-44.84507369995117,201.11770629882812,881.133544921875,0.3432
8,8,128,-45.45456314086914,201.39125061035156,883.0224609375,0.2593
8,8,129,-46.55575180053711,202.13967895507812,884.6820678710938,0.1835
8,8,130,-48.05240249633789,203.04541015625,886.005859375,0.16
8,8,131,-49.83506393432617,203.8592529296875,886.9036865234375,0.1713
8,8,132,-51.7651481628418,204.5366668701172,887.38525390625,0.2591
8,8,133,-53.74875259399414,205.3124542236328,887.42919921875,0.1569
8,8,134,-55.68159484863281,206.13796997070312,887.0047607421875,0.3597
8,8,135,-57.41976547241211,206.9611053466797,886.0735473632812,0.4011
8,8,136,-58.74737548828125,207.41314697265625,884.6275634765625,0.4887
8,8,137,-59.45135498046875,207.58941650390625,882.7930297851562,0.4561
8,8,138,-59.70671081542969,207.5155487060547,880.813232421875,0.4958
8,8,139,-59.84820556640625,207.50027465820312,878.8204345703125,0.2981
8,8,140,-59.88799285888672,207.3948974609375,876.8255615234375,0.1756
8,8,141,-59.54190444946289,206.8189697265625,874.8909912109375,0.2201
8,8,142,-58.452335357666016,206.07334899902344,873.2562255859375,0.2169
8,8,143,-56.84501266479492,205.37982177734375,872.0989379882812,0.1088
8,8,144,-54.99641036987305,204.62254333496094,871.3531494140625,0.0943
8,8,145,-53.16627502441406,204.06773376464844,870.5966186523438,0.2096
8,8,146,-51.61505889892578,203.34869384765625,869.3654174804688,0.1694
8,8,147,-50.382259368896484,202.81739807128906,867.802978515625,0.0871
8,8,148,-49.168739318847656,202.3940887451172,866.2259521484375,0.2103
8,8,149,-47.831077575683594,202.16293334960938,864.7423095703125,0.1653
8,8,150,-46.58024597167969,201.77427673339844,863.1868896484375,0.2483
8,8,151,-45.619686126708984,201.5862274169922,861.4700317382812,0.3155
8,8,152,-45.30113220214844,201.64866638183594,859.517333984375,0.3623
8,8,153,-45.64938735961914,202.23406982421875,857.5498657226562,0.1499
8,8,154,-46.61210250854492,203.60003662109375,855.8049926757812,0.0891
8,8,155,-47.97270202636719,205.5056915283203,854.3756713867188,0.2735
8,8,156,-49.68340301513672,206.569091796875,853.4672241210938,0.3114
8,8,157,-51.63901901245117,207.17800903320312,853.151123046875,0.1609
8,8,158,-53.59898376464844,207.5598602294922,853.5393676757812,0.1159
8,8,159,-55.44260025024414,207.92184448242188,854.3001098632812,0.1217
8,8,160,-56.98589324951172,207.9661102294922,855.5352172851562,0.2602
8,8,161,-58.366783142089844,207.8538360595703,856.9782104492188,0.4478
8,8,162,-59.79816818237305,207.9285888671875,858.371337890625,0.6132
8,8,163,-61.35955810546875,208.06849670410156,859.6156005859375,0.7041
8,8,164,-63.05272674560547,208.38986206054688,860.6736450195312,0.6402
8,8,165,-64.85327911376953,208.76907348632812,861.536865234375,0.5151
8,8,166,-66.7278823852539,209.26632690429688,862.2257690429688,0.4519
8,8,167,-68.60649871826172,209.71615600585938,862.9061889648438,0.3353
8,8,168,-70.42290496826172,210.24395751953125,863.7349853515625,0.3394
8,8,169,-72.03999328613281,210.33724975585938,864.896484375,0.2934
8,8,170,-73.09952545166016,210.3018798828125,866.5656127929688,0.2138
8,8,171,-73.18714141845703,209.91920471191406,868.549072265625,0.1897
8,8,172,-72.71661376953125,209.7055206298828,870.4909057617188,0.263
8,8,173,-72.21097564697266,209.91259765625,872.4238891601562,0.316
8,8,174,-71.36233520507812,210.16879272460938,874.2162475585938,0.3597
8,8,175,-69.9651870727539,210.18019104003906,875.4697265625,0.2579
8,8,176,-68.05133819580078,209.80799865722656,875.6739501953125,0.2794
8,8,177,-66.0949935913086,209.5556182861328,875.6257934570312,0.2913
8,8,178,-64.64544677734375,209.5703125,876.7979125976562,0.225
8,8,179,-63.865787506103516,209.50852966308594,878.6268310546875,0.1696
8,8,180,-63.57017135620117,209.54348754882812,880.5960693359375,0.2571
8,8,181,-63.56614303588867,209.61001586914062,882.5914306640625,0.3844
8,8,182,-63.64674758911133,209.77996826171875,884.5877685546875,0.3346
8,8,183,-64.07615661621094,210.01431274414062,886.5255126953125,0.2273
8,8,184,-65.00294494628906,210.28819274902344,888.2715454101562,0.3317
8,8,185,-66.36145782470703,210.47512817382812,889.7108154296875,0.3744
8,8,186,-68.02649688720703,210.51473999023438,890.7861328125,0.4314
8,8,187,-69.89517974853516,210.73858642578125,891.444580078125,0.2594
8,8,188,-71.8676528930664,211.04400634765625,891.6043090820312,0.208
8,8,189,-73.81182861328125,211.23948669433594,891.2137451171875,0.1465
8,8,190,-75.63311767578125,211.49256896972656,890.3958740234375,0.4797
8,8,191,-77.40330505371094,211.7432861328125,889.4732055664062,0.5018
8,8,192,-79.26770782470703,211.50839233398438,888.7569580078125,0.5925
8,8,193,-81.78298950195312,211.02578735351562,891.1949462890625,0.5145
8,8,194,-83.44153594970703,210.59194946289062,889.7257690429688,0.4996
8,8,195,-84.84396362304688,210.18804931640625,886.61865234375,0.4543
8,8,196,-85.12499237060547,210.44723510742188,884.5687866210938,0.2222
8,8,197,-86.17102813720703,210.15597534179688,884.5233764648438,0.2075
8,8,198,-89.06513214111328,209.894287109375,883.3673095703125,0.1828
8,8,199,-90.85691833496094,210.41329956054688,880.735595703125,0.5017
8,8,200,-89.6169662475586,211.04867553710938,878.572265625,0.289
8,8,201,-86.2754898071289,211.30731201171875,877.911865234375,0.3741
8,8,202,-83.55376434326172,211.73028564453125,878.0635375976562,0.2919
8,8,203,-83.7018051147461,212.12181091308594,875.1151123046875,0.3375
8,8,204,-81.760498046875,212.40821838378906,875.5855712890625,0.4705
8,8,205,-80.08472442626953,212.49249267578125,876.6736450195312,0.4403
8,8,206,-78.17395782470703,212.38987731933594,877.2112426757812,0.3275
8,8,207,-76.78999328613281,211.8651580810547,875.9678344726562,0.2464
8,8,208,-76.72113037109375,211.58306884765625,873.970947265625,0.2726
8,8,209,-77.17935943603516,211.44287109375,872.0289916992188,0.1764
8,8,210,-77.68395233154297,211.4268798828125,870.0957641601562,0.0729
8,8,211,-78.5321044921875,211.60189819335938,868.31201171875,0.1404
8,8,212,-79.99977111816406,211.94497680664062,867.04443359375,0.041
8,8,213,-81.9095687866211,212.4091796875,866.6141967773438,0.1798
8,8,214,-83.85670471191406,212.6094970703125,866.94775390625,0.2947
8,8,215,-85.62147521972656,213.0209503173828,867.854248046875,0.1471
8,8,216,-87.09906768798828,213.18153381347656,869.183837890625,0.286
8,8,217,-88.251953125,213.15281677246094,870.80712890625,0.3021
8,8,218,-89.14087677001953,213.0834503173828,872.5933837890625,0.482
8,8,219,-87.99472045898438,212.11257934570312,875.2378540039062,0.4032
8,8,220,-91.31586456298828,212.4336700439453,875.954833984375,0.4335
8,8,221,-94.03744506835938,212.35317993164062,876.3486328125,0.503
8,8,222,-94.59198760986328,211.64471435546875,877.8238525390625,0.7178
8,8,223,-94.4267578125,210.39805603027344,880.9408569335938,0.5798
8,8,224,-95.2414779663086,209.6650848388672,883.8615112304688,0.5001
8,8,225,-96.52984619140625,209.7737579345703,884.4448852539062,0.4742
8,8,226,-99.3587417602539,210.50155639648438,883.9600830078125,0.4186
8,8,227,-100.3436279296875,210.34271240234375,885.67626953125,0.3915
8,8,228,-100.86749267578125,210.0225372314453,887.6026611328125,0.2914
8,8,229,-101.1015625,209.79696655273438,889.5858154296875,0.2489
8,8,230,-101.06282043457031,209.5848846435547,891.5823364257812,0.3726
8,8,231,-100.74490356445312,209.15150451660156,893.553466796875,0.3297
8,8,232,-100.1347427368164,208.93763732910156,895.4541625976562,0.1848
8,8,233,-99.22283935546875,208.68467712402344,897.2293701171875,0.3631
8,8,234,-98.00910186767578,208.63851928710938,898.8129272460938,0.1202
8,8,235,-96.505859375,208.70010375976562,900.123779296875,0.0788
8,8,236,-94.74425506591797,208.9186248779297,901.0569458007812,0.1109
8,8,237,-92.79398345947266,209.0257568359375,901.467041015625,0.1604
8,8,238,-90.82131958007812,209.05796813964844,901.174560546875,0.1764
8,8,239,-89.1173324584961,209.19004821777344,900.1356201171875,0.3384
8,8,240,-87.93231964111328,209.55711364746094,898.52685546875,0.5429
8,8,241,-87.16519165039062,209.72866821289062,896.683349609375,0.4176
8,8,242,-86.33199310302734,209.86676025390625,894.8674926757812,0.384
8,8,243,-86.80957794189453,209.5124053955078,891.0702514648438,0.5704
8,8,244,-83.70523834228516,210.48397827148438,890.2291870117188,0.4912
8,8,245,-81.29881286621094,211.07398986816406,892.6289672851562,0.5625
8,8,246,-79.38790893554688,211.1313018798828,893.1986694335938,0.5038
8,8,247,-77.72148132324219,211.12399291992188,894.2772827148438,0.3934
8,8,248,-76.58296966552734,211.1039276123047,895.8836669921875,0.4032
8,8,249,-76.37638854980469,210.64903259277344,897.8251342773438,0.4488
8,8,250,-77.18632507324219,210.40447998046875,899.6103515625,0.3884
8,8,251,-78.636962890625,209.9566650390625,900.9481201171875,0.5134
8,8,252,-80.37390899658203,209.34820556640625,901.911376953125,0.3962
8,8,253,-82.09027099609375,209.031494140625,902.91943359375,0.1735
8,8,254,-83.44745635986328,208.99729919433594,904.3245239257812,0.1005
8,8,255,-84.1447525024414,208.5366668701172,906.140869140625,0.1678
8,8,256,-84.07007598876953,208.331298828125,908.1029663085938,0.2857
8,8,257,-83.29438018798828,207.88320922851562,909.9356079101562,0.4311
8,8,258,-81.92346954345703,207.1179656982422,911.3890991210938,0.4186
8,8,259,-80.05804443359375,206.9254608154297,912.0492553710938,0.4191
8,8,260,-78.11863708496094,207.080078125,911.7554931640625,0.2733
8,8,261,-76.34571838378906,207.32980346679688,910.8743896484375,0.3979
8,8,262,-74.70929718017578,207.83631896972656,909.7339477539062,0.2096
8,8,263,-73.05899810791016,208.05589294433594,908.6184692382812,0.0486
8,8,264,-71.23976135253906,208.0672607421875,907.8554077148438,0.1597
8,8,265,-69.28629302978516,207.58895874023438,907.8140869140625,0.2641
8,8,266,-67.60408020019531,206.96365356445312,908.7568969726562,0.2865
8,8,267,-66.86871337890625,206.3846893310547,910.5103759765625,0.3087
8,8,268,-67.39383697509766,205.8566131591797,912.3594360351562,0.3201
8,8,269,-68.68208312988281,205.6029510498047,913.8556518554688,0.2661
8,8,270,-70.13357543945312,205.15074157714844,915.2283935546875,0.2588
8,8,271,-71.42945098876953,204.56346130371094,916.7344970703125,0.1908
8,8,272,-72.34607696533203,203.7367401123047,918.4824829101562,0.2067
8,8,273,-72.70357513427734,202.81951904296875,920.4320068359375,0.1527
8,8,274,-72.52086639404297,201.852783203125,922.4175415039062,0.1243
8,8,275,-71.94768524169922,200.87879943847656,924.3314819335938,0.0631
8,8,276,-71.03201293945312,199.83810424804688,926.1072998046875,0.0855
8,8,277,-70.10498809814453,198.82858276367188,927.8762817382812,0.1493
8,8,278,-68.91898345947266,197.83755493164062,929.4843139648438,0.1505
8,8,279,-67.5284423828125,197.01959228515625,930.9190063476562,0.2801
8,8,280,-65.98435974121094,196.15716552734375,932.1864624023438,0.2008
8,8,281,-64.28498077392578,195.29928588867188,933.23486328125,0.1577
8,8,282,-62.424110412597656,194.68028259277344,933.9551391601562,0.1822
8,8,283,-60.43976593017578,194.44821166992188,934.0350341796875,0.0491
8,8,284,-58.76763916015625,194.8064727783203,932.9413452148438,0.1563
8,8,285,-57.816246032714844,195.430419921875,931.20458984375,0.1249
8,8,286,-57.47935485839844,196.18460083007812,929.2593994140625,0.1051
8,8,287,-57.58430099487305,196.90145874023438,927.2760620117188,0.167
8,8,288,-57.62254333496094,197.50857543945312,925.2928466796875,0.0661
8,8,289,-57.184696197509766,198.1778564453125,923.380126953125,0.0849
8,8,290,-56.06890869140625,198.85728454589844,921.765625,0.1212
8,8,291,-54.30973434448242,199.1510467529297,920.9754638671875,0.133
8,8,292,-52.491455078125,198.70860290527344,921.5713500976562,0.2738
8,8,293,-51.33155822753906,197.91917419433594,923.1377563476562,0.262
8,8,294,-50.90596389770508,197.1903533935547,925.0699462890625,0.2085
8,8,295,-51.131507873535156,196.4744873046875,927.0552978515625,0.3804
8,8,296,-51.68437957763672,195.62567138671875,928.9744873046875,0.2413
8,8,297,-51.66301727294922,194.5785675048828,930.9651489257812,0.3565
8,8,298,-50.502864837646484,193.5708770751953,932.5592651367188,0.2052
8,8,299,-48.70735168457031,192.8416748046875,933.3988647460938,0.1066
8,8,300,-46.734840393066406,192.34556579589844,933.6526489257812,0.1471
8,8,301,-44.74887466430664,192.04446411132812,933.4761352539062,0.054
8,8,302,-42.806968688964844,191.8487548828125,933.0118408203125,0.1276
8,8,303,-40.914512634277344,191.78314208984375,932.3726806640625,0.0721
8,8,304,-39.059967041015625,191.6964874267578,931.62939453125,0.2102
8,8,305,-37.23801803588867,191.65675354003906,930.81005859375,0.3247
8,8,306,-35.460662841796875,191.54141235351562,929.8983764648438,0.4226
8,8,307,-33.76691818237305,191.75611877441406,928.8414306640625,0.3344
8,8,308,-32.228302001953125,192.2056427001953,927.5708618164062,0.0847
8,8,309,-30.95168685913086,192.8731689453125,926.0396118164062,0.1028
8,8,310,-30.079164505004883,193.59451293945312,924.251220703125,0.208
8,8,311,-29.81237030029297,194.54266357421875,922.2901000976562,0.3357
8,8,312,-30.3400821685791,195.55885314941406,920.3851928710938,0.3098
8,8,313,-31.57830047607422,196.4224090576172,918.8416748046875,0.255
8,8,314,-33.31130599975586,197.1256103515625,917.8721923828125,0.1653
8,8,315,-35.27269744873047,197.59788513183594,917.4981689453125,0.1699
8,8,316,-37.27063751220703,197.81085205078125,917.4759521484375,0.2407
8,8,317,-39.2501106262207,198.0788116455078,917.2125854492188,0.4609
8,8,318,-41.06385040283203,198.52194213867188,916.4091796875,0.4215
8,8,319,-42.37748336791992,199.06594848632812,914.9448852539062,0.461
8,8,320,-42.814208984375,199.5229034423828,913.0299682617188,0.4345
8,8,321,-42.25909423828125,199.927734375,911.1380615234375,0.4016
8,8,322,-40.96647644042969,200.28939819335938,909.6394653320312,0.3509
8,8,323,-39.30799102783203,200.5154571533203,908.5462646484375,0.4329
8,8,324,-37.5335807800293,200.5047607421875,907.6306762695312,0.4606
8,8,325,-35.89631652832031,200.42176818847656,906.5118408203125,0.3422
8,8,326,-34.7885627746582,200.5528564453125,904.909912109375,0.3128
8,8,327,-34.65373611450195,200.77593994140625,902.98046875,0.1768
8,8,328,-35.52301788330078,200.87672424316406,901.2330932617188,0.0285
8,8,329,-37.00889205932617,200.93556213378906,899.9339599609375,0.1062
8,8,330,-38.74460220336914,201.1519775390625,898.95654296875,0.0865
8,8,331,-40.46405029296875,201.548095703125,897.9469604492188,0.1017
8,8,332,-41.95872497558594,201.87368774414062,896.6478271484375,0.2316
8,8,333,-43.0661735534668,202.2637481689453,895.010009765625,0.1984
8,8,334,-43.71379089355469,202.3624267578125,893.1361694335938,0.2097
8,8,335,-43.92222213745117,202.50003051757812,891.158447265625,0.3714
8,8,336,-43.7464485168457,202.38014221191406,889.1729125976562,0.4379
8,8,337,-43.24077224731445,201.92135620117188,887.2410888671875,0.3925
8,8,338,-42.4433479309082,201.2533721923828,885.4091796875,0.3332
8,8,339,-41.42894744873047,200.59910583496094,883.688720703125,0.3798
8,8,340,-40.21553039550781,200.10891723632812,882.1044311523438,0.3241
8,8,341,-38.82195281982422,199.6456298828125,880.6771850585938,0.4003
8,8,342,-37.27353286743164,199.32162475585938,879.4199829101562,0.4095
8,8,343,-35.59678649902344,199.00860595703125,878.3395385742188,0.3958
8,8,344,-33.8162956237793,198.576171875,877.4396362304688,0.3006
8,8,345,-31.95418930053711,198.2383270263672,876.7228393554688,0.1303
8,8,346,-30.030784606933594,197.87559509277344,876.1906127929688,0.1762
8,8,347,-28.06515884399414,197.5264892578125,875.8433227539062,0.1371
8,8,348,-26.07522964477539,197.2177734375,875.6800537109375,0.1017
8,8,349,-24.078182220458984,197.04751586914062,875.6995849609375,0.3124
8,8,350,-22.090471267700195,196.61614990234375,875.8997802734375,0.3772
8,8,351,-20.13020133972168,196.39149475097656,876.2867431640625,0.3192
8,8,352,-18.215251922607422,196.29624938964844,876.8557739257812,0.2409
8,8,353,-16.36130714416504,196.70590209960938,877.5978393554688,0.1978
8,8,354,-14.584715843200684,197.27171325683594,878.5088500976562,0.1412
8,8,355,-12.90310001373291,197.76959228515625,879.5838623046875,0.0387
8,8,356,-11.334135055541992,197.94522094726562,880.81689453125,0.0781
8,8,357,-9.896742820739746,198.12164306640625,882.2005004882812,0.1201
8,8,358,-8.610639572143555,198.028076171875,883.7252807617188,0.1103
8,8,359,-7.495718002319336,197.8508758544922,885.3792724609375,0.0935
8,8,360,-6.572303295135498,197.54641723632812,887.1471557617188,0.0811
8,8,361,-5.860774040222168,197.18418884277344,889.0108032226562,0.1243
8,8,362,-5.382246971130371,197.0857391357422,890.9481811523438,0.2075
8,8,363,-5.157303810119629,196.89402770996094,892.9328002929688,0.2471
8,8,364,-5.229709148406982,196.7037811279297,894.9295043945312,0.142
8,8,365,-5.610225200653076,196.49102783203125,896.8890991210938,0.1544
8,8,366,-6.300178050994873,196.44044494628906,898.7586059570312,0.0915
8,8,367,-7.306760311126709,196.407958984375,900.47412109375,0.0429
8,8,368,-8.630915641784668,196.11196899414062,901.951904296875,0.0532
8,8,369,-10.259049415588379,196.03724670410156,903.0751342773438,0.1575
8,8,370,-12.132428169250488,196.2395782470703,903.6873779296875,0.1172
8,8,371,-14.102083206176758,196.5076446533203,903.6590576171875,0.1259
8,8,372,-15.996323585510254,196.7622833251953,903.0609741210938,0.253
8,8,373,-17.809717178344727,197.2667694091797,902.2242431640625,0.2893
8,8,374,-19.685619354248047,197.7841033935547,901.559326171875,0.2732
8,8,375,-21.659202575683594,198.30780029296875,901.3048706054688,0.1445
8,8,376,-23.635997772216797,198.7633514404297,901.5751953125,0.0753
8,8,377,-25.46586799621582,199.12477111816406,902.3775024414062,0.147
8,8,378,-27.036056518554688,199.352783203125,903.6073608398438,0.2394
8,8,379,-28.299945831298828,199.26312255859375,905.1445922851562,0.3123
8,8,380,-29.224407196044922,199.1627655029297,906.9039306640625,0.1441
8,8,381,-29.78102684020996,198.89695739746094,908.8101806640625,0.1492
8,8,382,-29.942848205566406,198.41482543945312,910.7883911132812,0.2189
8,8,383,-29.696022033691406,197.75010681152344,912.7586669921875,0.3552
8,8,384,-29.065467834472656,197.15496826171875,914.6460571289062,0.4032
8,8,385,-28.137182235717773,196.44479370117188,916.4134521484375,0.3553
8,8,386,-27.050006866455078,195.85252380371094,918.0895385742188,0.3507
8,8,387,-25.88341522216797,194.92529296875,919.7108764648438,0.4058
8,8,388,-24.540029525756836,193.8155975341797,921.1826782226562,0.2928
8,8,389,-22.825796127319336,192.857177734375,922.2041625976562,0.2105
8,8,390,-20.96845817565918,191.94879150390625,922.9378051757812,0.1213
8,8,391,-19.048587799072266,191.22735595703125,923.4891357421875,0.0862
8,8,392,-17.094310760498047,190.4359130859375,923.9032592773438,0.1131
8,8,393,-15.11700439453125,189.93125915527344,924.1860961914062,0.1446
8,8,394,-13.1236572265625,189.6472930908203,924.3109741210938,0.1755
8,8,395,-11.13086986541748,189.487060546875,924.2040405273438,0.116
8,8,396,-9.208218574523926,189.28591918945312,923.6978759765625,0.1106
8,8,397,-7.585312366485596,189.16622924804688,922.5724487304688,0.1408
8,8,398,-6.541622161865234,189.36582946777344,920.8856811523438,0.1206
8,8,399,-6.001452922821045,190.06503295898438,918.9627075195312,0.071
8,8,400,-5.6323113441467285,191.05783081054688,916.9990234375,0.088
8,8,401,-5.293799877166748,192.16180419921875,915.0298461914062,0.157
8,8,402,-5.338737487792969,193.1928253173828,913.0443725585938,0.1629
8,8,403,-5.866971492767334,194.0395050048828,911.1331787109375,0.3102
8,8,404,-6.165008544921875,194.6025848388672,909.1673583984375,0.3855
8,8,405,-5.589771270751953,194.84852600097656,907.2697143554688,0.2995
8,8,406,-4.111701011657715,194.93728637695312,905.9364624023438,0.3713
8,8,407,-2.1963181495666504,194.74075317382812,905.3676147460938,0.2149
8,8,408,-0.20891247689723969,194.2563018798828,905.5684204101562,0.216
8,8,409,1.620293378829956,193.52041625976562,906.344970703125,0.3857
8,8,410,3.1847445964813232,192.5631866455078,907.5589599609375,0.435
8,8,411,3.3857908248901367,191.69906616210938,909.6932983398438,0.4443
8,8,412,6.785364627838135,189.69529724121094,910.6466064453125,0.1972
8,8,413,7.964071750640869,188.17855834960938,913.6710815429688,0.2908
8,8,414,5.295715808868408,188.2838134765625,915.585205078125,0.3164
8,8,415,1.844726324081421,189.82479858398438,914.7435913085938,0.3281
8,8,416,-0.9164376258850098,190.9767303466797,914.3179321289062,0.3607
8,8,417,-2.1835150718688965,190.02232360839844,916.9974365234375,0.3394
8,8,418,-0.609780490398407,188.2583465576172,920.0280151367188,0.2544
8,8,419,1.439446210861206,187.60679626464844,920.5511474609375,0.2664
8,8,420,1.5223333835601807,187.28424072265625,921.6187133789062,0.1777
8,8,421,1.7091739177703857,186.62037658691406,924.7855224609375,0.1891
8,8,422,3.4421796798706055,186.02920532226562,927.513671875,0.3594
8,8,423,5.917573928833008,185.74169921875,927.3230590820312,0.527
8,8,424,7.7927632331848145,186.00233459472656,924.5266723632812,0.4825
8,8,425,8.772311210632324,186.42251586914062,921.7139892578125,0.3051
8,8,426,10.016818046569824,186.45750427246094,920.9092407226562,0.2563
8,8,427,12.87306022644043,186.32797241210938,921.6998291015625,0.2089
8,8,428,16.024635314941406,186.01951599121094,922.630859375,0.3172
8,8,429,17.863481521606445,186.01914978027344,921.9812622070312,0.139
8,8,430,18.3822021484375,186.2046661376953,919.1565551757812,0.113
8,8,431,18.451419830322266,186.27940368652344,915.798095703125,0.1526
8,8,432,18.808956146240234,186.33895874023438,914.4561767578125,0.1671
8,8,433,20.735000610351562,186.03201293945312,914.4030151367188,0.2107
8,8,434,22.66476821899414,186.59445190429688,911.6722412109375,0.2335
8,8,435,22.0972843170166,187.8175811767578,908.917236328125,0.3568
8,8,436,19.449459075927734,188.1130828857422,908.4959716796875,0.3463
8,8,437,16.071561813354492,187.92723083496094,909.3798217773438,0.1134
8,8,438,13.714250564575195,188.09458923339844,909.6053466796875,0.2903
8,8,439,12.665867805480957,188.99452209472656,907.758056640625,0.3236
8,8,440,12.572600364685059,190.80145263671875,904.38427734375,0.2041
8,8,441,13.319784164428711,191.8533935546875,902.25927734375,0.1638
8,8,442,12.383464813232422,192.33078002929688,901.5574340820312,0.1791
8,8,443,10.497282981872559,193.3355255126953,899.7551879882812,0.1737
8,8,444,11.557321548461914,193.56187438964844,898.1154174804688,0.1673
8,8,445,13.205577850341797,193.81971740722656,897.062255859375,0.0968
8,8,446,15.129377365112305,193.80006408691406,896.9539184570312,0.1269
8,8,447,15.46661376953125,192.7392578125,899.6275634765625,0.1151
8,8,448,15.897270202636719,192.42176818847656,900.3081665039062,0.0856
8,8,449,18.581846237182617,192.06103515625,900.9674682617188,0.0802
8,8,450,21.543546676635742,191.74392700195312,902.1095581054688,0.1942
8,8,451,22.45089340209961,191.13743591308594,903.1012573242188,0.1891
8,8,452,21.882617950439453,189.7791748046875,905.5531616210938,0.1829
8,8,453,22.344160079956055,187.73928833007812,909.0433959960938,0.361
8,8,454,24.9722957611084,186.7852020263672,910.5798950195312,0.2104
8,8,455,27.406400680541992,187.402099609375,908.329345703125,0.067
8,8,456,27.84294891357422,189.44215393066406,904.8871459960938,0.1894
8,8,457,30.358434677124023,188.82716369628906,905.0908813476562,0.1556
8,8,458,31.741809844970703,189.52581787109375,903.6503295898438,0.2507
8,8,459,32.966346740722656,190.4163055419922,902.0722045898438,0.3056
8,8,460,34.022735595703125,191.16358947753906,900.3767700195312,0.1698
8,8,461,34.89486312866211,191.525146484375,898.5797119140625,0.1752
8,8,462,35.5765266418457,192.1057891845703,896.7019653320312,0.1051
8,8,463,36.08027648925781,192.70285034179688,894.7689208984375,0.1963
8,8,464,36.43240737915039,193.2700653076172,892.80224609375,0.2961
8,8,465,36.659061431884766,193.64488220214844,890.817138671875,0.3879
8,8,466,36.77102279663086,193.9816131591797,888.822265625,0.2604
8,8,467,36.74720001220703,194.1369171142578,886.824462890625,0.1675
8,8,468,36.4964485168457,194.14002990722656,884.8441162109375,0.2373
8,8,469,35.73569869995117,194.1963348388672,883.0260620117188,0.298
8,8,470,34.172367095947266,194.5115509033203,881.9006958007812,0.3454
8,8,471,32.23466873168945,194.70858764648438,881.4349365234375,0.2472
8,8,472,30.242341995239258,194.60948181152344,881.28564453125,0.0409
8,8,473,28.249300003051758,194.47842407226562,881.1430053710938,0.1696
8,8,474,26.29234504699707,194.51968383789062,881.3892822265625,0.2379
8,8,475,24.55558967590332,194.8067626953125,882.2756958007812,0.3182
8,8,476,23.183870315551758,194.8629150390625,883.700439453125,0.301
8,8,477,22.181062698364258,194.88204956054688,885.4188232421875,0.1443
8,8,478,21.368309020996094,194.91720581054688,887.229736328125,0.0619
8,8,479,20.03316307067871,195.01544189453125,888.6615600585938,0.2107
8,8,480,18.189138412475586,195.24942016601562,889.2473754882812,0.2506
8,8,481,16.321855545043945,195.53860473632812,888.751708984375,0.3675
8,8,482,14.975130081176758,195.64364624023438,887.36376953125,0.3849
8,8,483,14.503387451171875,195.76760864257812,885.4893798828125,0.1964
8,8,484,14.983929634094238,195.76528930664062,883.6065063476562,0.2533
8,8,485,16.17890739440918,195.62942504882812,882.0396118164062,0.3151
8,8,486,17.773963928222656,195.3296661376953,880.8455810546875,0.1826
8,8,487,19.50020980834961,195.02008056640625,879.85595703125,0.2194
8,8,488,20.742294311523438,194.9053497314453,878.37060546875,0.1774
8,8,489,20.81431770324707,194.9031219482422,876.4331665039062,0.3142
8,8,490,20.25002098083496,194.9500274658203,874.4989013671875,0.4075
8,8,491,21.285064697265625,194.46551513671875,871.3259887695312,0.3219
8,8,492,19.63823699951172,194.693603515625,869.3993530273438,0.2982
8,8,493,16.363401412963867,195.56507873535156,869.873779296875,0.2355
8,8,494,14.218332290649414,196.1839141845703,871.8450317382812,0.3175
8,8,495,13.627359390258789,196.29974365234375,872.3878173828125,0.3592
8,8,496,11.372546195983887,196.5701141357422,871.52294921875,0.2938
8,8,497,8.042037010192871,196.93321228027344,871.4255981445312,0.5211
8,8,498,8.506460189819336,197.02491760253906,874.2669677734375,0.3616
8,8,499,7.026477336883545,197.04501342773438,875.5947875976562,0.3549
8,8,500,5.269090175628662,197.06285095214844,876.5037231445312,0.3851
8,8,501,3.3332276344299316,197.07623291015625,876.9064331054688,0.4111
8,8,502,1.353524088859558,197.12705993652344,876.81787109375,0.617
8,8,503,-0.5658375024795532,197.37042236328125,876.3062744140625,0.5216
8,8,504,-2.3611998558044434,197.7122039794922,875.4461669921875,0.6426
8,8,505,-3.9944093227386475,197.7925567626953,874.3025512695312,0.7275
8,8,506,-5.443430423736572,197.79783630371094,872.9288330078125,0.5962
8,8,507,-6.687631130218506,197.79718017578125,871.3654174804688,0.5084
8,8,508,-7.713596343994141,197.80029296875,869.6515502929688,0.6557
8,8,509,-8.534919738769531,197.98098754882812,867.83203125,0.8022
8,8,510,-9.152288436889648,198.3883056640625,865.934326171875,0.6219
8,8,511,-9.568178176879883,198.48316955566406,863.9827270507812,0.6053
8,8,512,-9.785699844360352,198.48329162597656,861.9993286132812,0.5786
8,8,513,-9.808959007263184,198.44338989257812,860.0040893554688,0.4836
8,8,514,-9.643159866333008,198.22543334960938,858.0154418945312,0.3919
8,8,515,-9.294625282287598,197.94773864746094,856.0504150390625,0.3839
8,8,516,-8.770140647888184,198.14710998535156,854.1243896484375,0.4408
8,8,517,-8.0768461227417,198.39718627929688,852.2522583007812,0.3173
8,8,518,-7.222087860107422,198.42117309570312,850.4476928710938,0.2443
8,8,519,-6.213414669036865,198.1825714111328,848.7237548828125,0.2647
8,8,520,-5.05906343460083,197.66253662109375,847.09326171875,0.1456
8,8,521,-3.7624270915985107,197.07220458984375,845.5731811523438,0.1489
8,8,522,-2.336690664291382,196.2598419189453,844.1738891601562,0.2317
8,8,523,-0.796212911605835,195.4877166748047,842.9027709960938,0.1728
8,8,524,0.8484221696853638,194.8345489501953,841.7706298828125,0.0699
8,8,525,2.5869622230529785,193.98171997070312,840.7898559570312,0.1099
8,8,526,4.409460544586182,192.74563598632812,839.976806640625,0.2408
8,8,527,6.3054094314575195,191.7976531982422,839.35693359375,0.3406
8,8,528,8.260501861572266,191.11253356933594,838.9713134765625,0.4552
8,8,529,10.248290061950684,190.73983764648438,838.8831787109375,0.3833
8,8,530,11.709196090698242,191.70265197753906,841.2097778320312,0.4985
8,8,531,14.35184383392334,190.82896423339844,839.2281494140625,0.2245
8,8,532,17.12055778503418,190.6171875,838.215087890625,0.1912
8,8,533,18.596893310546875,190.83384704589844,839.4065551757812,0.2338
8,8,534,19.463254928588867,191.1813507080078,842.516845703125,0.1921
8,8,535,20.15313148498535,191.8791046142578,845.3217163085938,0.431
8,8,536,21.167213439941406,191.89511108398438,846.0214233398438,0.4207
8,8,537,24.0426082611084,191.19281005859375,845.8701782226562,0.2083
8,8,538,27.349475860595703,191.06448364257812,846.656982421875,0.169
8,8,539,28.376001358032227,191.08358764648438,848.7388916015625,0.2304
8,8,540,26.73919677734375,191.1297607421875,851.3145751953125,0.1718
8,8,541,24.18846321105957,191.69544982910156,853.052490234375,0.17
8,8,542,23.112306594848633,191.9017791748047,853.5632934570312,0.1595
8,8,543,23.481653213500977,191.86187744140625,855.7926635742188,0.1129
8,8,544,23.069971084594727,192.20689392089844,859.196533203125,0.1045
8,8,545,21.77491569519043,192.75685119628906,860.9708862304688,0.0585
8,8,546,19.623241424560547,193.15631103515625,860.3804931640625,0.0676
8,8,547,16.1401424407959,193.97779846191406,860.0462646484375,0.054
8,8,548,13.873954772949219,194.1073760986328,862.477783203125,0.1163
8,8,549,15.589515686035156,194.69883728027344,865.226318359375,0.1283
8,8,550,19.155195236206055,194.10633850097656,865.5169067382812,0.1854
8,8,551,21.705520629882812,193.8535614013672,865.4388427734375,0.0498
8,8,552,22.644365310668945,193.90737915039062,867.3321533203125,0.0735
8,8,553,22.195167541503906,194.16217041015625,870.716796875,0.1879
8,8,554,21.52801513671875,194.64537048339844,873.389892578125,0.4144
8,8,555,22.90646743774414,194.43865966796875,874.9172973632812,0.2043
8,8,556,26.26243019104004,193.99913024902344,874.9042358398438,0.2139
8,8,557,28.463708877563477,193.6746063232422,873.3573608398438,0.0735
8,8,558,29.266311645507812,193.73297119140625,873.4368286132812,0.0562
8,8,559,31.448389053344727,194.03614807128906,875.0352783203125,0.2161
8,8,560,34.8359489440918,194.02279663085938,874.7884521484375,0.2696
8,8,561,36.11861038208008,193.62342834472656,872.7423095703125,0.3675
8,8,562,34.70261764526367,193.23760986328125,870.03466796875,0.1785
8,8,563,32.75300598144531,193.09422302246094,867.2227172851562,0.1844
8,8,564,32.81993103027344,193.12081909179688,864.956298828125,0.1516
8,8,565,35.45859909057617,192.74368286132812,863.8392333984375,0.434
8,8,566,38.9037971496582,192.55548095703125,863.4068603515625,0.2328
8,8,567,40.88146209716797,192.5052490234375,862.2242431640625,0.4075
8,8,568,40.45384216308594,192.27467346191406,859.6297607421875,0.3554
8,8,569,40.03241729736328,191.92880249023438,857.1993408203125,0.1942
8,8,570,40.58839797973633,191.45339965820312,855.2882690429688,0.2546
8,8,571,40.724334716796875,191.1260223388672,853.31103515625,0.2059
8,8,572,40.24006652832031,191.0653076171875,851.404296875,0.1213
8,8,573,38.99153137207031,191.0659637451172,849.90673828125,0.1491
8,8,574,37.49407958984375,191.04644775390625,847.1891479492188,0.0924
8,8,575,35.17979049682617,191.13824462890625,849.9954223632812,0.4242
8,8,576,32.750022888183594,191.2195281982422,852.0408935546875,0.5045
8,8,577,30.16182518005371,191.09088134765625,850.743896484375,0.3292
8,8,578,30.081029891967773,191.0322723388672,847.2215576171875,0.2711
8,8,579,31.38557243347168,190.68280029296875,844.7116088867188,0.2093
8,8,580,31.044536590576172,190.4584503173828,843.6738891601562,0.1857
8,8,581,28.89217185974121,190.175048828125,841.8670654296875,0.1759
8,8,582,27.74136734008789,189.50872802734375,838.6880493164062,0.2577
8,8,583,28.967025756835938,188.83070373535156,836.7514038085938,0.1717
8,8,584,32.003501892089844,188.6306915283203,836.7096557617188,0.3192
8,8,585,33.92273712158203,188.26467895507812,835.8304443359375,0.2859
9,9,0,33.627838134765625,191.40293884277344,836.4279174804688,0.2442
9,9,1,35.381168365478516,191.15965270996094,835.4730834960938,0.1641
9,9,2,36.83794403076172,190.77691650390625,834.1336059570312,0.1391
9,9,3,37.4281005859375,190.2976531982422,832.2753295898438,0.1158
9,9,4,37.05788803100586,189.60922241210938,830.3402709960938,0.1197
9,9,5,36.13460159301758,189.02378845214844,828.5831909179688,0.2914
9,9,6,34.885528564453125,188.50552368164062,827.0354614257812,0.4184
9,9,7,33.37981414794922,188.18807983398438,825.7389526367188,0.5877
9,9,8,31.60893440246582,187.7618865966797,824.873779296875,0.4681
9,9,9,29.72063636779785,187.49229431152344,825.02880859375,0.5282
9,9,10,28.7375431060791,188.09579467773438,826.62939453125,0.4915
9,9,11,29.153024673461914,188.923583984375,828.5673217773438,0.4023
9,9,12,29.41002655029297,189.42787170410156,830.54248046875,0.2137
9,9,13,31.251779556274414,190.35426330566406,833.3533935546875,0.2016
9,9,14,27.824661254882812,190.91941833496094,834.11279296875,0.2685
9,9,15,24.892240524291992,191.28787231445312,834.1932373046875,0.1266
9,9,16,23.9510498046875,191.6952362060547,835.0903930664062,0.2375
9,9,17,23.632610321044922,192.54559326171875,837.9320068359375,0.4011
9,9,18,21.723501205444336,193.32472229003906,840.8236694335938,0.215
9,9,19,18.913471221923828,193.84271240234375,840.7448120117188,0.1123
9,9,20,17.691356658935547,193.23236083984375,837.673828125,0.1277
9,9,21,18.53183364868164,191.8672637939453,834.6112670898438,0.0564
9,9,22,18.939817428588867,191.38523864746094,833.5475463867188,0.0515
9,9,23,17.22030258178711,190.61801147460938,832.3815307617188,0.1025
9,9,24,16.388702392578125,188.85272216796875,829.052978515625,0.0789
9,9,25,17.926679611206055,187.8920440673828,826.9588012695312,0.2002
9,9,26,20.114622116088867,188.58335876464844,827.57421875,0.4141
9,9,27,23.511951446533203,188.88836669921875,827.9849853515625,0.6412
9,9,28,25.90563201904297,187.9600067138672,826.4700317382812,0.6284
9,9,29,25.490123748779297,186.17230224609375,823.7710571289062,0.4655
9,9,30,23.738576889038086,184.41494750976562,821.5003051757812,0.2734
9,9,31,23.49675178527832,183.07183837890625,819.5199584960938,0.3323
9,9,32,22.840513229370117,181.9148712158203,817.6414184570312,0.2873
9,9,33,21.74370002746582,180.85894775390625,815.9822998046875,0.3852
9,9,34,20.269914627075195,180.1432342529297,814.6447143554688,0.23
9,9,35,18.55399513244629,179.77285766601562,813.6306762695312,0.1814
9,9,36,16.710840225219727,179.77174377441406,812.8675537109375,0.1641
9,9,37,14.80203628540039,179.7704315185547,812.285400390625,0.1096
9,9,38,12.853626251220703,179.5668182373047,811.8535766601562,0.1241
9,9,39,10.875605583190918,179.3655242919922,811.59326171875,0.1962
9,9,40,8.882946968078613,179.33518981933594,811.5844116210938,0.139
9,9,41,6.946242332458496,179.38116455078125,812.0172729492188,0.0609
9,9,42,5.776181221008301,179.94700622558594,813.4353637695312,0.1472
9,9,43,6.509414196014404,180.59536743164062,815.1981201171875,0.2048
9,9,44,7.674782752990723,181.14138793945312,816.8145751953125,0.3796
9,9,45,8.549383163452148,181.88919067382812,818.5776977539062,0.272
9,9,46,8.868332862854004,182.90121459960938,820.5384521484375,0.2429
9,9,47,5.596915245056152,184.0582275390625,821.1097412109375,0.2787
9,9,48,7.118622303009033,185.73623657226562,824.046875,0.2642
9,9,49,5.5739617347717285,186.74746704101562,825.258544921875,0.1951
9,9,50,3.7490408420562744,187.40481567382812,825.9833374023438,0.2367
9,9,51,1.7758407592773438,187.7372589111328,826.1218872070312,0.4823
9,9,52,-0.1379610300064087,187.77716064453125,825.583251953125,0.58
9,9,53,-1.5436004400253296,187.078125,824.1849975585938,0.3715
9,9,54,-1.777418851852417,186.12460327148438,822.2107543945312,0.15
9,9,55,-1.1513527631759644,184.84616088867188,820.3150024414062,0.1281
9,9,56,-0.7078679203987122,183.528076171875,818.368408203125,0.2253
9,9,57,-0.723246693611145,182.33128356933594,816.3827514648438,0.2764
9,9,58,-1.491215705871582,181.64083862304688,814.595703125,0.3214
9,9,59,-2.962425470352173,181.31915283203125,813.311279296875,0.482
9,9,60,-4.81364107131958,181.4287109375,812.6531982421875,0.4489
9,9,61,-6.785769939422607,181.69149780273438,812.5762939453125,0.2937
9,9,62,-8.72510051727295,182.13685607910156,812.9844970703125,0.3304
9,9,63,-10.571368217468262,182.78880310058594,813.735595703125,0.4588
9,9,64,-12.370148658752441,183.5314483642578,814.5997314453125,0.3548
9,9,65,-14.226541519165039,184.15533447265625,815.3302612304688,0.3891
9,9,66,-16.130550384521484,185.02761840820312,815.9303588867188,0.258
9,9,67,-18.03570556640625,186.35069274902344,816.5254516601562,0.2764
9,9,68,-19.89072036743164,187.9022674560547,817.255126953125,0.2291
9,9,69,-21.622400283813477,190.3055419921875,818.233642578125,0.1698
9,9,70,-23.10358238220215,192.97959899902344,819.5496826171875,0.1282
9,9,71,-24.114168167114258,194.68148803710938,821.239013671875,0.2064
9,9,72,-24.28542709350586,195.886474609375,823.1732177734375,0.2888
9,9,73,-23.321308135986328,196.54237365722656,824.83056640625,0.2461
9,9,74,-21.55810546875,196.44505310058594,825.6204833984375,0.1626
9,9,75,-19.570751190185547,195.90908813476562,825.6734619140625,0.3823
9,9,76,-17.618310928344727,195.47354125976562,825.8391723632812,0.4413
9,9,77,-15.924989700317383,195.135498046875,826.7647705078125,0.3477
9,9,78,-14.848705291748047,195.54141235351562,828.3876953125,0.4029
9,9,79,-14.577957153320312,196.41029357910156,830.3306884765625,0.3426
9,9,80,-15.13980484008789,197.53025817871094,832.2182006835938,0.283
9,9,81,-16.453350067138672,198.81219482421875,833.6859741210938,0.3049
9,9,82,-18.27944564819336,199.8282012939453,834.440185546875,0.3239
9,9,83,-20.271568298339844,200.35086059570312,834.543701171875,0.3351
9,9,84,-22.26415252685547,200.77996826171875,834.4440307617188,0.357
9,9,85,-24.153623580932617,201.38818359375,835.0889892578125,0.3455
9,9,86,-25.68242073059082,202.22006225585938,836.2958984375,0.3029
9,9,87,-26.663829803466797,203.34165954589844,837.9405517578125,0.2803
9,9,88,-26.785634994506836,204.34426879882812,839.8734741210938,0.2849
9,9,89,-25.788898468017578,204.65225219726562,841.5975341796875,0.3796
9,9,90,-24.37958526611328,204.4017333984375,843.01171875,0.4009
9,9,91,-22.855710983276367,203.9002685546875,844.3004760742188,0.3554
9,9,92,-21.498783111572266,203.58363342285156,845.7572631835938,0.303
9,9,93,-20.58335304260254,203.30154418945312,847.499755859375,0.252
9,9,94,-20.477460861206055,203.35179138183594,849.4385375976562,0.2345
9,9,95,-21.406944274902344,203.85765075683594,851.1321411132812,0.1724
9,9,96,-23.096670150756836,204.23292541503906,852.1044311523438,0.29
9,9,97,-25.050615310668945,204.6963348388672,852.387451171875,0.1726
9,9,98,-27.042993545532227,204.90216064453125,852.3389892578125,0.1601
9,9,99,-29.0284366607666,204.78579711914062,852.4127807617188,0.1556
9,9,100,-30.881258010864258,204.30532836914062,853.0380249023438,0.1473
9,9,101,-32.20396041870117,203.60507202148438,854.4397583007812,0.2741
9,9,102,-32.56643295288086,202.87319946289062,856.338134765625,0.4334
9,9,103,-32.05509567260742,202.37130737304688,858.2329711914062,0.4041
9,9,104,-31.093080520629883,202.0818328857422,859.9737548828125,0.3189
9,9,105,-30.116069793701172,201.7848358154297,861.7098388671875,0.1563
9,9,106,-29.469064712524414,201.4527587890625,863.5772705078125,0.2386
9,9,107,-29.382122039794922,201.43447875976562,865.5452270507812,0.3731
9,9,108,-29.945526123046875,201.26097106933594,867.4360961914062,0.3867
9,9,109,-31.10810089111328,201.27581787109375,869.0369873046875,0.2615
9,9,110,-32.748592376708984,201.5501251220703,870.1522827148438,0.1311
9,9,111,-34.685970306396484,201.85601806640625,870.6044921875,0.1957
9,9,112,-36.661338806152344,202.30056762695312,870.3145751953125,0.142
9,9,113,-38.43586730957031,202.43820190429688,869.4004516601562,0.1135
9,9,114,-40.05828857421875,202.5016632080078,868.2402954101562,0.2896
9,9,115,-41.82987976074219,202.88436889648438,867.3306274414062,0.3393
9,9,116,-43.79466247558594,203.1892547607422,867.2850952148438,0.3525
9,9,117,-45.4368896484375,203.3738555908203,868.3928833007812,0.2172
9,9,118,-46.589263916015625,203.64089965820312,870.021728515625,0.2715
9,9,119,-47.1965446472168,203.91635131835938,871.9190673828125,0.3906
9,9,120,-46.8787956237793,204.09898376464844,873.886962890625,0.4401
9,9,121,-46.06647491455078,204.26048278808594,875.7107543945312,0.4553
9,9,122,-45.397037506103516,204.1536407470703,877.5916748046875,0.5706
9,9,123,-45.17652130126953,203.77931213378906,879.5712890625,0.4741
9,9,124,-45.533878326416016,203.68606567382812,881.5220947265625,0.2774
9,9,125,-46.4477424621582,204.13088989257812,883.2771606445312,0.2391
9,9,126,-47.80500030517578,204.91653442382812,884.7155151367188,0.194
9,9,127,-49.47792053222656,205.70448303222656,885.7709350585938,0.1931
9,9,128,-51.35186004638672,206.515869140625,886.4080200195312,0.1924
9,9,129,-53.3236198425293,207.18862915039062,886.6039428710938,0.2618
9,9,130,-55.29007339477539,207.9399871826172,886.337646484375,0.3742
9,9,131,-57.131072998046875,208.77703857421875,885.5853881835938,0.49
9,9,132,-58.688934326171875,209.35400390625,884.3386840820312,0.6312
9,9,133,-59.74806594848633,209.8013916015625,882.6463012695312,0.6129
9,9,134,-60.25161361694336,209.89015197753906,880.7201538085938,0.4061
9,9,135,-60.42978286743164,209.87696838378906,878.7357177734375,0.2809
9,9,136,-60.26917266845703,209.73992919921875,876.7537841796875,0.2669
9,9,137,-59.545223236083984,208.8865509033203,874.9274291992188,0.1804
9,9,138,-58.23196792602539,208.02723693847656,873.46728515625,0.2166
9,9,139,-56.55076217651367,207.34701538085938,872.4212646484375,0.2633
9,9,140,-54.6942024230957,206.64385986328125,871.7014770507812,0.0948
9,9,141,-52.88850021362305,206.13870239257812,870.894775390625,0.0579
9,9,142,-51.47595977783203,205.51194763183594,869.5236206054688,0.0975
9,9,143,-50.36320495605469,205.06106567382812,867.8688354492188,0.0605
9,9,144,-49.28439712524414,204.7127685546875,866.18896484375,0.0247
9,9,145,-48.00856018066406,204.49459838867188,864.660400390625,0.1363
9,9,146,-46.879459381103516,204.18710327148438,863.0284423828125,0.2687
9,9,147,-46.24283218383789,204.03756713867188,861.1814575195312,0.2666
9,9,148,-46.28060531616211,204.25848388671875,859.2220458984375,0.323
9,9,149,-46.96439743041992,205.14776611328125,857.353271484375,0.2584
9,9,150,-48.26456832885742,206.8381805419922,855.838134765625,0.2639
9,9,151,-49.893184661865234,208.2296600341797,854.7177734375,0.4021
9,9,152,-51.7729377746582,208.94415283203125,854.2747192382812,0.2667
9,9,153,-53.71494674682617,209.36138916015625,854.62744140625,0.1656
9,9,154,-55.530189514160156,209.61851501464844,855.4393310546875,0.2277
9,9,155,-57.20467758178711,209.66665649414062,856.5193481445312,0.4541
9,9,156,-58.78609085083008,209.8208770751953,857.7366943359375,0.5553
9,9,157,-60.35909652709961,209.9584197998047,858.966064453125,0.5534
9,9,158,-61.998146057128906,210.1681365966797,860.1035766601562,0.7692
9,9,159,-63.73645782470703,210.5470733642578,861.0803833007812,0.7114
9,9,160,-65.56819152832031,210.88079833984375,861.8678588867188,0.6264
9,9,161,-67.45411682128906,211.42514038085938,862.5208129882812,0.5623
9,9,162,-69.33901977539062,211.80889892578125,863.1774291992188,0.3963
9,9,163,-71.14639282226562,212.19676208496094,864.0130004882812,0.4217
9,9,164,-72.71196746826172,212.30113220214844,865.2205200195312,0.3467
9,9,165,-73.6247329711914,212.27764892578125,866.9425048828125,0.3451
9,9,166,-73.42279815673828,211.84568786621094,868.8837890625,0.3737
9,9,167,-72.57206726074219,211.6196746826172,870.6771240234375,0.2927
9,9,168,-71.5238265991211,211.6546173095703,872.3744506835938,0.3057
9,9,169,-70.01410675048828,211.70640563964844,873.5807495117188,0.3909
9,9,170,-68.09585571289062,211.5379638671875,873.7814331054688,0.4586
9,9,171,-66.11907958984375,211.3574981689453,873.9659423828125,0.4373
9,9,172,-64.73883056640625,211.32522583007812,875.3177490234375,0.4326
9,9,173,-64.14088439941406,211.47381591796875,877.2206420898438,0.2351
9,9,174,-63.63278579711914,211.41732788085938,879.1513671875,0.2176
9,9,175,-63.47138595581055,211.47804260253906,881.1396484375,0.2568
9,9,176,-63.517086029052734,211.5767822265625,883.1342163085938,0.4098
9,9,177,-63.974891662597656,211.84190368652344,885.0646362304688,0.3601
9,9,178,-64.9048843383789,212.19244384765625,886.8108520507812,0.3977
9,9,179,-66.22159576416016,212.51446533203125,888.292724609375,0.4038
9,9,180,-67.80987548828125,212.5887908935547,889.4847412109375,0.3087
9,9,181,-69.5894546508789,212.74351501464844,890.3682861328125,0.1996
9,9,182,-71.50357818603516,212.94932556152344,890.8972778320312,0.1854
9,9,183,-73.48637390136719,213.10214233398438,890.997802734375,0.3088
9,9,184,-75.44507598876953,213.27137756347656,890.642578125,0.5292
9,9,185,-77.32867431640625,213.4424285888672,889.9808959960938,0.5731
9,9,186,-79.22280883789062,213.2695770263672,889.3497314453125,0.5708
9,9,187,-81.37825012207031,212.9481201171875,889.5230712890625,0.6015
9,9,188,-84.12093353271484,212.25689697265625,890.77490234375,0.6143
9,9,189,-86.07376861572266,211.48745727539062,889.0763549804688,0.4846
9,9,190,-85.94517517089844,211.94412231445312,885.61962890625,0.2806
9,9,191,-84.70425415039062,212.6767578125,883.2139892578125,0.1567
9,9,192,-85.13836669921875,212.77566528320312,882.0675048828125,0.1257
9,9,193,-87.55116271972656,212.62924194335938,880.28076171875,0.3455
9,9,194,-89.331787109375,213.31607055664062,877.3861694335938,0.3849
9,9,195,-88.0743179321289,214.01690673828125,874.8777465820312,0.4922
9,9,196,-84.50099182128906,213.755615234375,875.46435546875,0.4334
9,9,197,-82.5382080078125,214.030029296875,875.6895141601562,0.5141
9,9,198,-80.79715728759766,214.24549865722656,876.6666870117188,0.4828
9,9,199,-78.83987426757812,214.26901245117188,876.9159545898438,0.3784
9,9,200,-77.34373474121094,213.84219360351562,875.7913208007812,0.277
9,9,201,-77.08851623535156,213.516357421875,873.8794555664062,0.3165
9,9,202,-77.4369888305664,213.36041259765625,871.9325561523438,0.1858
9,9,203,-77.99578857421875,213.38246154785156,870.0161743164062,0.1127
9,9,204,-78.73221588134766,213.4888916015625,868.1806640625,0.1689
9,9,205,-80.06842803955078,213.78048706054688,866.7919921875,0.0491
9,9,206,-81.98689270019531,214.228271484375,866.4121704101562,0.1346
9,9,207,-83.92285919189453,214.4090576171875,866.8167724609375,0.1117
9,9,208,-85.69168090820312,214.80018615722656,867.7206420898438,0.1409
9,9,209,-87.21731567382812,214.95831298828125,868.9907836914062,0.2454
9,9,210,-88.34230041503906,214.9355926513672,870.6107177734375,0.3531
9,9,211,-89.0313720703125,214.8394012451172,872.4827270507812,0.4464
9,9,212,-89.17103576660156,214.40042114257812,874.5358276367188,0.4291
9,9,213,-87.7730484008789,213.17269897460938,877.4121704101562,0.4883
9,9,214,-89.26654815673828,212.6225128173828,879.5502319335938,0.3223
9,9,215,-92.70063781738281,212.68980407714844,879.3651733398438,0.6322
9,9,216,-95.35923767089844,213.6772918701172,877.7364501953125,0.8215
9,9,217,-97.62259674072266,213.68165588378906,878.2319946289062,0.9054
9,9,218,-98.32846069335938,212.86672973632812,881.5489501953125,0.7755
9,9,219,-97.3602523803711,211.82980346679688,884.619873046875,0.5577
9,9,220,-100.178466796875,212.26437377929688,885.1760864257812,0.4834
9,9,221,-100.76566314697266,212.04627990722656,887.0809936523438,0.4594
9,9,222,-101.08293151855469,211.7852020263672,889.0494995117188,0.4168
9,9,223,-101.13324737548828,211.60659790039062,891.0426635742188,0.4046
9,9,224,-100.90546417236328,211.22152709960938,893.0232543945312,0.3979
9,9,225,-100.38736724853516,210.95518493652344,894.9481201171875,0.3554
9,9,226,-99.5717544555664,210.71310424804688,896.766357421875,0.4559
9,9,227,-98.45645141601562,210.5771942138672,898.4168701171875,0.2555
9,9,228,-97.0460433959961,210.62074279785156,899.8216552734375,0.1885
9,9,229,-95.3604507446289,210.79644775390625,900.8751831054688,0.2128
9,9,230,-93.4581527709961,210.9683837890625,901.4271850585938,0.1239
9,9,231,-91.4892578125,210.99609375,901.3058471679688,0.0824
9,9,232,-89.71009063720703,211.10728454589844,900.4461669921875,0.3738
9,9,233,-88.32196044921875,211.38624572753906,899.0270385742188,0.6602
9,9,234,-87.35907745361328,211.63600158691406,897.2789306640625,0.5589
9,9,235,-86.62113189697266,211.72877502441406,895.4237670898438,0.4201
9,9,236,-83.78050994873047,212.28866577148438,895.4569702148438,0.4104
9,9,237,-83.9469985961914,212.41246032714844,892.5805053710938,0.5296
9,9,238,-81.9588623046875,212.8546600341797,892.405517578125,0.4808
9,9,239,-80.04110717773438,212.98472595214844,892.9219360351562,0.5363
9,9,240,-78.30390930175781,212.9836883544922,893.8894653320312,0.4611
9,9,241,-76.99353790283203,212.96697998046875,895.36328125,0.3478
9,9,242,-76.39629364013672,212.6458740234375,897.2310180664062,0.4315
9,9,243,-76.71649169921875,212.35162353515625,899.1613159179688,0.3461
9,9,244,-77.84719848632812,212.0295867919922,900.7683715820312,0.4419
9,9,245,-79.38282012939453,211.4670867919922,902.0250854492188,0.4749
9,9,246,-80.9547348022461,211.01937866210938,903.2532958984375,0.2337
9,9,247,-82.3067398071289,210.901123046875,904.6863403320312,0.2625
9,9,248,-83.17713928222656,210.53201293945312,906.4526977539062,0.2796
9,9,249,-83.26398468017578,210.25830078125,908.437744140625,0.4606
9,9,250,-82.21806335449219,209.7010498046875,910.138427734375,0.589
9,9,251,-80.49878692626953,209.22201538085938,911.11572265625,0.4215
9,9,252,-78.54353332519531,209.2667999267578,911.218505859375,0.3659
9,9,253,-76.64900970458984,209.40184020996094,910.6749877929688,0.4396
9,9,254,-74.8812026977539,209.82257080078125,909.7633056640625,0.1311
9,9,255,-73.15110778808594,210.02032470703125,908.7724609375,0.1171
9,9,256,-71.31446838378906,210.03582763671875,908.0306396484375,0.1583
9,9,257,-69.34925079345703,209.61717224121094,907.8927612304688,0.2682
9,9,258,-67.56262969970703,209.01925659179688,908.6710815429688,0.3474
9,9,259,-66.60111236572266,208.45651245117188,910.3250732421875,0.3546
9,9,260,-66.90411376953125,207.88323974609375,912.217041015625,0.374
9,9,261,-68.10791778564453,207.6282958984375,913.7686767578125,0.3161
9,9,262,-69.5831298828125,207.21298217773438,915.1126098632812,0.2698
9,9,263,-70.82621002197266,206.67172241210938,916.643310546875,0.1778
9,9,264,-71.5850830078125,205.7433624267578,918.4803466796875,0.2192
9,9,265,-71.90037536621094,204.8503875732422,920.43115234375,0.1433
9,9,266,-71.7321548461914,203.91009521484375,922.4110107421875,0.0692
9,9,267,-71.18899536132812,203.02481079101562,924.327392578125,0.0785
9,9,268,-70.34976196289062,202.0635986328125,926.1388549804688,0.1431
9,9,269,-69.51190948486328,201.09457397460938,927.9500732421875,0.1497
9,9,270,-68.45438385009766,200.17152404785156,929.6434936523438,0.1851
9,9,271,-67.16751861572266,199.3895263671875,931.1641845703125,0.2249
9,9,272,-65.64031219482422,198.55905151367188,932.4134521484375,0.2148
9,9,273,-63.87606430053711,197.8295135498047,933.27978515625,0.227
9,9,274,-61.88175964355469,197.57955932617188,933.3749389648438,0.1703
9,9,275,-60.06454086303711,197.7609405517578,932.6373291015625,0.1087
9,9,276,-58.574676513671875,198.09091186523438,931.3907470703125,0.0973
9,9,277,-57.449066162109375,198.5611114501953,929.7561645507812,0.1285
9,9,278,-56.912559509277344,199.18966674804688,927.8330688476562,0.1315
9,9,279,-56.491580963134766,199.83999633789062,925.8834228515625,0.2008
9,9,280,-56.227439880371094,200.4499969482422,923.9097290039062,0.1313
9,9,281,-55.95633316040039,201.21363830566406,921.9597778320312,0.1753
9,9,282,-54.68211364746094,201.7891082763672,920.5921020507812,0.1063
9,9,283,-52.826908111572266,201.4646759033203,920.9275512695312,0.227
9,9,284,-51.829811096191406,200.62570190429688,922.6232299804688,0.3888
9,9,285,-51.74797058105469,199.9964599609375,924.6099853515625,0.3205
9,9,286,-52.2143440246582,199.40997314453125,926.5503540039062,0.2095
9,9,287,-52.267356872558594,198.53184509277344,928.546142578125,0.279
9,9,288,-51.74826431274414,197.4751434326172,930.4656982421875,0.2189
9,9,289,-50.63627624511719,196.51739501953125,932.0911865234375,0.1769
9,9,290,-49.0718994140625,195.6947784423828,933.2760620117188,0.2365
9,9,291,-47.200103759765625,195.094482421875,933.7977294921875,0.3079
9,9,292,-45.22469711303711,194.84918212890625,933.6175537109375,0.3408
9,9,293,-43.29157638549805,194.6522674560547,933.1272583007812,0.2895
9,9,294,-41.40040969848633,194.629150390625,932.4903564453125,0.2103
9,9,295,-39.544960021972656,194.527099609375,931.7547607421875,0.1401
9,9,296,-37.716060638427734,194.5201416015625,930.9544067382812,0.1115
9,9,297,-35.91374969482422,194.37393188476562,930.0964965820312,0.0838
9,9,298,-34.16652297973633,194.44740295410156,929.1336669921875,0.0495
9,9,299,-32.549163818359375,194.80728149414062,927.9730224609375,0.2274
9,9,300,-31.196088790893555,195.36012268066406,926.5231323242188,0.3978
9,9,301,-30.271770477294922,196.0826416015625,924.775146484375,0.3841
9,9,302,-29.92116928100586,196.9693145751953,922.8333129882812,0.3198
9,9,303,-30.29950523376465,197.90243530273438,920.908935546875,0.257
9,9,304,-31.385723114013672,198.7828826904297,919.2766723632812,0.3078
9,9,305,-32.99364471435547,199.48434448242188,918.1512451171875,0.1465
9,9,306,-34.87995529174805,200.01766967773438,917.5667114257812,0.2352
9,9,307,-36.86016845703125,200.3135986328125,917.3421630859375,0.3033
9,9,308,-38.83595657348633,200.558837890625,917.12158203125,0.2651
9,9,309,-40.68803787231445,200.92652893066406,916.4571533203125,0.4079
9,9,310,-42.103179931640625,201.41537475585938,915.1168823242188,0.4568
9,9,311,-42.65927505493164,201.891845703125,913.261474609375,0.5776
9,9,312,-42.1833610534668,202.25167846679688,911.3822021484375,0.4729
9,9,313,-40.91250991821289,202.611572265625,909.8876953125,0.4264
9,9,314,-39.24299621582031,202.79779052734375,908.805419921875,0.2888
9,9,315,-37.476837158203125,202.79339599609375,907.88134765625,0.3257
9,9,316,-35.881893157958984,202.74386596679688,906.7021484375,0.1937
9,9,317,-34.823387145996094,202.89727783203125,905.04052734375,0.1718
9,9,318,-34.73941421508789,203.1248779296875,903.0875854492188,0.1711
9,9,319,-35.639686584472656,203.22927856445312,901.3418579101562,0.1844
9,9,320,-37.1202278137207,203.28248596191406,900.0149536132812,0.2149
9,9,321,-38.79688262939453,203.49473571777344,898.9326782226562,0.1388
9,9,322,-40.37680435180664,203.86593627929688,897.7155151367188,0.1226
9,9,323,-41.64783477783203,204.15762329101562,896.1758422851562,0.2056
9,9,324,-42.465980529785156,204.5404510498047,894.35791015625,0.0644
9,9,325,-42.82405471801758,204.59164428710938,892.4010620117188,0.23
9,9,326,-42.768367767333984,204.58389282226562,890.4136962890625,0.3305
9,9,327,-42.358394622802734,204.37306213378906,888.468017578125,0.413
9,9,328,-41.64546203613281,203.78948974609375,886.6107788085938,0.364
9,9,329,-40.671207427978516,203.17788696289062,884.875,0.1841
9,9,330,-39.47135543823242,202.60414123535156,883.28515625,0.1318
9,9,331,-38.07884979248047,202.12417602539062,881.8592529296875,0.2721
9,9,332,-36.52480697631836,201.59207153320312,880.6093139648438,0.3412
9,9,333,-34.837947845458984,201.20974731445312,879.543212890625,0.3222
9,9,334,-33.043888092041016,200.851318359375,878.6672973632812,0.163
9,9,335,-31.162296295166016,200.49710083007812,878.0000610351562,0.0888
9,9,336,-29.223691940307617,200.19015502929688,877.5267944335938,0.1767
9,9,337,-27.248376846313477,199.9676971435547,877.2482299804688,0.2242
9,9,338,-25.25579261779785,199.85406494140625,877.1637573242188,0.1662
9,9,339,-23.264612197875977,199.65335083007812,877.2719116210938,0.2071
9,9,340,-21.29317283630371,199.22499084472656,877.5706176757812,0.2987
9,9,341,-19.359834671020508,199.152587890625,878.0577392578125,0.2439
9,9,342,-17.483192443847656,199.4346466064453,878.7306518554688,0.3302
9,9,343,-15.681913375854492,199.9080810546875,879.5855712890625,0.29
9,9,344,-13.9752779006958,200.38145446777344,880.6167602539062,0.1878
9,9,345,-12.382696151733398,200.59376525878906,881.8174438476562,0.2376
9,9,346,-10.924646377563477,200.84376525878906,883.1793823242188,0.272
9,9,347,-9.622246742248535,200.74542236328125,884.6921997070312,0.2198
9,9,348,-8.514286994934082,200.49758911132812,886.3530883789062,0.1393
9,9,349,-7.617115497589111,200.15029907226562,888.13525390625,0.1407
9,9,350,-6.9523091316223145,199.8279571533203,890.0149536132812,0.1327
9,9,351,-6.545218467712402,199.7011260986328,891.9649658203125,0.2055
9,9,352,-6.420709133148193,199.52206420898438,893.9512939453125,0.1562
9,9,353,-6.6020660400390625,199.3424072265625,895.9313354492188,0.0901
9,9,354,-7.1098713874816895,199.13507080078125,897.8522338867188,0.2629
9,9,355,-7.959681987762451,199.05126953125,899.6475830078125,0.1824
9,9,356,-9.1593017578125,198.84442138671875,901.2320556640625,0.1644
9,9,357,-10.700774192810059,198.754150390625,902.4910278320312,0.2452
9,9,358,-12.53309154510498,198.893310546875,903.2802124023438,0.0516
9,9,359,-14.521415710449219,199.1187744140625,903.4608764648438,0.1904
9,9,360,-16.48140525817871,199.3983612060547,903.0966796875,0.2946
9,9,361,-18.37416648864746,199.85867309570312,902.4674682617188,0.3499
9,9,362,-20.32086753845215,200.33387756347656,902.0397338867188,0.2452
9,9,363,-22.301565170288086,200.7981719970703,902.0825805664062,0.2338
9,9,364,-24.184226989746094,201.15438842773438,902.6814575195312,0.1076
9,9,365,-25.834575653076172,201.406494140625,903.7696533203125,0.1347
9,9,366,-27.173980712890625,201.35028076171875,905.2277221679688,0.1426
9,9,367,-28.163373947143555,201.31546020507812,906.946044921875,0.0674
9,9,368,-28.77972412109375,201.0410614013672,908.833984375,0.0715
9,9,369,-29.008033752441406,200.59963989257812,910.8108520507812,0.1025
9,9,370,-28.846900939941406,199.9809112548828,912.7990112304688,0.2009
9,9,371,-28.308006286621094,199.44949340820312,914.7213745117188,0.3475
9,9,372,-27.483060836791992,198.81417846679688,916.5382080078125,0.3901
9,9,373,-26.48680877685547,198.25135803222656,918.2672729492188,0.4564
9,9,374,-25.322664260864258,197.32208251953125,919.8880004882812,0.523
9,9,375,-23.910343170166016,196.27230834960938,921.2962646484375,0.4673
9,9,376,-22.22138214111328,195.35316467285156,922.357421875,0.3351
9,9,377,-20.362821578979492,194.53091430664062,923.08544921875,0.2066
9,9,378,-18.435476303100586,193.77542114257812,923.6057739257812,0.0895
9,9,379,-16.474849700927734,193.11431884765625,923.9827270507812,0.0971
9,9,380,-14.490735054016113,192.71060180664062,924.20458984375,0.1743
9,9,381,-12.494632720947266,192.50428771972656,924.226806640625,0.1683
9,9,382,-10.514674186706543,192.3494110107422,923.9776611328125,0.1352
9,9,383,-8.628976821899414,192.14369201660156,923.3303833007812,0.1309
9,9,384,-7.1040568351745605,192.06561279296875,922.0540161132812,0.1459
9,9,385,-6.264370918273926,192.41445922851562,920.2467041015625,0.259
9,9,386,-5.977657794952393,193.29319763183594,918.2708740234375,0.1664
9,9,387,-5.652459621429443,194.3023223876953,916.3010864257812,0.1504
9,9,388,-5.595382213592529,195.39305114746094,914.3106689453125,0.1034
9,9,389,-5.969368934631348,196.31964111328125,912.3690185546875,0.1236
9,9,390,-6.397551536560059,197.07400512695312,910.4231567382812,0.1126
9,9,391,-6.237133026123047,197.3717041015625,908.4683227539062,0.1957
9,9,392,-5.165363311767578,197.50180053710938,906.84912109375,0.2532
9,9,393,-3.4165706634521484,197.47140502929688,905.9795532226562,0.339
9,9,394,-1.4527051448822021,197.07955932617188,905.9114990234375,0.1803
9,9,395,0.4325324594974518,196.49441528320312,906.4856567382812,0.1361
9,9,396,2.0986673831939697,195.68153381347656,907.5455932617188,0.2032
9,9,397,3.451462984085083,194.7020721435547,908.9865112304688,0.1584
9,9,398,2.3062167167663574,194.14059448242188,911.35400390625,0.3223
9,9,399,1.661150336265564,193.9931640625,912.2745361328125,0.351
9,9,400,3.845802068710327,192.1593017578125,914.5197143554688,0.2997
9,9,401,2.456892967224121,191.99447631835938,915.9539184570312,0.3457
9,9,402,0.8411281108856201,191.9855194091797,917.1182861328125,0.3787
9,9,403,-0.496773362159729,191.71360778808594,918.5702514648438,0.3134
9,9,404,-1.225415587425232,191.18760681152344,920.3789672851562,0.2066
9,9,405,-3.491041660308838,190.85267639160156,923.6500244140625,0.0768
9,9,406,-0.49927273392677307,190.09091186523438,925.057861328125,0.1016
9,9,407,2.644294500350952,189.65890502929688,923.423583984375,0.2716
9,9,408,4.502753257751465,189.74212646484375,921.9088745117188,0.157
9,9,409,5.985082626342773,189.45912170410156,922.7244262695312,0.2939
9,9,410,8.387051582336426,188.9169158935547,925.01220703125,0.4442
9,9,411,11.282977104187012,188.73483276367188,926.11083984375,0.553
9,9,412,13.002364158630371,188.81008911132812,924.5687255859375,0.3893
9,9,413,13.21929931640625,189.4226837158203,921.2198486328125,0.1719
9,9,414,13.521186828613281,189.85911560058594,918.0968017578125,0.0638
9,9,415,15.259905815124512,189.6097869873047,917.017578125,0.0892
9,9,416,18.27052116394043,189.25088500976562,917.9956665039062,0.1529
9,9,417,21.61056900024414,188.76824951171875,918.763671875,0.2832
9,9,418,23.81975555419922,188.576171875,916.6289672851562,0.2135
9,9,419,22.046913146972656,189.12814331054688,913.5084838867188,0.4536
9,9,420,18.828569412231445,189.61936950683594,913.1923828125,0.4396
9,9,421,17.1889591217041,189.93353271484375,912.6173706054688,0.3884
9,9,422,17.013900756835938,190.59344482421875,909.9267578125,0.1617
9,9,423,17.377532958984375,192.01962280273438,906.4014892578125,0.1613
9,9,424,16.14766502380371,193.1806640625,904.123291015625,0.2493
9,9,425,13.60246753692627,193.2751922607422,904.623291015625,0.3368
9,9,426,10.151936531066895,193.732177734375,905.3276977539062,0.3124
9,9,427,10.451427459716797,195.0552978515625,902.6416015625,0.3393
9,9,428,10.351835250854492,195.80287170410156,900.6475830078125,0.5213
9,9,429,11.13487720489502,196.18099975585938,898.814453125,0.4485
9,9,430,12.631667137145996,196.36117553710938,897.5097045898438,0.2492
9,9,431,14.621393203735352,195.7484130859375,899.0485229492188,0.1878
9,9,432,16.778017044067383,196.61895751953125,896.7116088867188,0.1991
9,9,433,20.247190475463867,196.50538635253906,896.8473510742188,0.4496
9,9,434,21.0736141204834,195.52696228027344,899.60205078125,0.4597
9,9,435,19.06123924255371,194.0879364013672,902.4124755859375,0.1333
9,9,436,17.72606658935547,192.4445343017578,905.5188598632812,0.1787
9,9,437,19.461393356323242,191.45323181152344,907.5610961914062,0.1666
9,9,438,22.775197982788086,191.63941955566406,907.0836181640625,0.1144
9,9,439,24.982345581054688,192.54556274414062,905.2095336914062,0.2618
9,9,440,25.848222732543945,192.71458435058594,904.7630615234375,0.2662
9,9,441,28.1198673248291,191.57394409179688,906.075439453125,0.2897
9,9,442,29.997249603271484,191.675537109375,905.3364868164062,0.1426
9,9,443,31.430561065673828,192.25657653808594,903.9490966796875,0.099
9,9,444,32.717201232910156,193.09178161621094,902.4244995117188,0.0142
9,9,445,33.836177825927734,193.79824829101562,900.773193359375,0.0882
9,9,446,34.759822845458984,194.24415588378906,899.0056762695312,0.1012
9,9,447,35.47553253173828,194.72219848632812,897.14404296875,0.1492
9,9,448,35.99591064453125,195.29861450195312,895.2181396484375,0.2277
9,9,449,36.354061126708984,195.84690856933594,893.2549438476562,0.3135
9,9,450,36.58535385131836,196.26239013671875,891.2724609375,0.1816
9,9,451,36.7072639465332,196.58457946777344,889.2802124023438,0.0683
9,9,452,36.69542694091797,196.80148315429688,887.2846069335938,0.2266
9,9,453,36.44230270385742,196.8183135986328,885.3078002929688,0.1828
9,9,454,35.67158126831055,196.8835906982422,883.4839477539062,0.1152
9,9,455,34.12355422973633,197.19834899902344,882.2994384765625,0.0838
9,9,456,32.26509475708008,197.38890075683594,881.6763916015625,0.1535
9,9,457,30.28888511657715,197.2824249267578,881.4378662109375,0.1766
9,9,458,28.292884826660156,197.20626831054688,881.4844360351562,0.3999
9,9,459,26.432130813598633,197.3418426513672,882.1796264648438,0.5147
9,9,460,24.8431453704834,197.4705810546875,883.3389282226562,0.466
9,9,461,23.495960235595703,197.499755859375,884.8046875,0.359
9,9,462,22.350204467773438,197.51573181152344,886.4337768554688,0.1364
9,9,463,21.21215057373047,197.5516815185547,888.0536499023438,0.142
9,9,464,19.61479949951172,197.641845703125,889.1627197265625,0.419
9,9,465,17.68804168701172,197.94149780273438,889.3157958984375,0.4115
9,9,466,15.935933113098145,198.17474365234375,888.4838256835938,0.5309
9,9,467,14.763321876525879,198.25473022460938,886.9351806640625,0.3741
9,9,468,14.419301986694336,198.40353393554688,885.0239868164062,0.2298
9,9,469,14.951845169067383,198.36807250976562,883.1470336914062,0.2802
9,9,470,16.146211624145508,198.2341766357422,881.5740356445312,0.2984
9,9,471,17.692197799682617,197.97439575195312,880.3140258789062,0.4356
9,9,472,19.303142547607422,197.7019500732422,879.1466064453125,0.4594
9,9,473,21.52768325805664,197.48065185546875,877.8577880859375,0.3962
9,9,474,23.12888526916504,197.03778076171875,874.88916015625,0.3991
9,9,475,21.253721237182617,197.29058837890625,872.8510131835938,0.5617
9,9,476,17.830760955810547,198.12176513671875,872.5628051757812,0.5184
9,9,477,15.384848594665527,198.66014099121094,873.04541015625,0.3855
9,9,478,14.677553176879883,198.70730590820312,872.109375,0.3351
9,9,479,13.225547790527344,198.51123046875,869.4285278320312,0.3513
9,9,480,10.014446258544922,198.42201232910156,868.2918090820312,0.46
9,9,481,8.15978717803955,199.26202392578125,870.123779296875,0.4906
9,9,482,8.679553985595703,199.54527282714844,873.3732299804688,0.3925
9,9,483,7.285315036773682,199.57257080078125,874.7932739257812,0.4495
9,9,484,5.5245866775512695,199.58946228027344,875.7344970703125,0.4263
9,9,485,3.5610015392303467,199.60662841796875,876.0866088867188,0.4891
9,9,486,1.5799463987350464,199.65945434570312,875.895263671875,0.451
9,9,487,-0.30332738161087036,199.93185424804688,875.259033203125,0.4405
9,9,488,-2.0291664600372314,200.219970703125,874.2726440429688,0.6186
9,9,489,-3.5656657218933105,200.2789764404297,873.0103149414062,0.6257
9,9,490,-4.89596700668335,200.28958129882812,871.5303955078125,0.6285
9,9,491,-6.01170539855957,200.30923461914062,869.8807983398438,0.6277
9,9,492,-6.91010046005249,200.46759033203125,868.101806640625,0.6932
9,9,493,-7.591586589813232,200.75425720214844,866.2276611328125,0.6963
9,9,494,-8.058866500854492,200.91458129882812,864.2879638671875,0.6551
9,9,495,-8.315943717956543,200.93319702148438,862.3082885742188,0.5727
9,9,496,-8.353256225585938,200.86593627929688,860.3120727539062,0.4506
9,9,497,-8.189189910888672,200.571044921875,858.3231201171875,0.3076
9,9,498,-7.833183288574219,200.33724975585938,856.3600463867188,0.4401
9,9,499,-7.291942596435547,200.57923889160156,854.4403076171875,0.3212
9,9,500,-6.572660446166992,200.86959838867188,852.5801391601562,0.3694
9,9,501,-5.683370113372803,200.863525390625,850.79541015625,0.3396
9,9,502,-4.632513046264648,200.53184509277344,849.100830078125,0.2717
9,9,503,-3.429807186126709,200.1165771484375,847.51025390625,0.2577
9,9,504,-2.0860652923583984,199.51522827148438,846.036865234375,0.2171
9,9,505,-0.612407386302948,198.76602172851562,844.6929931640625,0.2012
9,9,506,0.9792564511299133,198.04380798339844,843.4908447265625,0.1946
9,9,507,2.6767609119415283,197.4472198486328,842.4424438476562,0.1939
9,9,508,4.466767311096191,196.5721893310547,841.5601806640625,0.2741
9,9,509,6.336167335510254,195.48768615722656,840.859375,0.348
9,9,510,8.273100852966309,194.62802124023438,840.3759765625,0.4851
9,9,511,10.373590469360352,194.9830780029297,842.0496215820312,0.6773
9,9,512,12.033833503723145,195.13534545898438,843.09326171875,0.6311
9,9,513,13.96094799041748,194.50384521484375,841.6615600585938,0.3689
9,9,514,16.603775024414062,193.82919311523438,839.4034423828125,0.147
9,9,515,19.092405319213867,193.3843994140625,838.755126953125,0.2073
9,9,516,20.611486434936523,193.5365753173828,840.8516845703125,0.1969
9,9,517,20.880882263183594,194.22412109375,844.3219604492188,0.1006
9,9,518,20.93410873413086,194.82945251464844,846.672607421875,0.1032
9,9,519,22.619779586791992,194.54443359375,847.2687377929688,0.2099
9,9,520,25.95408821105957,193.97174072265625,847.6869506835938,0.2622
9,9,521,28.587862014770508,193.89694213867188,849.312744140625,0.3605
9,9,522,28.295001983642578,193.91281127929688,851.942626953125,0.3436
9,9,523,25.298616409301758,194.19802856445312,853.7078247070312,0.3841
9,9,524,22.61625862121582,194.79498291015625,853.7789916992188,0.1743
9,9,525,21.744413375854492,195.0093231201172,854.6629028320312,0.2163
9,9,526,21.33734893798828,195.1527099609375,857.6815185546875,0.1316
9,9,527,21.13079261779785,195.5421142578125,860.7274780273438,0.2123
9,9,528,20.361574172973633,195.9102325439453,861.7212524414062,0.146
9,9,529,17.711454391479492,196.36007690429688,861.9177856445312,0.1093
9,9,530,14.96146011352539,197.12527465820312,864.1292724609375,0.1874
9,9,531,15.465312957763672,197.8843994140625,867.063232421875,0.3303
9,9,532,18.590084075927734,197.25416564941406,867.6585083007812,0.2181
9,9,533,22.013580322265625,196.66506958007812,866.9957885742188,0.0857
9,9,534,24.2540340423584,196.34024047851562,867.7294311523438,0.1031
9,9,535,24.446613311767578,196.3213348388672,870.515869140625,0.1994
9,9,536,23.16329002380371,196.91110229492188,873.7993774414062,0.4658
9,9,537,23.315420150756836,197.19017028808594,876.6854248046875,0.2572
9,9,538,26.537919998168945,196.78729248046875,877.318603515625,0.3088
9,9,539,28.996023178100586,196.58990478515625,874.8096923828125,0.2541
9,9,540,29.448383331298828,196.35107421875,872.975830078125,0.2212
9,9,541,30.720918655395508,196.42311096191406,872.944580078125,0.1824
9,9,542,33.99539566040039,196.30194091796875,872.5932006835938,0.1826
9,9,543,36.60440444946289,196.0419464111328,871.2987670898438,0.1824
9,9,544,36.63496017456055,195.656494140625,869.2205200195312,0.0896
9,9,545,34.776527404785156,195.43368530273438,866.4500122070312,0.1281
9,9,546,33.52546691894531,195.74261474609375,863.5930786132812,0.1666
9,9,547,34.70820236206055,195.54278564453125,861.7933349609375,0.3088
9,9,548,37.92259216308594,195.2858123779297,861.2976684570312,0.3321
9,9,549,41.140323638916016,195.23538208007812,860.7911376953125,0.2273
9,9,550,42.33096694946289,194.83721923828125,858.9234619140625,0.2688
9,9,551,40.97197341918945,194.4424591064453,856.0595703125,0.2854
9,9,552,38.67607498168945,194.10012817382812,853.8884887695312,0.4942
9,9,553,38.0120849609375,194.03347778320312,852.9342041015625,0.431
9,9,554,39.12851333618164,193.8898162841797,850.9213256835938,0.3443
9,9,555,38.80017852783203,193.85760498046875,847.4419555664062,0.2007
9,9,556,36.41963195800781,193.8289794921875,845.972412109375,0.3128
9,9,557,34.23202133178711,193.88345336914062,847.6596069335938,0.4354
9,9,558,31.717504501342773,193.90155029296875,850.1915283203125,0.4776
9,9,559,28.53583335876465,193.90280151367188,850.2183227539062,0.3659
9,9,560,27.662635803222656,193.87977600097656,847.0840454101562,0.3102
9,9,561,29.718238830566406,193.3872528076172,844.2908935546875,0.0914
9,9,562,31.477642059326172,193.25070190429688,843.3114013671875,0.0393
9,9,563,31.15644645690918,193.01031494140625,841.8179321289062,0.0715
9,9,564,30.10655975341797,192.23043823242188,838.6328735351562,0.3562
9,9,565,30.102529525756836,191.335205078125,835.6473999023438,0.3083
9,9,566,33.627838134765625,191.40293884277344,836.4279174804688,0.2442
10,10,0,33.30164337158203,194.48635864257812,836.8857421875,0.2121
10,10,1,35.09075927734375,194.2452850341797,835.9982299804688,0.2664
10,10,2,36.69481658935547,193.96603393554688,834.8179321289062,0.2445
10,10,3,37.5711784362793,193.52639770507812,833.0615844726562,0.2642
10,10,4,37.4178466796875,192.92495727539062,831.097412109375,0.1074
10,10,5,36.59004592895508,192.26068115234375,829.2904052734375,0.0864
10,10,6,35.4224853515625,191.82046508789062,827.6749267578125,0.1987
10,10,7,34.0411262512207,191.39747619628906,826.2354736328125,0.3508
10,10,8,32.48243713378906,191.06861877441406,824.9888305664062,0.33
10,10,9,30.724489212036133,190.383056640625,824.0545654296875,0.3608
10,10,10,28.922189712524414,190.14157104492188,824.2425537109375,0.4155
10,10,11,28.636037826538086,190.99839782714844,826.0902099609375,0.521
10,10,12,28.860496520996094,191.80198669433594,828.0716552734375,0.4339
10,10,13,28.965648651123047,192.32359313964844,830.0473022460938,0.3062
10,10,14,25.761152267456055,193.19436645507812,831.1655883789062,0.2224
10,10,15,26.7681941986084,193.67372131347656,833.19677734375,0.227
10,10,16,27.755674362182617,194.6690673828125,836.50048828125,0.3099
10,10,17,26.79770278930664,195.46170043945312,839.2080688476562,0.4338
10,10,18,23.807538986206055,195.67982482910156,839.168701171875,0.3946
10,10,19,21.440128326416016,195.40306091308594,836.6154174804688,0.443
10,10,20,20.559560775756836,194.8411865234375,834.6812133789062,0.3758
10,10,21,19.0931453704834,194.94491577148438,834.949951171875,0.3946
10,10,22,15.826241493225098,194.85890197753906,835.2537231445312,0.1593
10,10,23,13.232178688049316,193.83518981933594,832.9899291992188,0.1259
10,10,24,14.613741874694824,192.38943481445312,829.9996337890625,0.1095
10,10,25,18.198244094848633,192.52996826171875,830.0892944335938,0.2804
10,10,26,21.16374397277832,193.5283660888672,831.2352905273438,0.3104
10,10,27,23.230186462402344,192.67581176757812,829.3600463867188,0.5455
10,10,28,22.234392166137695,190.7782745361328,826.0043334960938,0.6006
10,10,29,20.16636848449707,188.9331512451172,823.6393432617188,0.1039
10,10,30,20.20579719543457,187.359130859375,821.6883544921875,0.1293
10,10,31,23.234241485595703,186.7359619140625,820.1185913085938,0.2862
10,10,32,23.165992736816406,185.62782287597656,818.1373901367188,0.2834
10,10,33,22.385068893432617,184.59324645996094,816.3417358398438,0.0723
10,10,34,20.94859504699707,183.79946899414062,814.973388671875,0.1486
10,10,35,19.243515014648438,183.374267578125,813.9431762695312,0.1898
10,10,36,17.41030502319336,183.27456665039062,813.1558837890625,0.2208
10,10,37,15.510913848876953,183.31130981445312,812.5411987304688,0.2621
10,10,38,13.574667930603027,183.22801208496094,812.053955078125,0.3028
10,10,39,11.61230754852295,182.95016479492188,811.686279296875,0.4488
10,10,40,9.627427101135254,182.87034606933594,811.4722290039062,0.3574
10,10,41,7.631324291229248,182.76358032226562,811.5083618164062,0.3876
10,10,42,5.7424139976501465,182.9915008544922,812.0857543945312,0.3187
10,10,43,4.888421058654785,183.63784790039062,813.683349609375,0.2467
10,10,44,5.537210941314697,184.31689453125,815.5150146484375,0.1981
10,10,45,6.551138401031494,184.99786376953125,817.2294311523438,0.1016
10,10,46,5.133078575134277,186.5152587890625,819.5228271484375,0.0456
10,10,47,7.803678512573242,186.8909149169922,821.1429443359375,0.2233
10,10,48,8.848822593688965,188.87606811523438,824.3551025390625,0.2508
10,10,49,6.7906694412231445,190.5086669921875,826.239501953125,0.0878
10,10,50,3.5200424194335938,190.1916961669922,825.229248046875,0.3139
10,10,51,1.598334550857544,190.64637756347656,825.6497802734375,0.5789
10,10,52,-0.3329627215862274,190.7019500732422,825.1862182617188,0.4783
10,10,53,-1.5988670587539673,189.95457458496094,823.6415405273438,0.2669
10,10,54,-1.8091965913772583,189.02467346191406,821.6592407226562,0.24
10,10,55,-1.378922700881958,187.781982421875,819.718505859375,0.0491
10,10,56,-1.1686187982559204,186.60516357421875,817.735595703125,0.1574
10,10,57,-1.494327187538147,185.62940979003906,815.785400390625,0.1615
10,10,58,-2.5791549682617188,185.08985900878906,814.1661376953125,0.2436
10,10,59,-4.302978992462158,185.06161499023438,813.25732421875,0.2784
10,10,60,-6.262458324432373,185.30726623535156,813.0943603515625,0.2714
10,10,61,-8.212169647216797,185.73182678222656,813.450927734375,0.3097
10,10,62,-10.07669734954834,186.3370361328125,814.1485595703125,0.3562
10,10,63,-11.924087524414062,186.98187255859375,814.8961181640625,0.2262
10,10,64,-13.847070693969727,187.50946044921875,815.4288330078125,0.1954
10,10,65,-15.794257164001465,188.13368225097656,815.872802734375,0.2564
10,10,66,-17.72496795654297,189.27784729003906,816.3802490234375,0.099
10,10,67,-19.596765518188477,190.68511962890625,817.0673828125,0.0836
10,10,68,-21.346628189086914,192.83424377441406,818.0157470703125,0.1648
10,10,69,-22.87157440185547,195.45538330078125,819.2855224609375,0.1149
10,10,70,-23.984914779663086,197.20217895507812,820.912109375,0.2513
10,10,71,-24.3802490234375,198.4424285888672,822.81591796875,0.3614
10,10,72,-23.70238494873047,199.19802856445312,824.5993041992188,0.2248
10,10,73,-22.07261848449707,199.28675842285156,825.5982666015625,0.1487
10,10,74,-20.116147994995117,198.78179931640625,825.7460327148438,0.1369
10,10,75,-18.12647247314453,198.37086486816406,825.8273315429688,0.1915
10,10,76,-16.294462203979492,197.91848754882812,826.4696044921875,0.1841
10,10,77,-15.057530403137207,198.1150665283203,827.9013061523438,0.2874
10,10,78,-14.765435218811035,198.96153259277344,829.8208618164062,0.1725
10,10,79,-15.300657272338867,199.98985290527344,831.703369140625,0.1653
10,10,80,-16.51445770263672,201.25108337402344,833.2540893554688,0.3204
10,10,81,-18.199260711669922,202.27626037597656,834.3135375976562,0.3295
10,10,82,-20.114898681640625,202.8482666015625,834.8782958984375,0.3702
10,10,83,-22.079275131225586,203.30661010742188,835.229248046875,0.3209
10,10,84,-23.970556259155273,203.98655700683594,835.8322143554688,0.4098
10,10,85,-25.336307525634766,204.79815673828125,837.1183471679688,0.2624
10,10,86,-25.648296356201172,205.71469116210938,839.0306396484375,0.1975
10,10,87,-25.184993743896484,206.373046875,840.9466552734375,0.2562
10,10,88,-24.23712158203125,206.53390502929688,842.6861572265625,0.2939
10,10,89,-23.003582000732422,206.2628173828125,844.2520141601562,0.2251
10,10,90,-21.722936630249023,205.9886474609375,845.7778930664062,0.2465
10,10,91,-20.752824783325195,205.7211151123047,847.5009155273438,0.2554
10,10,92,-20.52538299560547,205.71456909179688,849.4411010742188,0.2539
10,10,93,-21.395034790039062,206.16387939453125,851.157958984375,0.2943
10,10,94,-23.099782943725586,206.5320587158203,852.0809326171875,0.0931
10,10,95,-25.07101821899414,206.98312377929688,852.2732543945312,0.0862
10,10,96,-27.066049575805664,207.18716430664062,852.2091064453125,0.0797
10,10,97,-29.046110153198242,207.0672149658203,852.3511352539062,0.0378
10,10,98,-30.8940486907959,206.593017578125,853.0413208007812,0.0454
10,10,99,-32.20954513549805,205.91964721679688,854.4817504882812,0.3398
10,10,100,-32.53582763671875,205.21649169921875,856.3995971679688,0.3215
10,10,101,-31.984294891357422,204.7534637451172,858.2987060546875,0.4231
10,10,102,-31.067716598510742,204.46517944335938,860.0728759765625,0.4163
10,10,103,-30.245372772216797,204.1520538330078,861.8875122070312,0.3222
10,10,104,-29.782123565673828,203.8474578857422,863.8294067382812,0.412
10,10,105,-29.934354782104492,203.96044921875,865.8207397460938,0.5485
10,10,106,-30.712589263916016,203.7936248779297,867.6503295898438,0.533
10,10,107,-32.047454833984375,203.93946838378906,869.11279296875,0.38
10,10,108,-33.80034255981445,204.14447021484375,870.0186157226562,0.3366
10,10,109,-35.75746154785156,204.5145721435547,870.2200927734375,0.272
10,10,110,-37.66685104370117,204.8041229248047,869.732421875,0.1239
10,10,111,-39.42502975463867,204.83399963378906,868.8057250976562,0.0527
10,10,112,-41.17522430419922,205.0734405517578,867.8505249023438,0.1365
10,10,113,-43.06376266479492,205.45526123046875,867.30859375,0.1148
10,10,114,-44.966827392578125,205.6650390625,867.6285400390625,0.1539
10,10,115,-46.43309020996094,205.94395446777344,868.8897705078125,0.2467
10,10,116,-47.222686767578125,206.11512756347656,870.6865844726562,0.263
10,10,117,-47.26460266113281,206.348388671875,872.6437377929688,0.263
10,10,118,-46.7168083190918,206.50299072265625,874.5501708984375,0.4384
10,10,119,-46.04836654663086,206.67164611816406,876.4298706054688,0.5137
10,10,120,-45.672454833984375,206.46510314941406,878.3745727539062,0.5033
10,10,121,-45.82231521606445,206.23556518554688,880.3422241210938,0.4853
10,10,122,-46.56595230102539,206.39137268066406,882.173583984375,0.245
10,10,123,-47.81984329223633,206.9968719482422,883.71142578125,0.2234
10,10,124,-49.44564437866211,207.7334747314453,884.8641967773438,0.1429
10,10,125,-51.32133102416992,208.5908203125,885.5502319335938,0.2729
10,10,126,-53.30340576171875,209.29994201660156,885.750732421875,0.4271
10,10,127,-55.26982498168945,209.9532928466797,885.4799194335938,0.5779
10,10,128,-57.092411041259766,210.65951538085938,884.7125854492188,0.6444
10,10,129,-58.59096145629883,211.20506286621094,883.4366455078125,0.6596
10,10,130,-59.57087707519531,211.55018615722656,881.7345581054688,0.5256
10,10,131,-60.05645751953125,211.72653198242188,879.8109130859375,0.3377
10,10,132,-60.17506408691406,211.7181396484375,877.824951171875,0.2318
10,10,133,-59.846126556396484,211.28973388671875,875.8837890625,0.31
10,10,134,-58.85627746582031,210.43418884277344,874.1878051757812,0.271
10,10,135,-57.33296203613281,209.7576446533203,872.9198608398438,0.316
10,10,136,-55.5378532409668,209.10223388671875,872.0546264648438,0.3355
10,10,137,-53.66738510131836,208.541259765625,871.3788452148438,0.14
10,10,138,-52.05104446411133,207.99705505371094,870.2384643554688,0.0934
10,10,139,-50.8023567199707,207.4820556640625,868.6868896484375,0.096
10,10,140,-49.763729095458984,207.12783813476562,866.981689453125,0.0724
10,10,141,-48.77595520019531,206.87765502929688,865.247314453125,0.2112
10,10,142,-47.65966796875,206.71656799316406,863.5927734375,0.2281
10,10,143,-47.05101013183594,206.6258544921875,861.6905517578125,0.1276
10,10,144,-47.148712158203125,206.76292419433594,859.7178955078125,0.1615
10,10,145,-47.8447380065918,207.6069793701172,857.8850708007812,0.2729
10,10,146,-49.03365707397461,209.101806640625,856.3330078125,0.2928
10,10,147,-50.65179443359375,210.4095458984375,855.162353515625,0.2627
10,10,148,-52.62489318847656,211.07986450195312,854.861572265625,0.1553
10,10,149,-54.57478332519531,211.499755859375,855.060791015625,0.169
10,10,150,-56.39878463745117,211.76806640625,855.7843627929688,0.3068
10,10,151,-57.95668029785156,211.758544921875,857.0314331054688,0.4359
10,10,152,-59.44169998168945,211.88719177246094,858.3659057617188,0.4542
10,10,153,-61.020538330078125,212.00558471679688,859.5855102539062,0.644
10,10,154,-62.7237434387207,212.29058837890625,860.6239624023438,0.7507
10,10,155,-64.5280532836914,212.6619873046875,861.475830078125,0.684
10,10,156,-66.39972686767578,213.05172729492188,862.1705322265625,0.6747
10,10,157,-68.29966735839844,213.49856567382812,862.7859497070312,0.5916
10,10,158,-70.17765045166016,213.96871948242188,863.4609375,0.5127
10,10,159,-71.95333099365234,214.15847778320312,864.3568725585938,0.4244
10,10,160,-73.38829040527344,214.2776336669922,865.694091796875,0.4523
10,10,161,-73.94308471679688,214.16273498535156,867.5357055664062,0.4486
10,10,162,-73.51673889160156,213.72923278808594,869.4647216796875,0.3902
10,10,163,-72.53601837158203,213.57284545898438,871.2045288085938,0.1833
10,10,164,-71.13494110107422,213.60211181640625,872.6276245117188,0.4091
10,10,165,-69.25566101074219,213.5087890625,873.1910400390625,0.4241
10,10,166,-67.27490234375,213.3521728515625,873.0564575195312,0.4617
10,10,167,-65.3727798461914,213.0778045654297,873.6024780273438,0.4887
10,10,168,-64.48013305664062,213.23309326171875,875.3797607421875,0.3515
10,10,169,-64.0864486694336,213.40257263183594,877.3377075195312,0.172
10,10,170,-63.69941329956055,213.36965942382812,879.2968139648438,0.1348
10,10,171,-63.66926956176758,213.44400024414062,881.2936401367188,0.2231
10,10,172,-64.03718566894531,213.6559600830078,883.2542724609375,0.3115
10,10,173,-64.88182067871094,214.02850341796875,885.055419921875,0.1938
10,10,174,-66.10526275634766,214.44363403320312,886.623046875,0.1854
10,10,175,-67.602294921875,214.60206604003906,887.9324951171875,0.1065
10,10,176,-69.29969024658203,214.7406005859375,888.9691772460938,0.176
10,10,177,-71.14530181884766,214.92807006835938,889.708984375,0.2372
10,10,178,-73.09100341796875,215.07937622070312,890.1133422851562,0.3782
10,10,179,-75.07842254638672,215.2005157470703,890.1466674804688,0.5402
10,10,180,-77.0475082397461,215.31875610351562,889.835205078125,0.5727
10,10,181,-78.96936798095703,215.18710327148438,889.295166015625,0.7212
10,10,182,-80.84760284423828,214.86746215820312,888.6171875,0.6877
10,10,183,-81.40917205810547,215.2047576904297,885.5337524414062,0.4511
10,10,184,-82.57434844970703,215.04347229003906,884.7042236328125,0.3581
10,10,185,-85.45157623291016,214.07144165039062,885.0828857421875,0.1764
10,10,186,-88.63697052001953,213.66372680664062,883.832275390625,0.1956
10,10,187,-89.30467224121094,214.13150024414062,881.3870849609375,0.3074
10,10,188,-86.99261474609375,214.7517547607422,879.2816772460938,0.3888
10,10,189,-83.96711730957031,215.29852294921875,878.2447509765625,0.3584
10,10,190,-84.81925201416016,215.51089477539062,875.7554321289062,0.4632
10,10,191,-82.9754409790039,215.842529296875,875.171142578125,0.5865
10,10,192,-81.072021484375,216.049072265625,875.6456909179688,0.6361
10,10,193,-79.1166000366211,216.05796813964844,875.95556640625,0.5372
10,10,194,-77.4873046875,215.64193725585938,875.2003173828125,0.4214
10,10,195,-77.44823455810547,215.3618927001953,873.3524169921875,0.2777
10,10,196,-78.03299713134766,215.3267059326172,871.4478759765625,0.3506
10,10,197,-78.72138977050781,215.38070678710938,869.5731811523438,0.2888
10,10,198,-79.4996109008789,215.48057556152344,867.7476806640625,0.2182
10,10,199,-80.87132263183594,215.82069396972656,866.3270263671875,0.0912
10,10,200,-82.82615661621094,216.11627197265625,866.3137817382812,0.0979
10,10,201,-84.62844848632812,216.30361938476562,867.1412353515625,0.0332
10,10,202,-86.20732116699219,216.63392639160156,868.3511962890625,0.1125
10,10,203,-87.54356384277344,216.6834716796875,869.82470703125,0.1497
10,10,204,-88.54059600830078,216.63243103027344,871.5380859375,0.272
10,10,205,-89.1242446899414,216.44947814941406,873.44775390625,0.2588
10,10,206,-87.24140930175781,215.3401336669922,876.3028564453125,0.4886
10,10,207,-90.37344360351562,215.35304260253906,877.2677001953125,0.3499
10,10,208,-93.3616714477539,215.70362854003906,876.7824096679688,0.525
10,10,209,-94.61138916015625,215.69297790527344,877.0004272460938,0.6349
10,10,210,-95.72284698486328,214.85365295410156,879.4917602539062,0.7532
10,10,211,-96.15631866455078,213.93673706054688,882.6163940429688,0.5748
10,10,212,-96.38774108886719,213.66387939453125,884.052734375,0.5552
10,10,213,-99.72330474853516,214.29794311523438,884.0381469726562,0.6122
10,10,214,-100.4453125,214.12693786621094,885.897705078125,0.5586
10,10,215,-100.93475341796875,213.8088836669922,887.831298828125,0.4771
10,10,216,-101.17367553710938,213.617431640625,889.8111572265625,0.4619
10,10,217,-101.13468170166016,213.4250946044922,891.8045654296875,0.4956
10,10,218,-100.80189514160156,213.03970336914062,893.770263671875,0.3985
10,10,219,-100.17543029785156,212.83619689941406,895.662841796875,0.4529
10,10,220,-99.25970458984375,212.58929443359375,897.4330444335938,0.359
10,10,221,-98.0491943359375,212.56356811523438,899.0142822265625,0.1913
10,10,222,-96.53205108642578,212.62127685546875,900.2991333007812,0.1521
10,10,223,-94.733642578125,212.8388214111328,901.1356811523438,0.1187
10,10,224,-92.77155303955078,212.9418487548828,901.3703002929688,0.0626
10,10,225,-90.855712890625,212.98336791992188,900.908935546875,0.2874
10,10,226,-89.24015045166016,213.15077209472656,899.7811279296875,0.5103
10,10,227,-88.05207061767578,213.47061157226562,898.1865844726562,0.5468
10,10,228,-87.12557983398438,213.57872009277344,896.41796875,0.4776
10,10,229,-86.07779693603516,213.77430725097656,894.7211303710938,0.4805
10,10,230,-84.65340423583984,214.16122436523438,893.3211669921875,0.62
10,10,231,-82.79483795166016,214.57684326171875,892.5917358398438,0.7418
10,10,232,-80.80426025390625,214.8223114013672,892.7008056640625,0.6043
10,10,233,-78.98847961425781,214.84487915039062,893.5133056640625,0.5528
10,10,234,-77.5730209350586,214.8289031982422,894.8997192382812,0.5041
10,10,235,-76.77210235595703,214.65420532226562,896.7015380859375,0.5178
10,10,236,-76.73136138916016,214.29441833496094,898.6676025390625,0.4162
10,10,237,-77.44597625732422,214.03231811523438,900.500244140625,0.3944
10,10,238,-78.7023696899414,213.51809692382812,902.0282592773438,0.4413
10,10,239,-80.17940521240234,213.01248168945312,903.3696899414062,0.391
10,10,240,-81.44881439208984,212.84713745117188,904.8780517578125,0.2953
10,10,241,-82.19461822509766,212.5166015625,906.68115234375,0.2754
10,10,242,-82.06647491455078,212.23556518554688,908.5927734375,0.3397
10,10,243,-80.80718994140625,211.64642333984375,910.06201171875,0.4217
10,10,244,-78.93424987792969,211.4358367919922,910.6881713867188,0.3402
10,10,245,-76.94126892089844,211.4398193359375,910.6011352539062,0.3263
10,10,246,-75.06364440917969,211.76535034179688,909.9205932617188,0.123
10,10,247,-73.28430938720703,211.96719360351562,909.0186157226562,0.1955
10,10,248,-71.43089294433594,211.9925079345703,908.2882080078125,0.3026
10,10,249,-69.47557067871094,211.64569091796875,908.059326171875,0.2084
10,10,250,-67.61878967285156,211.09347534179688,908.634765625,0.3342
10,10,251,-66.33308410644531,210.54335021972656,910.076171875,0.4521
10,10,252,-66.12481689453125,209.8687286376953,912.0010986328125,0.4025
10,10,253,-67.05841064453125,209.4921417236328,913.731201171875,0.4019
10,10,254,-68.6025619506836,209.25697326660156,914.9912719726562,0.3449
10,10,255,-69.91678619384766,208.75735473632812,916.4948120117188,0.2365
10,10,256,-70.82270050048828,207.97320556640625,918.2594604492188,0.1846
10,10,257,-71.28893280029297,207.0662078857422,920.1735229492188,0.2012
10,10,258,-71.29894256591797,206.2003631591797,922.151611328125,0.1867
10,10,259,-70.82013702392578,205.3681640625,924.0853881835938,0.3287
10,10,260,-69.7669448852539,204.48150634765625,925.7821655273438,0.2364
10,10,261,-68.6131362915039,203.53123474121094,927.412353515625,0.1871
10,10,262,-67.33197784423828,202.68792724609375,928.9442138671875,0.1113
10,10,263,-65.64173889160156,202.06826782226562,929.986328125,0.2108
10,10,264,-63.76234436035156,201.5099334716797,930.5709228515625,0.1578
10,10,265,-61.816062927246094,201.29519653320312,930.62353515625,0.1838
10,10,266,-58.802616119384766,200.61441040039062,931.705810546875,0.2289
10,10,267,-59.15288543701172,201.8247528076172,928.1084594726562,0.3134
10,10,268,-57.68625259399414,202.13124084472656,926.7713012695312,0.1945
10,10,269,-57.204715728759766,202.61534118652344,924.8456420898438,0.2285
10,10,270,-57.00423049926758,203.3069610595703,922.8641357421875,0.3531
10,10,271,-56.28303527832031,204.07301330566406,921.0386352539062,0.3495
10,10,272,-54.62178421020508,204.3367919921875,920.1251831054688,0.2414
10,10,273,-52.8028450012207,204.01199340820312,920.671630859375,0.1771
10,10,274,-51.6257438659668,203.2235870361328,922.1994018554688,0.0638
10,10,275,-51.195369720458984,202.56854248046875,924.1134643554688,0.1146
10,10,276,-51.34852981567383,202.04273986816406,926.088623046875,0.1741
10,10,277,-51.645103454589844,201.2586669921875,928.053466796875,0.1149
10,10,278,-51.441837310791016,200.29110717773438,930.0091552734375,0.2666
10,10,279,-50.501895904541016,199.37265014648438,931.71435546875,0.2111
10,10,280,-48.88828659057617,198.63523864746094,932.8197021484375,0.245
10,10,281,-46.959693908691406,198.0907440185547,933.2674560546875,0.3616
10,10,282,-44.97087097167969,197.72103881835938,933.2539672851562,0.4639
10,10,283,-43.00972366333008,197.47608947753906,932.9057006835938,0.3735
10,10,284,-41.106746673583984,197.4117431640625,932.3074951171875,0.2505
10,10,285,-39.259674072265625,197.33949279785156,931.5494995117188,0.2705
10,10,286,-37.44260787963867,197.33871459960938,930.7205810546875,0.2156
10,10,287,-35.63737869262695,197.1852264404297,929.8662719726562,0.1166
10,10,288,-33.85238265991211,197.25885009765625,928.971923828125,0.2258
10,10,289,-32.161102294921875,197.5066375732422,927.9224853515625,0.3742
10,10,290,-30.836729049682617,198.04222106933594,926.4810791015625,0.4524
10,10,291,-30.11854362487793,198.81211853027344,924.6412353515625,0.3965
10,10,292,-30.03101348876953,199.7196807861328,922.6785278320312,0.257
10,10,293,-30.633642196655273,200.64303588867188,920.7923583984375,0.27
10,10,294,-31.79120635986328,201.45263671875,919.1821899414062,0.3391
10,10,295,-33.45439529418945,202.12535095214844,918.0859375,0.3131
10,10,296,-35.38665008544922,202.58889770507812,917.580810546875,0.3866
10,10,297,-37.37508773803711,202.82540893554688,917.4070434570312,0.276
10,10,298,-39.32889175415039,203.11386108398438,917.0049438476562,0.3292
10,10,299,-41.0786018371582,203.5308074951172,916.0838012695312,0.5154
10,10,300,-42.28495788574219,204.02694702148438,914.5403442382812,0.537
10,10,301,-42.5713005065918,204.3925323486328,912.6068115234375,0.5373
10,10,302,-41.8299674987793,204.78564453125,910.7882080078125,0.5803
10,10,303,-40.37614059448242,205.07748413085938,909.447509765625,0.3489
10,10,304,-38.63881301879883,205.19400024414062,908.4773559570312,0.1291
10,10,305,-36.92799377441406,205.15713500976562,907.4507446289062,0.0978
10,10,306,-35.50341796875,205.17034912109375,906.084716796875,0.2291
10,10,307,-34.76219177246094,205.36961364746094,904.288330078125,0.2594
10,10,308,-35.05731964111328,205.52857971191406,902.3727416992188,0.2298
10,10,309,-36.20656967163086,205.601318359375,900.7796630859375,0.0397
10,10,310,-37.73411560058594,205.683349609375,899.5057983398438,0.1577
10,10,311,-39.25355529785156,205.9586639404297,898.2136840820312,0.2161
10,10,312,-40.523590087890625,206.25137329101562,896.6918334960938,0.2592
10,10,313,-41.38802719116211,206.5623779296875,894.9132080078125,0.1924
10,10,314,-41.785160064697266,206.78062438964844,892.9719848632812,0.0583
10,10,315,-41.741737365722656,206.78428649902344,890.9853515625,0.1578
10,10,316,-41.31845474243164,206.53463745117188,889.0390625,0.2116
10,10,317,-40.574214935302734,206.0833282470703,887.1876831054688,0.1326
10,10,318,-39.547218322753906,205.5263214111328,885.474853515625,0.0862
10,10,319,-38.27835464477539,204.99591064453125,883.9337768554688,0.0964
10,10,320,-36.82175827026367,204.42897033691406,882.5711669921875,0.1376
10,10,321,-35.2079963684082,203.8628692626953,881.400390625,0.2933
10,10,322,-33.466522216796875,203.52708435058594,880.4304809570312,0.364
10,10,323,-31.62541961669922,203.06246948242188,879.6660766601562,0.2888
10,10,324,-29.711017608642578,202.8684539794922,879.1094360351562,0.2733
10,10,325,-27.747764587402344,202.77398681640625,878.7610473632812,0.1739
10,10,326,-25.758344650268555,202.70101928710938,878.6201782226562,0.178
10,10,327,-23.76448631286621,202.58534240722656,878.6852416992188,0.2186
10,10,328,-21.786951065063477,202.32452392578125,878.9530029296875,0.2905
10,10,329,-19.845935821533203,202.28591918945312,879.4198608398438,0.1489
10,10,330,-17.962305068969727,202.4822235107422,880.0836791992188,0.2236
10,10,331,-16.164443969726562,202.8544921875,880.9530029296875,0.2161
10,10,332,-14.469490051269531,203.1495361328125,882.0072021484375,0.2806
10,10,333,-12.900575637817383,203.3450927734375,883.2396240234375,0.3629
10,10,334,-11.482592582702637,203.4709014892578,884.6416015625,0.3276
10,10,335,-10.241860389709473,203.2525634765625,886.201416015625,0.3444
10,10,336,-9.205973625183105,202.92381286621094,887.903076171875,0.2195
10,10,337,-8.403498649597168,202.60806274414062,889.7257080078125,0.1674
10,10,338,-7.863175868988037,202.41090393066406,891.64208984375,0.2511
10,10,339,-7.612907409667969,202.21044921875,893.617919921875,0.2258
10,10,340,-7.6788859367370605,202.05177307128906,895.6101684570312,0.0341
10,10,341,-8.089317321777344,201.8704833984375,897.5646362304688,0.1568
10,10,342,-8.91245174407959,201.67718505859375,899.3838500976562,0.3066
10,10,343,-10.113729476928711,201.51736450195312,900.9710083007812,0.3652
10,10,344,-11.677696228027344,201.47447204589844,902.1900634765625,0.3203
10,10,345,-13.52562141418457,201.60101318359375,902.889404296875,0.0928
10,10,346,-15.498642921447754,201.80535888671875,903.0104370117188,0.16
10,10,347,-17.467660903930664,202.1676483154297,902.7216796875,0.2192
10,10,348,-19.440120697021484,202.60272216796875,902.4315185546875,0.3135
10,10,349,-21.419109344482422,202.9888916015625,902.4932861328125,0.2583
10,10,350,-23.308250427246094,203.32260131835938,903.0679321289062,0.3377
10,10,351,-24.96989631652832,203.50071716308594,904.14208984375,0.4046
10,10,352,-26.31136703491211,203.4883270263672,905.6047973632812,0.3336
10,10,353,-27.292879104614258,203.46649169921875,907.3363647460938,0.1759
10,10,354,-27.901247024536133,203.168212890625,909.2372436523438,0.3338
10,10,355,-28.09874725341797,202.71435546875,911.224609375,0.2319
10,10,356,-27.932334899902344,202.1581573486328,913.21142578125,0.1647
10,10,357,-27.47104835510254,201.66490173339844,915.1493530273438,0.1596
10,10,358,-26.79741859436035,201.1433563232422,917.02587890625,0.1828
10,10,359,-25.979869842529297,200.5307159423828,918.8465576171875,0.2952
10,10,360,-24.98501968383789,199.5814208984375,920.5623779296875,0.3961
10,10,361,-23.577823638916016,198.58889770507812,921.9636840820312,0.308
10,10,362,-21.713550567626953,197.81187438964844,922.6715698242188,0.3217
10,10,363,-19.774066925048828,197.16677856445312,923.148193359375,0.2658
10,10,364,-17.83172607421875,196.40321350097656,923.6123046875,0.1743
10,10,365,-15.877297401428223,195.82887268066406,924.0173950195312,0.0983
10,10,366,-13.89621639251709,195.5041961669922,924.2310180664062,0.1405
10,10,367,-11.910443305969238,195.36439514160156,924.1209106445312,0.2111
10,10,368,-9.997381210327148,195.2566375732422,923.5928344726562,0.2626
10,10,369,-8.290032386779785,195.14828491210938,922.5916748046875,0.2559
10,10,370,-6.969524383544922,195.1820526123047,921.1102905273438,0.3169
10,10,371,-6.136979579925537,195.6642303466797,919.2964477539062,0.2473
10,10,372,-5.527082920074463,196.45440673828125,917.3945922851562,0.0932
10,10,373,-5.381022930145264,197.52151489257812,915.404296875,0.1003
10,10,374,-5.5836501121521,198.54592895507812,913.4235229492188,0.2686
10,10,375,-6.16699743270874,199.34262084960938,911.5244140625,0.1252
10,10,376,-6.519382953643799,199.88848876953125,909.571044921875,0.0718
10,10,377,-5.930807590484619,200.0908203125,907.6994018554688,0.3389
10,10,378,-4.350875377655029,200.10421752929688,906.5093383789062,0.278
10,10,379,-2.3741557598114014,199.853271484375,906.2241821289062,0.2994
10,10,380,-0.4417872428894043,199.31842041015625,906.7267456054688,0.2254
10,10,381,1.2465612888336182,198.58042907714844,907.7730102539062,0.1286
10,10,382,2.60341215133667,197.70513916015625,909.2138061523438,0.1131
10,10,383,3.5219297409057617,196.6531982421875,910.9573974609375,0.2219
10,10,384,3.797931432723999,195.7984619140625,912.8887329101562,0.2115
10,10,385,3.1600825786590576,195.19595336914062,914.698486328125,0.1286
10,10,386,1.7693372964859009,195.03311157226562,916.0968627929688,0.2119
10,10,387,0.25296053290367126,194.9425048828125,917.365478515625,0.2345
10,10,388,-0.8055728077888489,194.54244995117188,919.0209350585938,0.0349
10,10,389,-1.0415080785751343,193.91773986816406,920.94580078125,0.1622
10,10,390,-1.7595407962799072,193.45291137695312,923.9239501953125,0.0926
10,10,391,-0.19529347121715546,192.90521240234375,926.533203125,0.1507
10,10,392,2.8607704639434814,192.350341796875,925.9006958007812,0.3271
10,10,393,5.155853271484375,192.45834350585938,923.3082275390625,0.462
10,10,394,6.537468433380127,192.5870819091797,921.805908203125,0.4279
10,10,395,8.422603607177734,192.41366577148438,922.6829223632812,0.387
10,10,396,11.456938743591309,191.93310546875,924.3375854492188,0.3326
10,10,397,14.200249671936035,191.84701538085938,924.4701538085938,0.3119
10,10,398,15.159165382385254,192.23069763183594,922.4248046875,0.2116
10,10,399,15.120553016662598,192.60952758789062,918.9860229492188,0.0351
10,10,400,15.676764488220215,192.64535522460938,916.20166015625,0.1028
10,10,401,17.54545021057129,192.47190856933594,915.705810546875,0.1442
10,10,402,20.78213119506836,191.82627868652344,916.4105224609375,0.2622
10,10,403,23.83870506286621,191.7894744873047,914.4580688476562,0.4275
10,10,404,22.736331939697266,192.76344299316406,911.304931640625,0.35
10,10,405,19.237037658691406,193.15977478027344,910.9757080078125,0.167
10,10,406,16.019866943359375,193.26461791992188,911.4453125,0.0851
10,10,407,14.50871753692627,193.7692413330078,910.1599731445312,0.221
10,10,408,14.654624938964844,194.86184692382812,907.1856079101562,0.4337
10,10,409,14.528024673461914,196.32176208496094,903.9630737304688,0.5265
10,10,410,13.857479095458984,197.09324645996094,902.7103271484375,0.5663
10,10,411,10.686546325683594,197.66690063476562,902.8545532226562,0.5734
10,10,412,10.479175567626953,198.41087341308594,900.9080810546875,0.4994
10,10,413,11.149592399597168,198.81436157226562,899.0797729492188,0.3182
10,10,414,12.578874588012695,198.97354125976562,897.760986328125,0.2728
10,10,415,14.551692008972168,198.5340118408203,898.86474609375,0.112
10,10,416,15.22922420501709,197.98963928222656,900.294921875,0.245
10,10,417,16.765085220336914,198.0972137451172,899.7081298828125,0.1931
10,10,418,20.09528923034668,198.15447998046875,899.8931884765625,0.1483
10,10,419,22.24755096435547,197.61134338378906,901.4415893554688,0.318
10,10,420,21.782184600830078,196.61199951171875,903.3426513671875,0.1318
10,10,421,20.4073543548584,195.0014190673828,906.4193725585938,0.0903
10,10,422,21.064050674438477,193.52676391601562,909.640625,0.1834
10,10,423,24.151992797851562,193.1193084716797,910.0494384765625,0.2417
10,10,424,26.186403274536133,194.1454620361328,907.1021728515625,0.2597
10,10,425,26.66031265258789,195.73992919921875,904.3084716796875,0.3132
10,10,426,29.713623046875,194.56765747070312,905.4757080078125,0.1316
10,10,427,31.20271110534668,195.0642547607422,904.1475830078125,0.254
10,10,428,32.55726623535156,195.82269287109375,902.68310546875,0.224
10,10,429,33.738346099853516,196.48597717285156,901.0763549804688,0.2318
10,10,430,34.70488739013672,196.9744873046875,899.3323974609375,0.29
10,10,431,35.43954849243164,197.38095092773438,897.4783935546875,0.2376
10,10,432,35.95895767211914,197.9405059814453,895.5518798828125,0.3064
10,10,433,36.30381774902344,198.47189331054688,893.5858154296875,0.2786
10,10,434,36.51565170288086,198.90521240234375,891.6005249023438,0.1676
10,10,435,36.61057662963867,199.2167205810547,889.6065063476562,0.1841
10,10,436,36.547122955322266,199.4678955078125,887.613037109375,0.3813
10,10,437,36.159542083740234,199.50833129882812,885.6688842773438,0.3646
10,10,438,35.12332534790039,199.6226043701172,884.0296630859375,0.2605
10,10,439,33.436073303222656,200.02513122558594,882.97607421875,0.1896
10,10,440,31.45611572265625,200.084228515625,882.7156982421875,0.2891
10,10,441,29.48834800720215,200.07554626464844,882.91943359375,0.3917
10,10,442,27.599464416503906,200.088134765625,883.5155029296875,0.5807
10,10,443,25.80884552001953,200.1139373779297,884.3988037109375,0.4537
10,10,444,24.103384017944336,200.13143920898438,885.4227905273438,0.1816
10,10,445,22.607358932495117,200.1455078125,886.7432861328125,0.0987
10,10,446,21.275680541992188,200.178466796875,888.2235717773438,0.2348
10,10,447,19.54208755493164,200.2698516845703,889.1708984375,0.4665
10,10,448,17.578834533691406,200.57728576660156,889.1867065429688,0.3622
10,10,449,15.851821899414062,200.78793334960938,888.2557373046875,0.379
10,10,450,14.749065399169922,200.85951232910156,886.6348876953125,0.1605
10,10,451,14.532206535339355,200.98963928222656,884.6895141601562,0.1796
10,10,452,15.230703353881836,200.91497802734375,882.8500366210938,0.1987
10,10,453,16.554704666137695,200.77301025390625,881.36474609375,0.2809
10,10,454,18.130939483642578,200.50404357910156,880.139404296875,0.3631
10,10,455,20.19217872619629,200.20071411132812,879.2351684570312,0.6115
10,10,456,18.52724266052246,200.6046600341797,876.5941162109375,0.6711
10,10,457,17.497119903564453,200.809326171875,875.6840209960938,0.563
10,10,458,18.6323184967041,200.5760040283203,873.7709350585938,0.7079
10,10,459,19.51620101928711,200.14688110351562,870.4034423828125,0.3114
10,10,460,18.102018356323242,200.0709228515625,867.8527221679688,0.0823
10,10,461,15.089488983154297,200.74781799316406,868.3563842773438,0.2368
10,10,462,13.298666954040527,201.39332580566406,871.2824096679688,0.079
10,10,463,12.92735767364502,201.5254364013672,873.3502807617188,0.0624
10,10,464,11.027047157287598,201.99755859375,873.6450805664062,0.0626
10,10,465,7.712247848510742,202.08798217773438,872.890869140625,0.3919
10,10,466,6.6250481605529785,202.10897827148438,874.6958618164062,0.2742
10,10,467,4.72784948348999,202.12442016601562,875.2376098632812,0.4139
10,10,468,2.7484774589538574,202.1848907470703,875.195556640625,0.4855
10,10,469,0.8383992314338684,202.3938446044922,874.6444091796875,0.3869
10,10,470,-0.9152389764785767,202.64901733398438,873.6951293945312,0.3678
10,10,471,-2.4609196186065674,202.76071166992188,872.4303588867188,0.4212
10,10,472,-3.7686755657196045,202.7825927734375,870.922607421875,0.4252
10,10,473,-4.850340843200684,202.85418701171875,869.2477416992188,0.4678
10,10,474,-5.7031354904174805,203.1221466064453,867.4463500976562,0.4468
10,10,475,-6.326651096343994,203.29124450683594,865.553466796875,0.4789
10,10,476,-6.723132610321045,203.36233520507812,863.6000366210938,0.386
10,10,477,-6.896889686584473,203.39077758789062,861.6140747070312,0.2046
10,10,478,-6.85396671295166,203.32505798339844,859.6204833984375,0.1701
10,10,479,-6.6013264656066895,202.8906707763672,857.6419677734375,0.2289
10,10,480,-6.146543502807617,202.94752502441406,855.69921875,0.2411
10,10,481,-5.497931957244873,203.2851104736328,853.8116455078125,0.2
10,10,482,-4.665132522583008,203.3448028564453,851.996826171875,0.3136
10,10,483,-3.6522765159606934,203.22686767578125,850.2756958007812,0.1739
10,10,484,-2.471121072769165,202.80612182617188,848.6658325195312,0.2707
10,10,485,-1.1402075290679932,202.2946319580078,847.1783447265625,0.3813
10,10,486,0.3291912376880646,201.65542602539062,845.8282470703125,0.2402
10,10,487,1.9245531558990479,200.93919372558594,844.6306762695312,0.259
10,10,488,3.6319785118103027,200.2919921875,843.6002197265625,0.3011
10,10,489,5.436190605163574,199.4730682373047,842.7512817382812,0.1915
10,10,490,7.319923400878906,198.5054473876953,842.0980224609375,0.3518
10,10,491,9.728982925415039,198.68002319335938,844.395751953125,0.3868
10,10,492,11.374765396118164,198.2247314453125,843.8773803710938,0.4196
10,10,493,13.247862815856934,197.20033264160156,841.3084106445312,0.249
10,10,494,15.71065902709961,196.5741729736328,839.14892578125,0.218
10,10,495,18.009414672851562,196.60626220703125,839.6721801757812,0.3754
10,10,496,19.12104606628418,196.85726928710938,842.7205810546875,0.2926
10,10,497,19.319721221923828,197.74171447753906,845.9300537109375,0.073
10,10,498,20.22658348083496,197.84231567382812,847.3143920898438,0.0754
10,10,499,22.9412784576416,197.23855590820312,847.2179565429688,0.1546
10,10,500,26.406015396118164,196.7456512451172,847.6459350585938,0.3347
10,10,501,28.054018020629883,196.7169952392578,849.7642822265625,0.3145
10,10,502,26.471763610839844,196.76028442382812,852.418212890625,0.3137
10,10,503,23.342453002929688,197.40792846679688,853.641845703125,0.3524
10,10,504,21.656373977661133,197.80487060546875,854.0028686523438,0.3485
10,10,505,21.524341583251953,197.8014373779297,856.037109375,0.3008
10,10,506,21.488483428955078,198.039306640625,859.4349365234375,0.294
10,10,507,21.235206604003906,198.42591857910156,861.616943359375,0.2528
10,10,508,19.567873001098633,198.79013061523438,861.9193725585938,0.189
10,10,509,16.38982391357422,199.4161834716797,862.9713134765625,0.0625
10,10,510,14.980894088745117,200.24192810058594,866.0170288085938,0.1555
10,10,511,17.047616958618164,200.37620544433594,868.0086059570312,0.1424
10,10,512,20.56889533996582,199.5089569091797,867.7459106445312,0.0
10,10,513,23.649927139282227,199.1302490234375,867.9678955078125,0.0708
10,10,514,24.603538513183594,198.92709350585938,870.0045166015625,0.1584
10,10,515,23.428834915161133,199.4646759033203,873.1184692382812,0.4805
10,10,516,23.15987205505371,199.8610076904297,876.5689086914062,0.499
10,10,517,25.80522346496582,199.51174926757812,877.9910888671875,0.4899
10,10,518,28.508953094482422,199.39500427246094,875.8477172851562,0.3509
10,10,519,29.493322372436523,199.03883361816406,872.9537353515625,0.2759
10,10,520,30.073352813720703,198.92433166503906,872.07763671875,0.2352
10,10,521,32.514163970947266,199.00115966796875,872.068359375,0.1079
10,10,522,35.75370407104492,198.71461486816406,871.0923461914062,0.0469
10,10,523,37.13365936279297,198.3992919921875,869.4732055664062,0.1228
10,10,524,36.026031494140625,198.14337158203125,867.0770263671875,0.2048
10,10,525,34.25518035888672,198.33209228515625,864.0654907226562,0.082
10,10,526,34.189735412597656,198.2623748779297,861.6044311523438,0.0936
10,10,527,36.56303787231445,198.03558349609375,860.6206665039062,0.0412
10,10,528,40.077430725097656,197.9065704345703,860.3779907226562,0.1137
10,10,529,42.518699645996094,197.66761779785156,859.19189453125,0.3793
10,10,530,42.307682037353516,197.18704223632812,856.5728149414062,0.2856
10,10,531,39.89472198486328,196.84234619140625,854.0867919921875,0.5439
10,10,532,37.87890625,196.86831665039062,853.154541015625,0.6127
10,10,533,38.0209846496582,196.77932739257812,851.95703125,0.5747
10,10,534,38.19326400756836,196.68814086914062,848.8006591796875,0.4474
10,10,535,36.616241455078125,196.65174865722656,846.040283203125,0.3832
10,10,536,34.58537673950195,196.62705993652344,846.1513671875,0.3352
10,10,537,32.06662368774414,196.68450927734375,848.0653076171875,0.3476
10,10,538,28.629865646362305,196.7033233642578,848.6223754882812,0.3088
10,10,539,26.98194122314453,196.64230346679688,846.1400756835938,0.2278
10,10,540,28.802757263183594,196.0932159423828,843.2146606445312,0.1112
10,10,541,31.642547607421875,195.92002868652344,842.1277465820312,0.0265
10,10,542,32.64456558227539,195.7957000732422,841.2775268554688,0.0558
10,10,543,32.19794464111328,195.05250549316406,838.6258544921875,0.1801
10,10,544,33.30164337158203,194.48635864257812,836.8857421875,0.2121
11,11,0,33.02684020996094,197.55398559570312,837.3519897460938,0.361
11,11,1,34.81330108642578,197.30194091796875,836.4539184570312,0.3816
11,11,2,36.43730545043945,197.05386352539062,835.2894897460938,0.407
11,11,3,37.421546936035156,196.6235809326172,833.5718994140625,0.3699
11,11,4,37.432029724121094,196.08644104003906,831.5922241210938,0.3389
11,11,5,36.734474182128906,195.4449462890625,829.7269897460938,0.2413
11,11,6,35.65681457519531,195.0015106201172,828.046875,0.0792
11,11,7,34.334190368652344,194.55859375,826.5492553710938,0.1075
11,11,8,32.81416702270508,194.28872680664062,825.2501831054688,0.1595
11,11,9,31.09888458251953,193.68141174316406,824.223388671875,0.19
11,11,10,29.190006256103516,193.1587677001953,823.8677978515625,0.338
11,11,11,28.16069984436035,193.73416137695312,825.2960205078125,0.4304
11,11,12,28.186431884765625,194.51466369628906,827.2716674804688,0.4046
11,11,13,28.375492095947266,195.23829650878906,829.25439453125,0.1942
11,11,14,28.503368377685547,195.8338623046875,831.2893676757812,0.2801
11,11,15,30.008853912353516,196.7601776123047,834.3303833007812,0.3805
11,11,16,28.45429801940918,197.57029724121094,836.5545043945312,0.4417
11,11,17,25.107465744018555,197.7270050048828,836.1983032226562,0.4118
11,11,18,22.52485466003418,197.5720672607422,834.5139770507812,0.4657
11,11,19,21.256450653076172,197.60667419433594,834.2988891601562,0.4838
11,11,20,19.49266242980957,198.32374572753906,836.2018432617188,0.4328
11,11,21,16.13052749633789,198.77772521972656,837.3858642578125,0.2698
11,11,22,13.679947853088379,197.725830078125,835.234375,0.2412
11,11,23,15.16635799407959,196.25550842285156,832.0723876953125,0.2055
11,11,24,18.42900276184082,196.3157501220703,831.4771728515625,0.2394
11,11,25,20.10765838623047,196.58978271484375,831.629638671875,0.263
11,11,26,21.07999038696289,195.6844940185547,829.4528198242188,0.2654
11,11,27,20.54150390625,193.96510314941406,826.1154174804688,0.4793
11,11,28,19.681339263916016,192.4958038330078,824.1358032226562,0.2969
11,11,29,21.294910430908203,191.607177734375,822.7750244140625,0.2773
11,11,30,24.4881591796875,190.9609375,821.3240356445312,0.2829
11,11,31,23.401086807250977,189.60475158691406,819.23828125,0.0442
11,11,32,22.832021713256836,188.5930633544922,817.3348999023438,0.1889
11,11,33,21.719215393066406,187.65676879882812,815.6863403320312,0.2036
11,11,34,20.170270919799805,187.0714569091797,814.430419921875,0.2619
11,11,35,18.379091262817383,186.7959747314453,813.5443115234375,0.4247
11,11,36,16.490564346313477,186.83251953125,812.8880004882812,0.4944
11,11,37,14.563525199890137,186.84140014648438,812.3550415039062,0.4985
11,11,38,12.612871170043945,186.61209106445312,811.9163208007812,0.4568
11,11,39,10.639287948608398,186.44448852539062,811.5977783203125,0.5683
11,11,40,8.645837783813477,186.3664093017578,811.4574584960938,0.55
11,11,41,6.654632568359375,186.3209228515625,811.6000366210938,0.5939
11,11,42,4.919764995574951,186.708984375,812.44580078125,0.4415
11,11,43,4.651644229888916,187.3937225341797,814.3113403320312,0.4258
11,11,44,5.094516754150391,188.15130615234375,816.2610473632812,0.2748
11,11,45,4.572276592254639,189.36163330078125,818.4310913085938,0.2304
11,11,46,7.812936782836914,189.62533569335938,820.1298828125,0.3431
11,11,47,8.402506828308105,191.38082885742188,823.2180786132812,0.2299
11,11,48,5.550829887390137,192.7967987060547,824.7525634765625,0.1521
11,11,49,2.4396779537200928,192.55264282226562,823.441650390625,0.2554
11,11,50,1.0234289169311523,193.55409240722656,825.0112915039062,0.2825
11,11,51,-0.6129429340362549,193.23004150390625,824.0880126953125,0.3691
11,11,52,-1.50934898853302,192.55581665039062,822.3779907226562,0.3391
11,11,53,-1.6499511003494263,191.52923583984375,820.4080200195312,0.3121
11,11,54,-1.2574228048324585,190.3688201904297,818.4486694335938,0.1338
11,11,55,-1.1614521741867065,189.26669311523438,816.4768676757812,0.119
11,11,56,-1.9965217113494873,188.64776611328125,814.7109985351562,0.1253
11,11,57,-3.604099750518799,188.48114013671875,813.5914916992188,0.1523
11,11,58,-5.541161060333252,188.66160583496094,813.203857421875,0.1247
11,11,59,-7.521655082702637,189.02374267578125,813.399658203125,0.1335
11,11,60,-9.432625770568848,189.52914428710938,813.983642578125,0.12
11,11,61,-11.28353500366211,190.1399688720703,814.7384033203125,0.1071
11,11,62,-13.20192813873291,190.68222045898438,815.3009643554688,0.0807
11,11,63,-15.159570693969727,191.12838745117188,815.7078857421875,0.1681
11,11,64,-17.111499786376953,192.0335693359375,816.1389770507812,0.1769
11,11,65,-19.015941619873047,193.27703857421875,816.743408203125,0.2467
11,11,66,-20.81683921813965,194.99468994140625,817.6072387695312,0.2554
11,11,67,-22.434772491455078,197.51271057128906,818.7774047851562,0.1645
11,11,68,-23.739110946655273,199.5344696044922,820.287841796875,0.3552
11,11,69,-24.493051528930664,200.85183715820312,822.1337280273438,0.2866
11,11,70,-24.32921600341797,201.79200744628906,824.1092529296875,0.253
11,11,71,-23.093151092529297,202.3206329345703,825.6444702148438,0.1985
11,11,72,-21.22359848022461,202.094970703125,826.3234252929688,0.1495
11,11,73,-19.227598190307617,201.6480255126953,826.3970336914062,0.1544
11,11,74,-17.271995544433594,201.40296936035156,826.8135375976562,0.0682
11,11,75,-15.696654319763184,201.26788330078125,828.0245361328125,0.1382
11,11,76,-15.128277778625488,201.87496948242188,829.8931884765625,0.0152
11,11,77,-15.546717643737793,202.81625366210938,831.81591796875,0.1722
11,11,78,-16.720476150512695,203.95379638671875,833.39306640625,0.2552
11,11,79,-18.369192123413086,204.89227294921875,834.4691772460938,0.4822
11,11,80,-20.235990524291992,205.39089965820312,835.1533203125,0.4109
11,11,81,-22.148746490478516,205.8479766845703,835.71923828125,0.3263
11,11,82,-23.91636085510254,206.605712890625,836.5858764648438,0.3409
11,11,83,-24.82707405090332,207.44078063964844,838.33642578125,0.1194
11,11,84,-24.896419525146484,208.2693634033203,840.31884765625,0.1906
11,11,85,-24.327686309814453,208.72702026367188,842.229248046875,0.1848
11,11,86,-23.288204193115234,208.6437225341797,843.9373168945312,0.1915
11,11,87,-22.032373428344727,208.38784790039062,845.4926147460938,0.2451
11,11,88,-20.99567222595215,208.14549255371094,847.1985473632812,0.236
11,11,89,-20.552135467529297,208.05325317382812,849.1240234375,0.2636
11,11,90,-21.126148223876953,208.37896728515625,850.9963989257812,0.2387
11,11,91,-22.703479766845703,208.71551513671875,852.1890869140625,0.2483
11,11,92,-24.675430297851562,209.16087341308594,852.519775390625,0.1479
11,11,93,-26.671480178833008,209.39114379882812,852.4237060546875,0.1661
11,11,94,-28.6684513092041,209.34329223632812,852.49609375,0.1079
11,11,95,-30.567537307739258,208.93951416015625,853.0638427734375,0.1569
11,11,96,-32.044090270996094,208.2989501953125,854.3514404296875,0.1555
11,11,97,-32.64645004272461,207.63369750976562,856.21533203125,0.1934
11,11,98,-32.32609558105469,207.13755798339844,858.16796875,0.2266
11,11,99,-31.51807403564453,206.85179138183594,859.9894409179688,0.3772
11,11,100,-30.75697898864746,206.53695678710938,861.8370971679688,0.3806
11,11,101,-30.34986114501953,206.2756805419922,863.7789916992188,0.4911
11,11,102,-30.508432388305664,206.42526245117188,865.7415161132812,0.5855
11,11,103,-31.317169189453125,206.34092712402344,867.531005859375,0.5644
11,11,104,-32.70234298706055,206.46881103515625,868.9237060546875,0.411
11,11,105,-34.48884201049805,206.67172241210938,869.7446899414062,0.3582
11,11,106,-36.45445251464844,207.06988525390625,869.9113159179688,0.2785
11,11,107,-38.39533996582031,207.20785522460938,869.4843139648438,0.2547
11,11,108,-40.21568298339844,207.2732391357422,868.6585083007812,0.1437
11,11,109,-41.985694885253906,207.61715698242188,867.7346801757812,0.1669
11,11,110,-43.931312561035156,207.8955078125,867.3419189453125,0.1044
11,11,111,-45.76819610595703,208.14657592773438,868.0181274414062,0.0589
11,11,112,-46.97220230102539,208.39158630371094,869.5780639648438,0.0897
11,11,113,-47.433448791503906,208.55226135253906,871.48388671875,0.2251
11,11,114,-47.15800857543945,208.71859741210938,873.4481811523438,0.3721
11,11,115,-46.56220245361328,208.9220733642578,875.3561401367188,0.4619
11,11,116,-46.128780364990234,208.9794158935547,877.2997436523438,0.4803
11,11,117,-46.14160919189453,208.7906036376953,879.2905883789062,0.3972
11,11,118,-46.7442626953125,208.8187713623047,881.1945190429688,0.2764
11,11,119,-47.93196105957031,209.26673889160156,882.8031005859375,0.216
11,11,120,-49.53837585449219,209.8959503173828,883.9840698242188,0.2141
11,11,121,-51.395904541015625,210.67626953125,884.6903686523438,0.3063
11,11,122,-53.36716842651367,211.35679626464844,884.9017944335938,0.4811
11,11,123,-55.32542037963867,211.9899139404297,884.6142578125,0.5624
11,11,124,-57.14158248901367,212.60301208496094,883.8339233398438,0.6666
11,11,125,-58.67100524902344,213.1894989013672,882.5848999023438,0.5337
11,11,126,-59.754798889160156,213.63795471191406,880.9336547851562,0.3964
11,11,127,-60.27183532714844,213.8272705078125,879.01806640625,0.1362
11,11,128,-60.20220947265625,213.74090576171875,877.0301513671875,0.2008
11,11,129,-59.49940490722656,212.9956512451172,875.159912109375,0.1974
11,11,130,-58.191776275634766,212.19871520996094,873.6472778320312,0.2936
11,11,131,-56.53507614135742,211.60887145996094,872.5387573242188,0.303
11,11,132,-54.69096374511719,210.98345947265625,871.7819213867188,0.2463
11,11,133,-52.95941162109375,210.56874084472656,870.7905883789062,0.197
11,11,134,-51.59160614013672,210.0228729248047,869.3414916992188,0.1394
11,11,135,-50.521202087402344,209.62840270996094,867.65576171875,0.1486
11,11,136,-49.595455169677734,209.3710174560547,865.8845825195312,0.2579
11,11,137,-48.654964447021484,209.21310424804688,864.1204223632812,0.2633
11,11,138,-48.071044921875,209.17788696289062,862.2578735351562,0.3115
11,11,139,-48.2613525390625,209.3754425048828,860.332275390625,0.2961
11,11,140,-49.258766174316406,210.18133544921875,858.6106567382812,0.2774
11,11,141,-50.84428405761719,211.5337677001953,857.3924560546875,0.2224
11,11,142,-52.666908264160156,212.468505859375,856.6311645507812,0.0814
11,11,143,-54.603092193603516,213.0590362548828,856.49169921875,0.0827
11,11,144,-56.497432708740234,213.31777954101562,857.0802001953125,0.2727
11,11,145,-58.2628288269043,213.62193298339844,858.0130004882812,0.445
11,11,146,-59.965091705322266,213.8861083984375,859.0616455078125,0.5576
11,11,147,-61.67583084106445,214.1013641357422,860.095947265625,0.6788
11,11,148,-63.44717025756836,214.4314422607422,861.0196533203125,0.7155
11,11,149,-65.29499053955078,214.7515869140625,861.77734375,0.8029
11,11,150,-67.18488311767578,215.25245666503906,862.4300537109375,0.761
11,11,151,-69.06657409667969,215.58323669433594,863.1044921875,0.5369
11,11,152,-70.88431549072266,215.9718017578125,863.927001953125,0.5826
11,11,153,-72.51565551757812,216.06532287597656,865.0546264648438,0.4387
11,11,154,-73.66383361816406,216.12599182128906,866.631591796875,0.3891
11,11,155,-73.86519622802734,215.8527374267578,868.5376586914062,0.4285
11,11,156,-73.11041259765625,215.5174102783203,870.3429565429688,0.3079
11,11,157,-71.70551300048828,215.43812561035156,871.6939697265625,0.2855
11,11,158,-69.82862854003906,215.39846801757812,872.3005981445312,0.4096
11,11,159,-67.83473205566406,215.32432556152344,872.352294921875,0.3766
11,11,160,-65.94954681396484,215.04205322265625,872.8682250976562,0.4859
11,11,161,-64.60515594482422,214.99465942382812,874.2686157226562,0.384
11,11,162,-64.04182434082031,215.2254638671875,876.1759033203125,0.2434
11,11,163,-63.90168380737305,215.31581115722656,878.1697387695312,0.1108
11,11,164,-64.04157257080078,215.3922119140625,880.164306640625,0.1262
11,11,165,-64.4996337890625,215.57655334472656,882.1065063476562,0.2083
11,11,166,-65.34783935546875,215.92803955078125,883.904052734375,0.0719
11,11,167,-66.5572509765625,216.23851013183594,885.4811401367188,0.0413
11,11,168,-68.04693603515625,216.5480499267578,886.7999267578125,0.1348
11,11,169,-69.74055480957031,216.72280883789062,887.8475952148438,0.2072
11,11,170,-71.579345703125,216.97900390625,888.6155395507812,0.3751
11,11,171,-73.51567077636719,217.1508026123047,889.0921630859375,0.461
11,11,172,-75.50432586669922,217.19464111328125,889.2625122070312,0.6292
11,11,173,-77.4976577758789,217.2730255126953,889.1132202148438,0.667
11,11,174,-79.43134307861328,216.99169921875,888.6043090820312,0.7477
11,11,175,-81.24703979492188,216.72451782226562,887.774169921875,0.7464
11,11,176,-81.08273315429688,217.24468994140625,884.4124755859375,0.5153
11,11,177,-83.65751647949219,216.53726196289062,884.7420654296875,0.4459
11,11,178,-87.13431549072266,215.7205810546875,884.30615234375,0.1838
11,11,179,-88.73563385009766,215.98085021972656,881.9143676757812,0.1671
11,11,180,-86.85592651367188,216.61367797851562,879.3310546875,0.1612
11,11,181,-84.69165802001953,217.0482940673828,877.9239501953125,0.341
11,11,182,-82.98639678955078,217.3784637451172,876.9528198242188,0.4935
11,11,183,-81.03668975830078,217.80970764160156,876.7047729492188,0.5228
11,11,184,-79.07312774658203,217.85594177246094,876.4109497070312,0.3395
11,11,185,-77.5251235961914,217.4854736328125,875.3846435546875,0.2998
11,11,186,-77.0926742553711,217.1251678466797,873.548828125,0.3349
11,11,187,-77.42381286621094,217.01194763183594,871.57958984375,0.4593
11,11,188,-77.94245910644531,217.00477600097656,869.6522827148438,0.3652
11,11,189,-78.9614486694336,217.2002410888672,867.931884765625,0.2523
11,11,190,-80.58724975585938,217.53062438964844,866.7989501953125,0.1224
11,11,191,-82.5575942993164,217.87164306640625,866.5466918945312,0.1187
11,11,192,-84.46875,218.04238891601562,867.1127319335938,0.1575
11,11,193,-86.11331176757812,218.38510131835938,868.23876953125,0.2076
11,11,194,-87.39482116699219,218.43972778320312,869.7656860351562,0.0517
11,11,195,-88.28680419921875,218.34735107421875,871.5515747070312,0.0495
11,11,196,-88.90287780761719,218.16012573242188,873.4536743164062,0.269
11,11,197,-87.37462615966797,217.21429443359375,876.1983032226562,0.2545
11,11,198,-87.96941375732422,216.6390838623047,878.74951171875,0.2418
11,11,199,-91.14997100830078,216.46258544921875,879.3153686523438,0.3408
11,11,200,-94.15955352783203,217.07992553710938,877.8222045898438,0.4901
11,11,201,-96.4197006225586,217.5751953125,877.3878784179688,0.5145
11,11,202,-97.8346176147461,216.76031494140625,880.0783081054688,0.6757
11,11,203,-97.28852081298828,215.8559112548828,883.5086059570312,0.5204
11,11,204,-99.64591979980469,216.15960693359375,884.12890625,0.6656
11,11,205,-100.4554214477539,216.01918029785156,885.9542846679688,0.6701
11,11,206,-100.99263763427734,215.72427368164062,887.8778686523438,0.4412
11,11,207,-101.24835205078125,215.5390625,889.8583374023438,0.3878
11,11,208,-101.20223999023438,215.35926818847656,891.8546142578125,0.3946
11,11,209,-100.84426879882812,214.9904022216797,893.819091796875,0.3227
11,11,210,-100.18767547607422,214.79405212402344,895.70556640625,0.4024
11,11,211,-99.26296997070312,214.5569610595703,897.4772338867188,0.3656
11,11,212,-98.0868911743164,214.5270538330078,899.09423828125,0.1704
11,11,213,-96.61895751953125,214.56753540039062,900.4508666992188,0.2052
11,11,214,-94.77661895751953,214.79019165039062,901.2094116210938,0.1794
11,11,215,-92.78523254394531,214.89920043945312,901.34423828125,0.0502
11,11,216,-90.85486602783203,214.9430389404297,900.8353881835938,0.2798
11,11,217,-89.20184326171875,215.1088104248047,899.71240234375,0.4655
11,11,218,-87.9792709350586,215.4075469970703,898.1302490234375,0.5372
11,11,219,-86.99756622314453,215.50375366210938,896.3896484375,0.4471
11,11,220,-85.83795928955078,215.73538208007812,894.7635498046875,0.65
11,11,221,-84.31317138671875,216.12669372558594,893.4959716796875,0.7415
11,11,222,-82.44190979003906,216.5121612548828,892.8965454101562,0.8163
11,11,223,-80.49177551269531,216.693603515625,893.1133422851562,0.6841
11,11,224,-78.78137969970703,216.69622802734375,894.0755004882812,0.5514
11,11,225,-77.57049560546875,216.65786743164062,895.61572265625,0.5392
11,11,226,-77.060546875,216.3596954345703,897.503173828125,0.6437
11,11,227,-77.32434844970703,216.09161376953125,899.4440307617188,0.5253
11,11,228,-78.22733306884766,215.69322204589844,901.2005004882812,0.5092
11,11,229,-79.52084350585938,215.16973876953125,902.7161254882812,0.5226
11,11,230,-80.7963638305664,214.86764526367188,904.2327880859375,0.3765
11,11,231,-81.60240936279297,214.62481689453125,906.0277709960938,0.3174
11,11,232,-81.61129760742188,214.31219482421875,907.9640502929688,0.3301
11,11,233,-80.48258209228516,213.83372497558594,909.5460205078125,0.3589
11,11,234,-78.65633392333984,213.55618286132812,910.3032836914062,0.2729
11,11,235,-76.66004180908203,213.55630493164062,910.3251342773438,0.1
11,11,236,-74.74552154541016,213.8703155517578,909.7483520507812,0.198
11,11,237,-72.92101287841797,213.97561645507812,908.9354858398438,0.2437
11,11,238,-71.02890014648438,213.95286560058594,908.3032836914062,0.3263
11,11,239,-69.06096649169922,213.55360412597656,908.193115234375,0.312
11,11,240,-67.24856567382812,213.0284881591797,908.9024658203125,0.1576
11,11,241,-66.0570068359375,212.47886657714844,910.4326171875,0.2975
11,11,242,-65.86602020263672,211.80267333984375,912.3719482421875,0.3763
11,11,243,-66.64600372314453,211.36502075195312,914.1799926757812,0.4339
11,11,244,-67.99578857421875,211.00823974609375,915.6412963867188,0.4542
11,11,245,-69.14234924316406,210.42877197265625,917.2747192382812,0.2691
11,11,246,-69.87049102783203,209.60154724121094,919.1190795898438,0.2305
11,11,247,-70.13959503173828,208.701904296875,921.0742797851562,0.2844
11,11,248,-69.95015716552734,207.8439483642578,923.0491333007812,0.2345
11,11,249,-69.31989288330078,207.08920288085938,924.9439086914062,0.2198
11,11,250,-68.18067932128906,206.15713500976562,926.5870971679688,0.1892
11,11,251,-66.78409576416016,205.3651123046875,928.013671875,0.1198
11,11,252,-65.00015258789062,204.82098388671875,928.8423461914062,0.223
11,11,253,-63.059818267822266,204.45704650878906,928.9994506835938,0.1492
11,11,254,-61.16203308105469,204.39820861816406,928.5250244140625,0.2319
11,11,255,-59.51349639892578,204.56298828125,927.3935546875,0.2233
11,11,256,-58.425071716308594,204.93734741210938,925.7310180664062,0.1729
11,11,257,-57.72159957885742,205.4330596923828,923.882568359375,0.199
11,11,258,-57.10430908203125,206.09103393554688,921.9872436523438,0.3148
11,11,259,-55.99341583251953,206.78756713867188,920.3972778320312,0.3698
11,11,260,-54.188758850097656,206.77684020996094,919.8511352539062,0.3834
11,11,261,-52.492347717285156,206.3863983154297,920.7386474609375,0.3348
11,11,262,-51.60388946533203,205.5873260498047,922.4806518554688,0.275
11,11,263,-51.462890625,205.01510620117188,924.451416015625,0.2598
11,11,264,-51.76148986816406,204.5047149658203,926.4195556640625,0.121
11,11,265,-51.85312271118164,203.70889282226562,928.4020385742188,0.1211
11,11,266,-51.37333297729492,202.7760772705078,930.3118896484375,0.0911
11,11,267,-50.23225784301758,201.9340362548828,931.89697265625,0.1501
11,11,268,-48.5461540222168,201.26089477539062,932.8965454101562,0.07
11,11,269,-46.60403060913086,200.76126098632812,933.2888793945312,0.1727
11,11,270,-44.615631103515625,200.42042541503906,933.2225341796875,0.296
11,11,271,-42.666236877441406,200.23789978027344,932.8071899414062,0.2362
11,11,272,-40.78266906738281,200.18150329589844,932.1446533203125,0.1325
11,11,273,-38.95341491699219,200.15756225585938,931.3388061523438,0.2309
11,11,274,-37.154022216796875,200.15269470214844,930.46728515625,0.1768
11,11,275,-35.38002014160156,200.04818725585938,929.545654296875,0.2294
11,11,276,-33.65796661376953,200.2433624267578,928.5328369140625,0.2222
11,11,277,-32.06061553955078,200.56361389160156,927.34130859375,0.2368
11,11,278,-30.790668487548828,201.1162567138672,925.8333740234375,0.2654
11,11,279,-30.16712760925293,201.82484436035156,923.96337890625,0.1667
11,11,280,-30.342390060424805,202.6923828125,922.0194702148438,0.3461
11,11,281,-31.241792678833008,203.55804443359375,920.2660522460938,0.4734
11,11,282,-32.643184661865234,204.25392150878906,918.8741455078125,0.4626
11,11,283,-34.39914321899414,204.84005737304688,917.9429321289062,0.3164
11,11,284,-36.33318328857422,205.21998596191406,917.4392700195312,0.2405
11,11,285,-38.31133270263672,205.46910095214844,917.1483764648438,0.317
11,11,286,-40.199527740478516,205.80316162109375,916.4942016601562,0.4485
11,11,287,-41.72540283203125,206.23077392578125,915.2202758789062,0.5619
11,11,288,-42.46287155151367,206.69052124023438,913.377685546875,0.4639
11,11,289,-42.134281158447266,207.03042602539062,911.4134521484375,0.4656
11,11,290,-40.968109130859375,207.3815155029297,909.789306640625,0.2953
11,11,291,-39.337791442871094,207.58355712890625,908.63232421875,0.1021
11,11,292,-37.5787353515625,207.58999633789062,907.6851806640625,0.1218
11,11,293,-35.970123291015625,207.53700256347656,906.5073852539062,0.2007
11,11,294,-34.90082931518555,207.6619873046875,904.8547973632812,0.2401
11,11,295,-34.87504577636719,207.8450469970703,902.8934936523438,0.2395
11,11,296,-35.878273010253906,207.93414306640625,901.1762084960938,0.1725
11,11,297,-37.336463928222656,207.97378540039062,899.81005859375,0.1218
11,11,298,-38.7386589050293,208.17579650878906,898.3849487304688,0.2181
11,11,299,-39.86912536621094,208.49966430664062,896.7438354492188,0.3304
11,11,300,-40.58707046508789,208.71908569335938,894.8934326171875,0.3292
11,11,301,-40.83814239501953,208.90721130371094,892.9259033203125,0.2356
11,11,302,-40.64875030517578,208.84796142578125,890.9487915039062,0.0708
11,11,303,-40.080039978027344,208.61537170410156,889.0422973632812,0.1049
11,11,304,-39.19365692138672,208.28668212890625,887.2578735351562,0.0587
11,11,305,-38.04157638549805,207.7367401123047,885.629150390625,0.0979
11,11,306,-36.667179107666016,207.220458984375,884.1801147460938,0.2009
11,11,307,-35.1082763671875,206.65733337402344,882.928466796875,0.2777
11,11,308,-33.39023971557617,206.18316650390625,881.9056396484375,0.3591
11,11,309,-31.55954360961914,205.9689178466797,881.104736328125,0.2141
11,11,310,-29.648279190063477,205.76248168945312,880.5255126953125,0.1566
11,11,311,-27.683801651000977,205.64031982421875,880.1693725585938,0.0949
11,11,312,-25.692161560058594,205.60890197753906,880.0364379882812,0.0357
11,11,313,-23.6981258392334,205.49261474609375,880.1244506835938,0.1746
11,11,314,-21.72553825378418,205.3585968017578,880.4292602539062,0.0848
11,11,315,-19.79727554321289,205.39862060546875,880.9456787109375,0.0844
11,11,316,-17.93629264831543,205.55242919921875,881.6683959960938,0.138
11,11,317,-16.165719985961914,205.73768615722656,882.591552734375,0.0764
11,11,318,-14.509658813476562,205.91940307617188,883.70849609375,0.2279
11,11,319,-12.993715286254883,205.93698120117188,885.0108642578125,0.183
11,11,320,-11.655303955078125,205.81483459472656,886.496337890625,0.2805
11,11,321,-10.532832145690918,205.5611572265625,888.1500854492188,0.2826
11,11,322,-9.651422500610352,205.26792907714844,889.94140625,0.3066
11,11,323,-9.046805381774902,205.1046905517578,891.8416748046875,0.3591
11,11,324,-8.754965782165527,204.83802795410156,893.8117065429688,0.2372
11,11,325,-8.808778762817383,204.66680908203125,895.7999877929688,0.1127
11,11,326,-9.239485740661621,204.51034545898438,897.7393798828125,0.1331
11,11,327,-10.075652122497559,204.28001403808594,899.5396118164062,0.2509
11,11,328,-11.331278800964355,204.16006469726562,901.0762329101562,0.1524
11,11,329,-12.972087860107422,204.1531982421875,902.1961669921875,0.0839
11,11,330,-14.876325607299805,204.31439208984375,902.7844848632812,0.23
11,11,331,-16.87327003479004,204.5670928955078,902.8787231445312,0.3114
11,11,332,-18.8666934967041,204.9746856689453,902.7225341796875,0.4608
11,11,333,-20.859582901000977,205.28733825683594,902.8662109375,0.4497
11,11,334,-22.739465713500977,205.595458984375,903.5206298828125,0.3828
11,11,335,-24.348573684692383,205.73451232910156,904.68408203125,0.4335
11,11,336,-25.593921661376953,205.64157104492188,906.22998046875,0.3578
11,11,337,-26.450210571289062,205.54147338867188,908.0218505859375,0.2987
11,11,338,-26.921621322631836,205.24282836914062,909.952392578125,0.3781
11,11,339,-27.02646827697754,204.770751953125,911.9393310546875,0.3916
11,11,340,-26.799636840820312,204.29376220703125,913.9195556640625,0.2257
11,11,341,-26.293132781982422,203.78321838378906,915.8507080078125,0.0861
11,11,342,-25.575023651123047,203.37269592285156,917.716552734375,0.1499
11,11,343,-24.767013549804688,202.61636352539062,919.5454711914062,0.1211
11,11,344,-23.439210891723633,201.66421508789062,921.0372924804688,0.1386
11,11,345,-21.721202850341797,200.81968688964844,922.0210571289062,0.1101
11,11,346,-19.855297088623047,200.08187866210938,922.7343139648438,0.1309
11,11,347,-17.9713077545166,199.35964965820312,923.4042358398438,0.0566
11,11,348,-16.067657470703125,198.7252960205078,924.0148315429688,0.1086
11,11,349,-14.106546401977539,198.36700439453125,924.3572387695312,0.1476
11,11,350,-12.132376670837402,198.23716735839844,924.2297973632812,0.0847
11,11,351,-10.220003128051758,198.15792846679688,923.6673583984375,0.1068
11,11,352,-8.557158470153809,198.1018524169922,922.6044921875,0.1149
11,11,353,-7.351341247558594,198.17636108398438,921.0440673828125,0.1199
11,11,354,-6.643484115600586,198.71080017089844,919.193115234375,0.0576
11,11,355,-6.157994747161865,199.48687744140625,917.253662109375,0.0992
11,11,356,-5.848302841186523,200.45750427246094,915.2901000976562,0.2602
11,11,357,-5.9331793785095215,201.40306091308594,913.3026123046875,0.2442
11,11,358,-6.444478511810303,202.13116455078125,911.3715209960938,0.1245
11,11,359,-6.61096715927124,202.57052612304688,909.3963623046875,0.0913
11,11,360,-5.8169074058532715,202.72128295898438,907.619384765625,0.1971
11,11,361,-4.1316704750061035,202.680908203125,906.6658935546875,0.4003
11,11,362,-2.1750223636627197,202.34783935546875,906.6968383789062,0.2912
11,11,363,-0.35150396823883057,201.768310546875,907.462646484375,0.3733
11,11,364,1.2013176679611206,201.07594299316406,908.7090454101562,0.2203
11,11,365,2.4461560249328613,200.16961669921875,910.273681640625,0.1954
11,11,366,3.2960431575775146,199.0885009765625,912.0835571289062,0.2369
11,11,367,3.267963409423828,198.3487091064453,914.0565795898438,0.3146
11,11,368,2.4282777309417725,197.867919921875,915.8063354492188,0.1896
11,11,369,1.1151659488677979,197.67022705078125,917.2921142578125,0.0859
11,11,370,-0.26930534839630127,197.4502410888672,918.7063598632812,0.1493
11,11,371,-1.0088376998901367,197.01429748535156,920.4885864257812,0.2451
11,11,372,-0.5057761669158936,196.43075561523438,922.35498046875,0.2369
11,11,373,2.2696189880371094,196.06912231445312,921.8075561523438,0.1199
11,11,374,3.5163700580596924,195.85496520996094,921.9478759765625,0.1062
11,11,375,4.645293712615967,195.35653686523438,924.3423461914062,0.2308
11,11,376,6.896280765533447,194.91470336914062,926.98583984375,0.4471
11,11,377,9.504294395446777,194.8837127685547,927.1636962890625,0.4185
11,11,378,10.845893859863281,194.96585083007812,924.452392578125,0.2372
11,11,379,10.853188514709473,195.5463104248047,920.9703979492188,0.1969
11,11,380,11.603304862976074,195.927001953125,918.80322265625,0.3974
11,11,381,14.222539901733398,195.74049377441406,918.7265014648438,0.2205
11,11,382,17.529918670654297,195.38327026367188,920.0025634765625,0.2221
11,11,383,20.27037239074707,195.0914306640625,919.9996948242188,0.2086
11,11,384,21.237756729125977,194.87542724609375,917.3403930664062,0.1747
11,11,385,19.60112953186035,195.34207153320312,914.3973388671875,0.113
11,11,386,17.639406204223633,195.6781768798828,913.8677978515625,0.128
11,11,387,17.42308235168457,195.95875549316406,912.46826171875,0.1917
11,11,388,18.124971389770508,196.7505645751953,909.1647338867188,0.1996
11,11,389,18.333389282226562,197.95310974121094,906.153076171875,0.3134
11,11,390,16.359882354736328,198.53512573242188,904.886962890625,0.4143
11,11,391,13.073545455932617,198.38656616210938,905.8169555664062,0.6518
11,11,392,9.678664207458496,199.13973999023438,906.1498413085938,0.6174
11,11,393,10.659538269042969,200.4818572998047,902.7261962890625,0.7069
11,11,394,10.484939575195312,201.16734313964844,900.7909545898438,0.5039
11,11,395,11.217330932617188,201.52699279785156,898.9949340820312,0.4417
11,11,396,12.705449104309082,201.6703643798828,897.75,0.3335
11,11,397,14.576200485229492,201.52377319335938,897.959228515625,0.2848
11,11,398,17.56674575805664,202.28897094726562,896.090576171875,0.2807
11,11,399,20.218727111816406,201.62576293945312,897.6176147460938,0.3443
11,11,400,19.634998321533203,200.54042053222656,900.705322265625,0.2121
11,11,401,17.661338806152344,199.05950927734375,903.639404296875,0.3227
11,11,402,17.491458892822266,197.90997314453125,906.2093505859375,0.388
11,11,403,20.211790084838867,197.37733459472656,907.479736328125,0.1108
11,11,404,22.855560302734375,197.23934936523438,907.58056640625,0.1593
11,11,405,24.838274002075195,196.9713592529297,907.6470947265625,0.1874
11,11,406,26.74388885498047,197.0585479736328,907.0556640625,0.1952
11,11,407,28.517087936401367,197.32858276367188,906.1348876953125,0.21
11,11,408,30.16641616821289,197.6717529296875,905.005615234375,0.2388
11,11,409,31.683124542236328,198.15850830078125,903.7032470703125,0.3133
11,11,410,33.0338020324707,198.86578369140625,902.2296752929688,0.3267
11,11,411,34.1713981628418,199.47640991210938,900.5861206054688,0.3457
11,11,412,35.05791091918945,199.8287353515625,898.7948608398438,0.2759
11,11,413,35.69034957885742,200.31883239746094,896.8988647460938,0.2337
11,11,414,36.10443115234375,200.85267639160156,894.943115234375,0.2775
11,11,415,36.35247802734375,201.35450744628906,892.9592895507812,0.2089
11,11,416,36.47084426879883,201.70098876953125,890.9634399414062,0.2508
11,11,417,36.44276428222656,202.00140380859375,888.9646606445312,0.2917
11,11,418,36.12873458862305,202.16162109375,886.99560546875,0.3397
11,11,419,35.19126892089844,202.2737579345703,885.2614135742188,0.3369
11,11,420,33.48881530761719,202.662109375,884.2129516601562,0.3899
11,11,421,31.663206100463867,202.54486083984375,880.9749755859375,0.3442
11,11,422,29.395360946655273,202.71408081054688,883.1019287109375,0.4679
11,11,423,28.358047485351562,202.75306701660156,886.4262084960938,0.3475
11,11,424,27.198137283325195,202.75596618652344,888.1620483398438,0.0876
11,11,425,24.13018798828125,202.76742553710938,886.4791870117188,0.0428
11,11,426,22.573719024658203,202.77911376953125,887.7186889648438,0.1231
11,11,427,20.94872283935547,202.80894470214844,888.86572265625,0.2395
11,11,428,19.05006980895996,202.91310119628906,889.3600463867188,0.2514
11,11,429,17.13313102722168,203.24652099609375,888.9544067382812,0.315
11,11,430,15.577860832214355,203.40817260742188,887.7562866210938,0.3137
11,11,431,14.690279006958008,203.481689453125,886.0083618164062,0.0968
11,11,432,14.704000473022461,203.57986450195312,884.0523681640625,0.24
11,11,433,15.589567184448242,203.4709014892578,882.2987060546875,0.2734
11,11,434,16.965213775634766,203.2960205078125,880.8658447265625,0.4245
11,11,435,18.149736404418945,203.14471435546875,879.2650146484375,0.5304
11,11,436,17.023975372314453,203.41075134277344,876.7492065429688,0.3514
11,11,437,17.314207077026367,203.42332458496094,875.8536987304688,0.3728
11,11,438,19.426836013793945,203.0157470703125,874.0184936523438,0.4659
11,11,439,20.546375274658203,202.55941772460938,870.7701416015625,0.1941
11,11,440,18.801637649536133,202.6767578125,868.5847778320312,0.0693
11,11,441,15.549756050109863,203.40838623046875,869.459716796875,0.2294
11,11,442,13.930139541625977,203.94390869140625,872.150146484375,0.133
11,11,443,13.126465797424316,204.06072998046875,873.3204956054688,0.1964
11,11,444,10.662139892578125,204.50303649902344,872.7639770507812,0.1468
11,11,445,7.4797043800354,204.6007843017578,871.7498168945312,0.2446
11,11,446,5.781460285186768,204.74356079101562,871.4386596679688,0.2551
11,11,447,4.823845386505127,204.66763305664062,874.6199340820312,0.2871
11,11,448,2.8408775329589844,204.8298797607422,874.3634643554688,0.2344
11,11,449,0.9970070719718933,205.04449462890625,873.5965576171875,0.1326
11,11,450,-0.6454857587814331,205.2224578857422,872.4666748046875,0.3298
11,11,451,-2.0616326332092285,205.2577362060547,871.0651245117188,0.4312
11,11,452,-3.2389371395111084,205.29568481445312,869.4575805664062,0.4563
11,11,453,-4.171048164367676,205.41651916503906,867.6956787109375,0.2872
11,11,454,-4.856130123138428,205.60330200195312,865.8226318359375,0.1722
11,11,455,-5.296172142028809,205.73130798339844,863.8763427734375,0.1694
11,11,456,-5.496299743652344,205.78970336914062,861.8897094726562,0.0502
11,11,457,-5.463706016540527,205.68798828125,859.892333984375,0.1769
11,11,458,-5.206781387329102,205.36170959472656,857.91015625,0.2282
11,11,459,-4.7296061515808105,205.5384521484375,855.9683837890625,0.1826
11,11,460,-4.038479804992676,205.7940673828125,854.092529296875,0.1201
11,11,461,-3.1574270725250244,205.80589294433594,852.299072265625,0.0876
11,11,462,-2.0974655151367188,205.6165008544922,850.6058959960938,0.0893
11,11,463,-0.869587242603302,205.20223999023438,849.0310668945312,0.1266
11,11,464,0.5146035552024841,204.72418212890625,847.5922241210938,0.1598
11,11,465,2.04207444190979,204.07061767578125,846.3070068359375,0.3308
11,11,466,3.6981606483459473,203.4100341796875,845.1928100585938,0.2277
11,11,467,5.466208457946777,202.60113525390625,844.2667236328125,0.1635
11,11,468,6.413468837738037,200.8473663330078,840.7073974609375,0.1249
11,11,469,9.004829406738281,200.59963989257812,841.7386474609375,0.116
11,11,470,11.347807884216309,201.0997772216797,844.320068359375,0.1487
11,11,471,13.050847053527832,201.16998291015625,845.7589111328125,0.0385
11,11,472,14.876431465148926,200.77395629882812,844.692138671875,0.1633
11,11,473,17.541318893432617,199.936767578125,842.4804077148438,0.2001
11,11,474,20.377260208129883,199.40228271484375,841.7960205078125,0.3474
11,11,475,21.875808715820312,199.52978515625,843.8698120117188,0.2877
11,11,476,21.547447204589844,200.33497619628906,847.333740234375,0.1947
11,11,477,20.899423599243164,200.73187255859375,849.9021606445312,0.2764
11,11,478,22.014448165893555,200.54043579101562,850.9527587890625,0.1292
11,11,479,24.989486694335938,199.78904724121094,852.0777587890625,0.1403
11,11,480,27.138023376464844,199.59642028808594,854.7169189453125,0.2225
11,11,481,25.869417190551758,200.00247192382812,857.301025390625,0.2322
11,11,482,22.42181968688965,200.37448120117188,857.4131469726562,0.2659
11,11,483,19.193477630615234,201.31922912597656,856.6451416015625,0.2843
11,11,484,17.191993713378906,201.85438537597656,858.1046752929688,0.2285
11,11,485,17.736064910888672,201.61505126953125,861.3754272460938,0.1202
11,11,486,19.98075294494629,201.74124145507812,863.5341796875,0.1831
11,11,487,20.8444881439209,201.81077575683594,864.3751220703125,0.2154
11,11,488,19.949995040893555,202.1457977294922,866.5843505859375,0.0925
11,11,489,19.14109230041504,202.79568481445312,869.8823852539062,0.2143
11,11,490,19.535329818725586,202.95443725585938,871.968505859375,0.292
11,11,491,21.99424934387207,202.36273193359375,872.53759765625,0.3236
11,11,492,25.35515785217285,201.6923828125,872.1764526367188,0.385
11,11,493,27.057687759399414,201.47598266601562,871.684326171875,0.25
11,11,494,27.831470489501953,201.7134552001953,873.15576171875,0.3345
11,11,495,30.094318389892578,202.08248901367188,875.6832885742188,0.4386
11,11,496,33.39986038208008,202.08758544921875,875.9475708007812,0.2538
11,11,497,34.44186782836914,201.78543090820312,873.1126098632812,0.1307
11,11,498,32.81352615356445,201.43760681152344,869.9637451171875,0.1926
11,11,499,31.56035041809082,201.39541625976562,867.3739624023438,0.2712
11,11,500,32.84173583984375,201.2535858154297,865.619873046875,0.208
11,11,501,36.13755798339844,200.8605499267578,864.8847045898438,0.1131
11,11,502,39.11450958251953,200.78289794921875,864.3466796875,0.1055
11,11,503,40.007728576660156,200.76004028320312,862.6161499023438,0.1756
11,11,504,38.93442916870117,200.6715545654297,859.5979614257812,0.201
11,11,505,37.61756896972656,200.298583984375,856.723388671875,0.3897
11,11,506,38.035091400146484,199.96510314941406,855.1388549804688,0.4373
11,11,507,40.61397933959961,199.60011291503906,854.0266723632812,0.3863
11,11,508,42.96269607543945,199.49728393554688,851.3414916992188,0.4403
11,11,509,41.900081634521484,199.47979736328125,848.4185180664062,0.3587
11,11,510,38.57304000854492,199.49436950683594,848.465576171875,0.3727
11,11,511,35.79578399658203,199.58001708984375,850.5210571289062,0.5562
11,11,512,33.383689880371094,199.59246826171875,851.0966796875,0.578
11,11,513,31.774070739746094,199.50204467773438,848.46044921875,0.1824
11,11,514,32.38679885864258,199.2563018798828,845.0923461914062,0.1531
11,11,515,33.13610076904297,198.9661102294922,843.4348754882812,0.1453
11,11,516,31.70408821105957,198.8150634765625,842.4068603515625,0.3445
11,11,517,29.39370346069336,198.31077575683594,839.9225463867188,0.3563
11,11,518,29.263837814331055,197.58702087402344,836.8073120117188,0.4314
11,11,519,33.02684020996094,197.55398559570312,837.3519897460938,0.361
12,12,0,33.0877685546875,200.69247436523438,838.1852416992188,0.5251
12,12,1,34.72776412963867,200.3970184326172,837.0424194335938,0.5268
12,12,2,36.19652557373047,200.10089111328125,835.6875610351562,0.4952
12,12,3,37.11328125,199.65109252929688,833.9207763671875,0.5515
12,12,4,37.30320739746094,199.17086791992188,831.9468383789062,0.4284
12,12,5,36.77163314819336,198.5699462890625,830.0302734375,0.36
12,12,6,35.789154052734375,198.123046875,828.2955322265625,0.2093
12,12,7,34.51271438598633,197.68722534179688,826.7608642578125,0.1518
12,12,8,33.014549255371094,197.42660522460938,825.4396362304688,0.0923
12,12,9,31.314085006713867,196.92152404785156,824.3912353515625,0.0973
12,12,10,29.404695510864258,196.39295959472656,823.9547729492188,0.1202
12,12,11,26.57314109802246,196.203369140625,824.2872924804688,0.2459
12,12,12,24.689254760742188,197.50057983398438,826.8179321289062,0.1082
12,12,13,26.164138793945312,198.37408447265625,829.001708984375,0.218
12,12,14,28.897018432617188,198.81771850585938,831.30224609375,0.4478
12,12,15,29.376794815063477,199.80535888671875,834.4315795898438,0.6134
12,12,16,26.872989654541016,200.35641479492188,835.7457885742188,0.6788
12,12,17,23.522663116455078,200.4249267578125,834.7860717773438,0.5506
12,12,18,21.424060821533203,200.2408447265625,833.5330810546875,0.6711
12,12,19,20.374479293823242,200.52334594726562,834.3082885742188,0.6101
12,12,20,18.082176208496094,201.30076599121094,836.433837890625,0.4608
12,12,21,14.591681480407715,201.02850341796875,836.2832641601562,0.3135
12,12,22,13.70700740814209,199.81814575195312,833.2189331054688,0.3057
12,12,23,16.44532012939453,198.79957580566406,830.9934692382812,0.4184
12,12,24,19.24201011657715,199.263671875,831.1305541992188,0.4651
12,12,25,20.556039810180664,199.14308166503906,830.5429077148438,0.3183
12,12,26,21.014751434326172,197.80349731445312,827.4409790039062,0.1955
12,12,27,19.675268173217773,195.95602416992188,824.490234375,0.2612
12,12,28,19.79021453857422,194.5995635986328,822.68408203125,0.2124
12,12,29,22.324138641357422,194.2222900390625,821.5807495117188,0.2284
12,12,30,25.357378005981445,193.58554077148438,819.7730102539062,0.3362
12,12,31,25.955516815185547,192.47247314453125,817.0183715820312,0.168
12,12,32,22.31778907775879,191.34043884277344,815.9988403320312,0.3003
12,12,33,20.932144165039062,190.66143798828125,814.6373901367188,0.4328
12,12,34,19.114084243774414,190.36785888671875,813.8289794921875,0.5902
12,12,35,17.20961570739746,190.35047912597656,813.2228393554688,0.4887
12,12,36,15.293800354003906,190.3770294189453,812.6522827148438,0.634
12,12,37,13.367144584655762,190.27523803710938,812.1204833984375,0.5285
12,12,38,11.415928840637207,190.01541137695312,811.692138671875,0.5492
12,12,39,9.435051918029785,189.94076538085938,811.45166015625,0.4985
12,12,40,7.4442033767700195,189.84320068359375,811.4996948242188,0.4373
12,12,41,5.527774810791016,190.051513671875,811.9998779296875,0.4498
12,12,42,4.050112724304199,190.5802001953125,813.2640991210938,0.4892
12,12,43,3.809229612350464,191.28675842285156,815.1964111328125,0.4481
12,12,44,1.6752029657363892,192.7744598388672,817.685546875,0.0597
12,12,45,4.721983432769775,193.04571533203125,819.0667114257812,0.2367
12,12,46,7.545504093170166,193.55648803710938,821.0604248046875,0.152
12,12,47,7.012373924255371,195.44598388671875,824.1124267578125,0.1258
12,12,48,3.519838571548462,196.22267150878906,824.6666259765625,0.2474
12,12,49,1.5658683776855469,195.44439697265625,822.5852661132812,0.2165
12,12,50,1.511953353881836,195.16677856445312,822.0548095703125,0.1935
12,12,51,-1.2895575761795044,195.83395385742188,822.6317749023438,0.2973
12,12,52,-1.3132250308990479,194.86007690429688,820.6392211914062,0.2732
12,12,53,-1.0940457582473755,193.7567901611328,818.6539306640625,0.1725
12,12,54,-1.1023855209350586,192.7156982421875,816.655029296875,0.0899
12,12,55,-2.014195680618286,192.14239501953125,814.8814697265625,0.0407
12,12,56,-3.7187137603759766,192.0447998046875,813.85009765625,0.0718
12,12,57,-5.7040791511535645,192.28704833984375,813.6175537109375,0.0779
12,12,58,-7.66878604888916,192.72998046875,813.9761962890625,0.1164
12,12,59,-9.548948287963867,193.24343872070312,814.6453857421875,0.1184
12,12,60,-11.485907554626465,193.68740844726562,815.1314086914062,0.0568
12,12,61,-13.46339225769043,194.082275390625,815.4191284179688,0.102
12,12,62,-15.444371223449707,194.43496704101562,815.6863403320312,0.2257
12,12,63,-17.39767837524414,195.3323516845703,816.1097412109375,0.3777
12,12,64,-19.282176971435547,196.55381774902344,816.775634765625,0.3428
12,12,65,-21.046142578125,198.30946350097656,817.7159423828125,0.1595
12,12,66,-22.614164352416992,200.76467895507812,818.9553833007812,0.1419
12,12,67,-23.860687255859375,202.51651000976562,820.5160522460938,0.1627
12,12,68,-24.53936767578125,203.732177734375,822.3910522460938,0.2015
12,12,69,-24.302309036254883,204.59915161132812,824.3655395507812,0.2516
12,12,70,-23.06295394897461,205.1246795654297,825.9232177734375,0.2886
12,12,71,-21.2015380859375,204.9146728515625,826.6470947265625,0.2289
12,12,72,-19.21476936340332,204.53924560546875,826.8244018554688,0.2065
12,12,73,-17.349170684814453,204.42347717285156,827.5087280273438,0.1968
12,12,74,-16.033788681030273,204.5994415283203,829.002685546875,0.0912
12,12,75,-15.60445785522461,205.1340789794922,830.9464721679688,0.0863
12,12,76,-16.161460876464844,206.11770629882812,832.8597412109375,0.1954
12,12,77,-17.48635482788086,207.08438110351562,834.3565673828125,0.4209
12,12,78,-19.21476936340332,207.7144775390625,835.3580322265625,0.4263
12,12,79,-21.046321868896484,208.16802978515625,836.1547241210938,0.315
12,12,80,-22.746503829956055,208.81822204589844,837.1932373046875,0.2431
12,12,81,-23.996061325073242,209.6722869873047,838.71435546875,0.1392
12,12,82,-24.425621032714844,210.50421142578125,840.6250610351562,0.1949
12,12,83,-23.995729446411133,210.95509338378906,842.5475463867188,0.2278
12,12,84,-23.025846481323242,210.89425659179688,844.279296875,0.3385
12,12,85,-21.85555648803711,210.68934631347656,845.8983764648438,0.4249
12,12,86,-20.874298095703125,210.45567321777344,847.6215209960938,0.4504
12,12,87,-20.589065551757812,210.42196655273438,849.5430908203125,0.3403
12,12,88,-21.398197174072266,210.78118896484375,851.2855224609375,0.3559
12,12,89,-23.055404663085938,211.08224487304688,852.3053588867188,0.3463
12,12,90,-25.00603485107422,211.4838409423828,852.6201171875,0.2446
12,12,91,-27.001243591308594,211.64501953125,852.594970703125,0.1323
12,12,92,-28.988344192504883,211.52545166015625,852.6868896484375,0.1561
12,12,93,-30.833093643188477,211.10504150390625,853.3382568359375,0.1956
12,12,94,-32.14189529418945,210.51316833496094,854.7601928710938,0.0641
12,12,95,-32.57117462158203,209.85035705566406,856.6581420898438,0.0816
12,12,96,-32.263790130615234,209.46241760253906,858.6085205078125,0.1928
12,12,97,-31.58500862121582,209.15199279785156,860.4849853515625,0.3086
12,12,98,-30.931474685668945,208.8482666015625,862.3654174804688,0.4355
12,12,99,-30.702260971069336,208.7030487060547,864.3262329101562,0.4018
12,12,100,-31.1363468170166,208.8684844970703,866.2476196289062,0.4066
12,12,101,-32.24148941040039,208.86956787109375,867.8831176757812,0.3895
12,12,102,-33.85933303833008,209.01341247558594,869.023681640625,0.4615
12,12,103,-35.77750778198242,209.32815551757812,869.5391235351562,0.4934
12,12,104,-37.7684440612793,209.57728576660156,869.400146484375,0.4331
12,12,105,-39.643672943115234,209.60574340820312,868.7079467773438,0.3224
12,12,106,-41.41740798950195,209.86012268066406,867.7882690429688,0.2506
12,12,107,-43.31962966918945,210.18728637695312,867.1918334960938,0.1454
12,12,108,-45.25708770751953,210.40426635742188,867.5505981445312,0.0912
12,12,109,-46.6762580871582,210.66021728515625,868.9447631835938,0.133
12,12,110,-47.49317932128906,210.8130340576172,870.7670288085938,0.1085
12,12,111,-47.566287994384766,211.054931640625,872.7627563476562,0.1039
12,12,112,-47.036128997802734,211.19790649414062,874.68994140625,0.2849
12,12,113,-46.59048843383789,211.39431762695312,876.6385498046875,0.3915
12,12,114,-46.569740295410156,211.27777099609375,878.63134765625,0.2805
12,12,115,-47.135501861572266,211.29336547851562,880.5305786132812,0.1674
12,12,116,-48.27764892578125,211.64700317382812,882.1423950195312,0.124
12,12,117,-49.860565185546875,212.17152404785156,883.3218994140625,0.2198
12,12,118,-51.71592712402344,212.85098266601562,883.9966430664062,0.3004
12,12,119,-53.6859245300293,213.5026092529297,884.13818359375,0.3745
12,12,120,-55.623443603515625,214.1317596435547,883.7431640625,0.3793
12,12,121,-57.38398361206055,214.6652069091797,882.8320922851562,0.3749
12,12,122,-58.820735931396484,215.21421813964844,881.4554443359375,0.3433
12,12,123,-59.770904541015625,215.61895751953125,879.69677734375,0.2039
12,12,124,-60.032814025878906,215.67869567871094,877.7167358398438,0.1752
12,12,125,-59.58662796020508,215.16372680664062,875.7813110351562,0.1354
12,12,126,-58.515289306640625,214.43357849121094,874.1173706054688,0.3953
12,12,127,-57.01899719238281,213.90255737304688,872.8193359375,0.3771
12,12,128,-55.27496337890625,213.34523010253906,871.8636474609375,0.2244
12,12,129,-53.56544494628906,212.93377685546875,870.8426513671875,0.2934
12,12,130,-52.169090270996094,212.47323608398438,869.4356689453125,0.1554
12,12,131,-51.09733200073242,212.06292724609375,867.7573852539062,0.142
12,12,132,-50.13949966430664,211.77899169921875,866.0029296875,0.2259
12,12,133,-49.43599319458008,211.65762329101562,864.162353515625,0.392
12,12,134,-49.25810241699219,211.76263427734375,862.1943359375,0.3403
12,12,135,-49.893798828125,212.1077117919922,860.2991333007812,0.3198
12,12,136,-51.17960739135742,212.99423217773438,858.8132934570312,0.3073
12,12,137,-52.82966232299805,214.10606384277344,857.7865600585938,0.2198
12,12,138,-54.7462043762207,214.85455322265625,857.249267578125,0.1007
12,12,139,-56.73524475097656,215.30670166015625,857.4484252929688,0.3533
12,12,140,-58.54563903808594,215.70974731445312,858.2189331054688,0.3879
12,12,141,-60.2227668762207,215.92050170898438,859.302490234375,0.4889
12,12,142,-61.91582107543945,216.12484741210938,860.3630981445312,0.5371
12,12,143,-63.709232330322266,216.47206115722656,861.2393188476562,0.6103
12,12,144,-65.58204650878906,216.77279663085938,861.9335327148438,0.6159
12,12,145,-67.47552490234375,217.2339630126953,862.5740966796875,0.6014
12,12,146,-69.35099792480469,217.55233764648438,863.2647094726562,0.6662
12,12,147,-71.15827941894531,217.87876892089844,864.1123657226562,0.5098
12,12,148,-72.76776885986328,217.9810333251953,865.2766723632812,0.3923
12,12,149,-73.81425476074219,218.0168914794922,866.92578125,0.3775
12,12,150,-73.78965759277344,217.68994140625,868.8508911132812,0.3541
12,12,151,-72.93980407714844,217.43881225585938,870.6176147460938,0.3895
12,12,152,-71.47521209716797,217.37454223632812,871.887451171875,0.2753
12,12,153,-69.60385131835938,217.32955932617188,872.478515625,0.2853
12,12,154,-67.64456176757812,217.2578125,872.8323974609375,0.3067
12,12,155,-65.90011596679688,217.0970916748047,873.7017211914062,0.2902
12,12,156,-64.74855041503906,217.13751220703125,875.2526245117188,0.1895
12,12,157,-64.34483337402344,217.28562927246094,877.1879272460938,0.1992
12,12,158,-64.46149444580078,217.34825134277344,879.1756591796875,0.2126
12,12,159,-64.99188232421875,217.51890563964844,881.1029663085938,0.3063
12,12,160,-65.92489624023438,217.82835388183594,882.8699951171875,0.2205
12,12,161,-67.15025329589844,218.1634521484375,884.4415893554688,0.2196
12,12,162,-68.62750244140625,218.47801208496094,885.7757568359375,0.1384
12,12,163,-70.31092834472656,218.68130493164062,886.8364868164062,0.2784
12,12,164,-72.15088653564453,219.00204467773438,887.5933837890625,0.3153
12,12,165,-74.09442138671875,219.11251831054688,888.0213012695312,0.5234
12,12,166,-76.08444213867188,219.1218719482422,888.101318359375,0.5794
12,12,167,-78.0595474243164,219.11447143554688,887.8244018554688,0.592
12,12,168,-79.9570083618164,218.86175537109375,887.1968994140625,0.5945
12,12,169,-81.6966323852539,218.7064208984375,886.2122192382812,0.6065
12,12,170,-81.89505767822266,219.0044708251953,883.7750244140625,0.4131
12,12,171,-85.25251007080078,218.0863800048828,883.6671752929688,0.2205
12,12,172,-87.6336669921875,218.0580291748047,881.4983520507812,0.1339
12,12,173,-86.42495727539062,218.57460021972656,878.7008666992188,0.1374
12,12,174,-82.94003295898438,219.11630249023438,878.2830810546875,0.3368
12,12,175,-81.6623306274414,219.47439575195312,876.8108520507812,0.3748
12,12,176,-79.73454284667969,219.66342163085938,876.2822265625,0.2909
12,12,177,-78.1446533203125,219.44967651367188,875.092041015625,0.3624
12,12,178,-77.55126953125,219.03244018554688,873.2479858398438,0.36
12,12,179,-77.8453140258789,218.94000244140625,871.3074340820312,0.4484
12,12,180,-78.50410461425781,218.988525390625,869.4257202148438,0.311
12,12,181,-79.48320007324219,219.12448120117188,867.7138061523438,0.2073
12,12,182,-80.98129272460938,219.44583129882812,866.5021362304688,0.132
12,12,183,-82.93097686767578,219.69517517089844,866.4597778320312,0.199
12,12,184,-84.77190399169922,219.89865112304688,867.1923217773438,0.3027
12,12,185,-86.39054870605469,220.18072509765625,868.3452758789062,0.2459
12,12,186,-87.72119903564453,220.21469116210938,869.81787109375,0.1255
12,12,187,-88.6007308959961,220.1647186279297,871.5825805664062,0.159
12,12,188,-89.0262451171875,219.9502410888672,873.5343627929688,0.1708
12,12,189,-89.46881866455078,219.566162109375,875.4784545898438,0.22
12,12,190,-89.08773803710938,218.6047821044922,878.1116943359375,0.1875
12,12,191,-89.96878051757812,217.924560546875,881.1268310546875,0.4028
12,12,192,-92.86936950683594,217.76058959960938,881.1373901367188,0.5942
12,12,193,-95.79346466064453,218.72576904296875,879.0126953125,0.3982
12,12,194,-98.907958984375,219.07864379882812,878.5736083984375,0.4703
12,12,195,-98.51792907714844,218.2772674560547,882.3651123046875,0.514
12,12,196,-99.57974243164062,218.05429077148438,884.0528564453125,0.5967
12,12,197,-100.40189361572266,217.9141082763672,885.8706665039062,0.5763
12,12,198,-100.97837829589844,217.64996337890625,887.7797241210938,0.455
12,12,199,-101.27423858642578,217.47239685058594,889.7508544921875,0.3673
12,12,200,-101.25862884521484,217.3119354248047,891.7432250976562,0.2694
12,12,201,-100.91727447509766,216.9559326171875,893.7056884765625,0.3203
12,12,202,-100.25094604492188,216.770751953125,895.5825805664062,0.2457
12,12,203,-99.27033996582031,216.5599822998047,897.3153686523438,0.1437
12,12,204,-97.99280548095703,216.54183959960938,898.8411865234375,0.0831
12,12,205,-96.44078826904297,216.60635375976562,900.0831298828125,0.1831
12,12,206,-94.6472396850586,216.79092407226562,900.927734375,0.1861
12,12,207,-92.69467163085938,216.859619140625,901.1925659179688,0.0763
12,12,208,-90.8003921508789,216.90875244140625,900.7022094726562,0.1522
12,12,209,-89.23583984375,217.08993530273438,899.513671875,0.3268
12,12,210,-88.04185485839844,217.36033630371094,897.9248657226562,0.4674
12,12,211,-86.963623046875,217.42861938476562,896.2432861328125,0.6017
12,12,212,-85.6935043334961,217.6792449951172,894.7181396484375,0.7686
12,12,213,-84.06775665283203,218.0634765625,893.6057739257812,0.8099
12,12,214,-82.14253234863281,218.41819763183594,893.1972045898438,0.797
12,12,215,-80.20867919921875,218.551513671875,893.5897216796875,0.6344
12,12,216,-78.57199096679688,218.5438995361328,894.7026977539062,0.5683
12,12,217,-77.49197387695312,218.47433471679688,896.3682861328125,0.6205
12,12,218,-77.15884399414062,218.10025024414062,898.3325805664062,0.62
12,12,219,-77.59788513183594,217.86856079101562,900.28271484375,0.5786
12,12,220,-78.61931610107422,217.39002990722656,901.9993896484375,0.5062
12,12,221,-79.9195327758789,216.9219207763672,903.51416015625,0.4971
12,12,222,-80.86727905273438,216.74339294433594,905.265625,0.3488
12,12,223,-81.16221618652344,216.3816375732422,907.2129516601562,0.2129
12,12,224,-80.38661193847656,216.04010009765625,908.9607543945312,0.2627
12,12,225,-78.71515655517578,215.65878295898438,909.9138793945312,0.1116
12,12,226,-76.7576675415039,215.63963317871094,910.0715942382812,0.16
12,12,227,-74.80768585205078,215.89306640625,909.7083129882812,0.2692
12,12,228,-72.91681671142578,215.95281982421875,909.0646362304688,0.3063
12,12,229,-71.03118133544922,215.93605041503906,908.4283447265625,0.3476
12,12,230,-69.06400299072266,215.57467651367188,908.2665405273438,0.3118
12,12,231,-67.22969055175781,215.0802001953125,908.9503173828125,0.1456
12,12,232,-65.99853515625,214.5488739013672,910.4623413085938,0.1988
12,12,233,-65.66150665283203,213.88265991210938,912.3892822265625,0.2743
12,12,234,-66.1510009765625,213.35501098632812,914.3007202148438,0.3964
12,12,235,-67.18714141845703,212.85218811035156,916.001220703125,0.3684
12,12,236,-68.3009033203125,212.31312561035156,917.6414794921875,0.3395
12,12,237,-68.98910522460938,211.54537963867188,919.5040283203125,0.2725
12,12,238,-69.1453857421875,210.61923217773438,921.4968872070312,0.2913
12,12,239,-68.70207977294922,209.7844696044922,923.4335327148438,0.1946
12,12,240,-67.82115173339844,208.93663024902344,925.1909790039062,0.1618
12,12,241,-66.51612091064453,208.1391143798828,926.653564453125,0.1689
12,12,242,-64.7125473022461,207.5946502685547,927.5155639648438,0.2359
12,12,243,-62.744781494140625,207.2655029296875,927.4364624023438,0.1924
12,12,244,-60.954559326171875,207.3523406982422,926.697998046875,0.2128
12,12,245,-59.440364837646484,207.52261352539062,925.4326782226562,0.2463
12,12,246,-58.333065032958984,207.95458984375,923.7684326171875,0.3448
12,12,247,-57.52500534057617,208.54925537109375,921.9420776367188,0.378
12,12,248,-56.32719421386719,209.2288360595703,920.358154296875,0.3791
12,12,249,-54.53739547729492,209.3043212890625,919.5620727539062,0.36
12,12,250,-52.75005340576172,208.9993896484375,920.3185424804688,0.3886
12,12,251,-51.805049896240234,208.2479248046875,922.0331420898438,0.4191
12,12,252,-51.67555236816406,207.66734313964844,924.0148315429688,0.3531
12,12,253,-51.861183166503906,207.19491577148438,925.9991455078125,0.2299
12,12,254,-51.7265625,206.43942260742188,927.9899291992188,0.2218
12,12,255,-51.15699768066406,205.55364990234375,929.906005859375,0.1306
12,12,256,-50.10883331298828,204.72991943359375,931.5971069335938,0.1343
12,12,257,-48.55681228637695,204.01690673828125,932.7971801757812,0.2106
12,12,258,-46.672611236572266,203.49951171875,933.321533203125,0.1229
12,12,259,-44.692039489746094,203.17657470703125,933.2750854492188,0.188
12,12,260,-42.75117874145508,203.01171875,932.831787109375,0.1037
12,12,261,-40.886024475097656,202.98760986328125,932.1170043945312,0.1453
12,12,262,-39.07398223876953,202.9862060546875,931.2733764648438,0.1614
12,12,263,-37.27798080444336,202.99693298339844,930.3958129882812,0.1232
12,12,264,-35.493125915527344,202.8880157470703,929.49609375,0.1884
12,12,265,-33.752559661865234,203.03988647460938,928.5166015625,0.2823
12,12,266,-32.16925048828125,203.3519744873047,927.3156127929688,0.1938
12,12,267,-31.02257537841797,203.93685913085938,925.7247314453125,0.061
12,12,268,-30.506633758544922,204.65603637695312,923.79345703125,0.1185
12,12,269,-30.747337341308594,205.49517822265625,921.8136596679688,0.2861
12,12,270,-31.669923782348633,206.26010131835938,920.10546875,0.3047
12,12,271,-33.164161682128906,206.89466857910156,918.8222045898438,0.2424
12,12,272,-34.95933532714844,207.42486572265625,917.9826049804688,0.3032
12,12,273,-36.88667678833008,207.7521209716797,917.4635009765625,0.2051
12,12,274,-38.82027053833008,208.03712463378906,916.9837646484375,0.3732
12,12,275,-40.596656799316406,208.39186096191406,916.1163330078125,0.5679
12,12,276,-41.88779830932617,208.82708740234375,914.641845703125,0.6121
12,12,277,-42.274906158447266,209.18553161621094,912.73388671875,0.491
12,12,278,-41.65053939819336,209.53598022460938,910.8833618164062,0.2935
12,12,279,-40.31744384765625,209.8221435546875,909.4218139648438,0.1357
12,12,280,-38.648719787597656,209.95428466796875,908.3246459960938,0.1945
12,12,281,-36.91012954711914,209.90756225585938,907.34619140625,0.1171
12,12,282,-35.44868850708008,209.90945434570312,906.0014038085938,0.1704
12,12,283,-34.779136657714844,210.09939575195312,904.1542358398438,0.2229
12,12,284,-35.16273880004883,210.23037719726562,902.2254028320312,0.1709
12,12,285,-36.254005432128906,210.28956604003906,900.560302734375,0.2286
12,12,286,-37.5941276550293,210.3501739501953,899.0784912109375,0.2212
12,12,287,-38.793312072753906,210.57199096679688,897.4824829101562,0.3287
12,12,288,-39.60957336425781,210.85740661621094,895.6577758789062,0.4401
12,12,289,-39.916805267333984,211.0243682861328,893.6849975585938,0.373
12,12,290,-39.75038146972656,211.01901245117188,891.6996459960938,0.2397
12,12,291,-39.17691421508789,210.86756896972656,889.7933349609375,0.0574
12,12,292,-38.26664733886719,210.5919189453125,888.0231323242188,0.0942
12,12,293,-37.07882308959961,210.131591796875,886.4249267578125,0.1421
12,12,294,-35.662574768066406,209.69895935058594,885.0237426757812,0.2223
12,12,295,-34.060237884521484,209.25987243652344,883.8378295898438,0.2646
12,12,296,-32.31032180786133,208.87338256835938,882.8800048828125,0.2546
12,12,297,-30.449047088623047,208.7311248779297,882.1585693359375,0.2095
12,12,298,-28.510480880737305,208.62255859375,881.6762084960938,0.1404
12,12,299,-26.526058197021484,208.50643920898438,881.4354248046875,0.1765
12,12,300,-24.527406692504883,208.4971160888672,881.4466552734375,0.1314
12,12,301,-22.544437408447266,208.44509887695312,881.6867065429688,0.0396
12,12,302,-20.602811813354492,208.45193481445312,882.1513061523438,0.1295
12,12,303,-18.728132247924805,208.42320251464844,882.835693359375,0.1763
12,12,304,-16.946823120117188,208.40260314941406,883.734130859375,0.1319
12,12,305,-15.286808967590332,208.42367553710938,884.8396606445312,0.0383
12,12,306,-13.778286933898926,208.41932678222656,886.1434936523438,0.1245
12,12,307,-12.454081535339355,208.27369689941406,887.634033203125,0.1181
12,12,308,-11.349896430969238,208.01283264160156,889.2943115234375,0.2328
12,12,309,-10.502406120300293,207.77789306640625,891.1007080078125,0.4442
12,12,310,-9.947955131530762,207.6082305908203,893.02099609375,0.3278
12,12,311,-9.775574684143066,207.32403564453125,895.0123901367188,0.3247
12,12,312,-9.993988990783691,207.1727294921875,896.9945678710938,0.1795
12,12,313,-10.643798828125,206.95809936523438,898.872802734375,0.107
12,12,314,-11.756885528564453,206.83135986328125,900.509765625,0.0511
12,12,315,-13.307258605957031,206.77651977539062,901.7291870117188,0.0892
12,12,316,-15.15926456451416,206.91925048828125,902.4151000976562,0.2819
12,12,317,-17.13338279724121,207.16578674316406,902.6751708984375,0.3858
12,12,318,-19.118824005126953,207.51544189453125,902.8778076171875,0.4685
12,12,319,-21.036222457885742,207.73114013671875,903.3869018554688,0.5006
12,12,320,-22.766193389892578,207.98130798339844,904.3511352539062,0.5277
12,12,321,-24.18290138244629,207.9932403564453,905.7413330078125,0.4914
12,12,322,-25.219449996948242,207.82960510253906,907.4411010742188,0.426
12,12,323,-25.860666275024414,207.67056274414062,909.3321533203125,0.3675
12,12,324,-26.089101791381836,207.26669311523438,911.3179321289062,0.3122
12,12,325,-25.942378997802734,206.78599548339844,913.3089599609375,0.3921
12,12,326,-25.48558235168457,206.28192138671875,915.2504272460938,0.4717
12,12,327,-24.78104019165039,205.94720458984375,917.1168823242188,0.3698
12,12,328,-23.905675888061523,205.32382202148438,918.9119873046875,0.1888
12,12,329,-22.683025360107422,204.3809356689453,920.4566650390625,0.1435
12,12,330,-21.077512741088867,203.50311279296875,921.6131591796875,0.2128
12,12,331,-19.255727767944336,202.8101806640625,922.431884765625,0.2028
12,12,332,-17.376230239868164,202.1072998046875,923.110107421875,0.2642
12,12,333,-15.454419136047363,201.58448791503906,923.6432495117188,0.2576
12,12,334,-13.467370986938477,201.34033203125,923.810791015625,0.2897
12,12,335,-11.510034561157227,201.2548828125,923.4126586914062,0.2996
12,12,336,-9.654840469360352,201.180419921875,922.6924438476562,0.1841
12,12,337,-8.106073379516602,201.14036560058594,921.4370727539062,0.1357
12,12,338,-7.043893337249756,201.43389892578125,919.7437133789062,0.1642
12,12,339,-6.550727367401123,202.14466857910156,917.80859375,0.3319
12,12,340,-6.1829118728637695,203.01820373535156,915.84423828125,0.2423
12,12,341,-6.129838466644287,203.93499755859375,913.8583984375,0.3351
12,12,342,-6.468936443328857,204.63890075683594,911.9025268554688,0.2819
12,12,343,-6.777225971221924,205.16737365722656,909.9435424804688,0.1775
12,12,344,-6.278806209564209,205.34901428222656,908.0639038085938,0.2093
12,12,345,-4.7852044105529785,205.35403442382812,906.8385009765625,0.4281
12,12,346,-2.8288111686706543,205.1088104248047,906.7393188476562,0.4572
12,12,347,-1.0363563299179077,204.58062744140625,907.576171875,0.3487
12,12,348,0.3923385441303253,203.93557739257812,908.9495849609375,0.3844
12,12,349,1.4344220161437988,203.07891845703125,910.6353759765625,0.4612
12,12,350,1.982089638710022,202.21592712402344,912.5284423828125,0.4443
12,12,351,1.7373300790786743,201.47714233398438,914.4336547851562,0.3109
12,12,352,0.7875702381134033,201.03680419921875,916.1775512695312,0.3533
12,12,353,-0.511182963848114,200.8018341064453,917.694580078125,0.2605
12,12,354,-1.324676275253296,200.32833862304688,919.5205078125,0.1802
12,12,355,-1.0315616130828857,199.69723510742188,921.4738159179688,0.3748
12,12,356,0.057015180587768555,199.17498779296875,923.13525390625,0.3624
12,12,357,0.3689005970954895,198.81317138671875,926.5816650390625,0.2612
12,12,358,2.9841065406799316,198.3392333984375,927.689453125,0.276
12,12,359,5.4720234870910645,198.11569213867188,925.4395141601562,0.1424
12,12,360,6.883681774139404,198.55941772460938,922.4918823242188,0.2174
12,12,361,8.205719947814941,198.60873413085938,921.4841918945312,0.3789
12,12,362,10.617533683776855,198.4088134765625,922.5081176757812,0.2882
12,12,363,13.987268447875977,198.17025756835938,923.395751953125,0.0692
12,12,364,16.176000595092773,198.25762939453125,922.4412841796875,0.1199
12,12,365,16.15161895751953,198.52447509765625,919.8116455078125,0.0968
12,12,366,15.656208038330078,198.67929077148438,916.375,0.2184
12,12,367,16.02068328857422,198.84771728515625,914.34716796875,0.226
12,12,368,17.77883529663086,198.63807678222656,914.2716674804688,0.1499
12,12,369,20.519264221191406,198.65805053710938,912.500732421875,0.1213
12,12,370,20.983612060546875,199.52822875976562,909.52734375,0.2066
12,12,371,18.859939575195312,200.0097198486328,908.2536010742188,0.1551
12,12,372,15.45174503326416,200.1773223876953,908.3499755859375,0.2701
12,12,373,12.949698448181152,200.23936462402344,908.8215942382812,0.5599
12,12,374,11.555306434631348,200.96986389160156,907.3193359375,0.5739
12,12,375,11.726844787597656,202.52207946777344,903.8770751953125,0.6488
12,12,376,10.49172306060791,203.40243530273438,902.3572998046875,0.6641
12,12,377,10.521333694458008,203.99859619140625,900.3628540039062,0.5863
12,12,378,11.502896308898926,204.260986328125,898.6282348632812,0.3916
12,12,379,13.210755348205566,204.40280151367188,897.5985717773438,0.3093
12,12,380,15.767047882080078,205.24224853515625,894.874755859375,0.3598
12,12,381,17.22902488708496,204.1111602783203,898.1154174804688,0.4192
12,12,382,16.231752395629883,203.06564331054688,901.1326904296875,0.3435
12,12,383,16.29038429260254,202.28775024414062,902.7996215820312,0.3643
12,12,384,19.583404541015625,201.93917846679688,903.7335815429688,0.15
12,12,385,20.61268424987793,201.27783203125,905.4392700195312,0.0286
12,12,386,22.074432373046875,200.60874938964844,906.7764892578125,0.1403
12,12,387,23.933094024658203,200.1416015625,907.3804931640625,0.2292
12,12,388,25.89229393005371,200.03045654296875,907.1746215820312,0.205
12,12,389,27.746212005615234,200.2188720703125,906.4517211914062,0.3847
12,12,390,29.471540451049805,200.4694061279297,905.4495849609375,0.3278
12,12,391,31.073762893676758,200.8213348388672,904.25830078125,0.2821
12,12,392,32.530818939208984,201.44393920898438,902.8944091796875,0.4
12,12,393,33.79180145263672,202.01113891601562,901.3492431640625,0.295
12,12,394,34.79642105102539,202.49989318847656,899.6275024414062,0.3918
12,12,395,35.51394271850586,202.83673095703125,897.7672729492188,0.395
12,12,396,35.968265533447266,203.3580322265625,895.8241577148438,0.3475
12,12,397,36.22266387939453,203.85113525390625,893.8431396484375,0.3789
12,12,398,36.33590316772461,204.26629638671875,891.8482055664062,0.3293
12,12,399,36.2884407043457,204.5594482421875,889.8514404296875,0.2275
12,12,400,35.831031799316406,204.82040405273438,887.9183349609375,0.0848
12,12,401,34.56254959106445,205.00906372070312,886.4483032226562,0.2277
12,12,402,33.7894287109375,205.2633514404297,882.9791870117188,0.3727
12,12,403,30.925765991210938,205.371337890625,884.7722778320312,0.2798
12,12,404,29.35085678100586,205.36300659179688,887.6836547851562,0.2007
12,12,405,27.726037979125977,205.3806610107422,888.5812377929688,0.254
12,12,406,25.373342514038086,205.3970489501953,887.1363525390625,0.3729
12,12,407,23.314476013183594,205.40408325195312,887.3245239257812,0.3624
12,12,408,21.64063835144043,205.42584228515625,888.4089965820312,0.2926
12,12,409,19.790903091430664,205.51034545898438,889.0780029296875,0.3012
12,12,410,17.84244155883789,205.796142578125,888.9545288085938,0.2965
12,12,411,16.13787269592285,205.9884796142578,888.0026245117188,0.3206
12,12,412,14.998414993286133,206.03488159179688,886.4180908203125,0.2164
12,12,413,14.66554069519043,206.14878845214844,884.499267578125,0.1779
12,12,414,15.207674026489258,206.0982666015625,882.6214599609375,0.0957
12,12,415,16.379928588867188,205.99380493164062,881.0223999023438,0.2861
12,12,416,17.074981689453125,205.9290771484375,878.97021484375,0.4168
12,12,417,16.51917839050293,206.05430603027344,876.5743408203125,0.3062
12,12,418,17.593217849731445,205.98423767089844,875.8684692382812,0.2608
12,12,419,20.1419620513916,205.4752197265625,874.107421875,0.2268
12,12,420,20.89552116394043,205.123046875,870.8427734375,0.1554
12,12,421,18.64055633544922,205.41656494140625,869.0731201171875,0.1459
12,12,422,15.431520462036133,206.1330108642578,870.4488525390625,0.1836
12,12,423,14.105426788330078,206.52061462402344,872.9707641601562,0.1297
12,12,424,12.989714622497559,206.6395721435547,873.6290283203125,0.1942
12,12,425,10.184938430786133,207.07521057128906,872.7117919921875,0.1408
12,12,426,7.407707214355469,207.09365844726562,871.2177734375,0.1244
12,12,427,6.024511337280273,207.23291015625,871.0609741210938,0.1248
12,12,428,4.342513084411621,207.30807495117188,873.8178100585938,0.1131
12,12,429,2.4496755599975586,207.54879760742188,873.2177124023438,0.0487
12,12,430,0.7472488284111023,207.711181640625,872.1944580078125,0.2122
12,12,431,-0.7187580466270447,207.7434844970703,870.8516235351562,0.2941
12,12,432,-1.928324580192566,207.74801635742188,869.2711791992188,0.4111
12,12,433,-2.873366355895996,207.80357360839844,867.5172729492188,0.2987
12,12,434,-3.5528883934020996,207.88963317871094,865.6423950195312,0.2028
12,12,435,-3.971405029296875,208.01327514648438,863.6904296875,0.1125
12,12,436,-4.136796951293945,208.08248901367188,861.6995239257812,0.1671
12,12,437,-4.052353858947754,207.98403930664062,859.702392578125,0.2757
12,12,438,-3.720473527908325,207.82249450683594,857.7315673828125,0.2748
12,12,439,-3.169107675552368,208.17630004882812,855.811767578125,0.2306
12,12,440,-2.4092233180999756,208.27481079101562,853.9652709960938,0.2454
12,12,441,-1.452271580696106,208.207275390625,852.2136840820312,0.2854
12,12,442,-0.30998384952545166,207.86155700683594,850.5773315429688,0.1111
12,12,443,1.005448818206787,207.48257446289062,849.0770874023438,0.163
12,12,444,2.480560541152954,206.9276885986328,847.7338256835938,0.2131
12,12,445,4.099972248077393,206.33006286621094,846.5684204101562,0.3056
12,12,446,6.9966888427734375,206.00575256347656,848.0091552734375,0.3668
12,12,447,7.786948204040527,204.73446655273438,845.1248168945312,0.2394
12,12,448,9.161243438720703,203.42417907714844,842.022705078125,0.1728
12,12,449,11.439188003540039,202.85836791992188,841.2359008789062,0.0918
12,12,450,13.665717124938965,203.32386779785156,843.3937377929688,0.1841
12,12,451,15.093671798706055,203.77525329589844,846.429931640625,0.4398
12,12,452,16.356796264648438,203.89869689941406,847.7501831054688,0.4384
12,12,453,18.66771697998047,203.48800659179688,846.8714599609375,0.3789
12,12,454,22.00934600830078,202.73971557617188,845.8027954101562,0.336
12,12,455,24.589893341064453,202.44796752929688,846.7295532226562,0.4437
12,12,456,24.612361907958984,202.65379333496094,849.6057739257812,0.3247
12,12,457,22.533626556396484,203.1078338623047,852.3753662109375,0.2109
12,12,458,21.013578414916992,203.4688262939453,853.7278442382812,0.2141
12,12,459,21.74752426147461,203.26649475097656,855.1744384765625,0.2816
12,12,460,22.958953857421875,203.0861053466797,858.2725219726562,0.2593
12,12,461,22.813684463500977,203.58364868164062,861.0245971679688,0.1742
12,12,462,21.159204483032227,203.8966064453125,861.6946411132812,0.1154
12,12,463,17.89444351196289,204.421875,862.0038452148438,0.1944
12,12,464,15.363068580627441,205.090576171875,864.2852172851562,0.1855
12,12,465,16.392118453979492,205.52688598632812,867.019775390625,0.1419
12,12,466,19.8105411529541,204.95315551757812,867.6683349609375,0.0924
12,12,467,22.97157859802246,204.58883666992188,867.74658203125,0.2143
12,12,468,24.155590057373047,204.40611267089844,869.2238159179688,0.2293
12,12,469,23.629701614379883,204.70297241210938,872.1941528320312,0.3147
12,12,470,24.04556655883789,204.9049072265625,875.6453247070312,0.5185
12,12,471,26.597370147705078,204.78224182128906,876.9044799804688,0.4331
12,12,472,29.089954376220703,204.6096649169922,874.676025390625,0.257
12,12,473,29.7479248046875,204.20651245117188,871.45947265625,0.0678
12,12,474,30.1634578704834,204.16415405273438,870.055419921875,0.0971
12,12,475,32.42911148071289,204.1455535888672,869.8995361328125,0.1437
12,12,476,35.73837661743164,203.87734985351562,869.0880737304688,0.0984
12,12,477,37.51103973388672,203.57839965820312,867.7529907226562,0.1697
12,12,478,36.89055633544922,203.55218505859375,865.5018310546875,0.065
12,12,479,35.43220138549805,203.66461181640625,862.3463745117188,0.2109
12,12,480,35.21475601196289,203.48997497558594,859.8052368164062,0.3547
12,12,481,37.210655212402344,203.43893432617188,858.82763671875,0.4334
12,12,482,40.649658203125,203.08090209960938,858.3825073242188,0.2662
12,12,483,43.235076904296875,202.77243041992188,856.8193359375,0.0966
12,12,484,42.84178161621094,202.39358520507812,854.1372680664062,0.2809
12,12,485,39.84228515625,202.32730102539062,852.3782958984375,0.3423
12,12,486,37.36638259887695,202.46966552734375,852.4461669921875,0.2877
12,12,487,36.64750671386719,202.4501953125,851.5726928710938,0.3565
12,12,488,35.890682220458984,202.3419189453125,848.577392578125,0.328
12,12,489,35.18244552612305,202.2305145263672,845.7109375,0.094
12,12,490,34.17152786254883,202.15713500976562,845.0170288085938,0.1038
12,12,491,31.3953914642334,202.08181762695312,845.23486328125,0.2755
12,12,492,28.31237030029297,201.84671020507812,843.5989990234375,0.3479
12,12,493,28.22422981262207,201.41880798339844,840.7005615234375,0.5443
12,12,494,31.24418067932129,201.04598999023438,839.3505249023438,0.546
12,12,495,33.0877685546875,200.69247436523438,838.1852416992188,0.5251
13,13,0,33.2188835144043,203.75244140625,838.8001708984375,0.5228
13,13,1,34.79869079589844,203.4647979736328,837.577392578125,0.3899
13,13,2,36.115142822265625,203.13711547851562,836.0738525390625,0.3752
13,13,3,36.99372100830078,202.69923400878906,834.280029296875,0.446
13,13,4,37.28413391113281,202.255126953125,832.3060913085938,0.4922
13,13,5,36.87298583984375,201.69639587402344,830.3536376953125,0.3899
13,13,6,35.96469497680664,201.23809814453125,828.5736083984375,0.2996
13,13,7,34.73151397705078,200.8157958984375,827.0017700195312,0.2529
13,13,8,33.24451446533203,200.564208984375,825.6697387695312,0.2825
13,13,9,31.529516220092773,200.16708374023438,824.6537475585938,0.2781
13,13,10,29.61089324951172,199.6634521484375,824.1407470703125,0.1906
13,13,11,28.163785934448242,199.9364471435547,825.1325073242188,0.169
13,13,12,24.90708351135254,200.30123901367188,826.2680053710938,0.2479
13,13,13,24.296600341796875,201.3744659423828,828.5565795898438,0.4716
13,13,14,26.117746353149414,201.88800048828125,830.34375,0.5426
13,13,15,27.761974334716797,202.56741333007812,833.4107666015625,0.5723
13,13,16,26.970312118530273,203.3497772216797,836.0233764648438,0.755
13,13,17,24.070127487182617,203.67298889160156,836.2672729492188,0.6314
13,13,18,21.11549186706543,203.52940368652344,834.5713500976562,0.487
13,13,19,19.892330169677734,203.0760955810547,833.3313598632812,0.4877
13,13,20,18.738567352294922,203.41854858398438,834.3123168945312,0.4675
13,13,21,15.491581916809082,203.3629913330078,834.7615356445312,0.2223
13,13,22,13.272652626037598,202.38442993164062,832.1776733398438,0.2249
13,13,23,14.968193054199219,201.3235626220703,829.5575561523438,0.2555
13,13,24,18.560855865478516,201.41481018066406,829.4053344726562,0.481
13,13,25,21.533140182495117,201.6772918701172,829.2513427734375,0.4163
13,13,26,22.43648338317871,200.72171020507812,827.1139526367188,0.3015
13,13,27,21.218372344970703,198.891845703125,823.9613037109375,0.0885
13,13,28,19.7265567779541,197.1454315185547,821.529541015625,0.0978
13,13,29,20.095212936401367,196.29177856445312,820.127685546875,0.2698
13,13,30,22.553571701049805,195.80169677734375,818.369873046875,0.0942
13,13,31,21.93755340576172,194.92758178710938,816.481201171875,0.2244
13,13,32,20.480371475219727,194.28668212890625,815.1165161132812,0.3954
13,13,33,18.73236846923828,193.95736694335938,814.1478881835938,0.6049
13,13,34,16.89752769470215,193.9141387939453,813.3560791015625,0.4772
13,13,35,15.027999877929688,193.9007568359375,812.650146484375,0.3199
13,13,36,13.126057624816895,193.7511749267578,812.037109375,0.3407
13,13,37,11.18262004852295,193.51998901367188,811.57373046875,0.3787
13,13,38,9.198708534240723,193.45199584960938,811.3468017578125,0.2953
13,13,39,7.208574295043945,193.37139892578125,811.4761352539062,0.3051
13,13,40,5.334481716156006,193.63648986816406,812.1443481445312,0.3614
13,13,41,4.097779273986816,194.1981658935547,813.651611328125,0.427
13,13,42,5.639302730560303,194.7074432373047,815.5383911132812,0.2462
13,13,43,3.1914777755737305,196.0088653564453,817.9190063476562,0.1276
13,13,44,2.14085054397583,197.31422424316406,820.1533813476562,0.201
13,13,45,3.2427401542663574,197.78573608398438,821.2135620117188,0.1785
13,13,46,5.222265243530273,198.67506408691406,823.7180786132812,0.3008
13,13,47,4.351108074188232,200.47442626953125,827.1107177734375,0.2527
13,13,48,0.8646425604820251,200.83213806152344,827.157470703125,0.1548
13,13,49,-0.12587223947048187,199.35107421875,823.7371215820312,0.1827
13,13,50,1.6028997898101807,198.19754028320312,821.6962890625,0.2102
13,13,51,1.4521726369857788,197.42486572265625,820.1286010742188,0.206
13,13,52,-1.106797695159912,196.85360717773438,818.1970825195312,0.2404
13,13,53,-3.905452251434326,196.94313049316406,817.3143310546875,0.3186
13,13,54,-2.7457454204559326,195.60198974609375,814.677734375,0.1704
13,13,55,-4.476634502410889,195.5650177001953,813.7528076171875,0.2071
13,13,56,-6.449579238891602,195.80902099609375,813.647216796875,0.1684
13,13,57,-8.37358283996582,196.24862670898438,814.158447265625,0.1791
13,13,58,-10.239233016967773,196.76239013671875,814.8602905273438,0.2205
13,13,59,-12.189760208129883,197.17660522460938,815.2759399414062,0.2279
13,13,60,-14.180354118347168,197.4207763671875,815.450927734375,0.2643
13,13,61,-16.160388946533203,197.85284423828125,815.6636352539062,0.4105
13,13,62,-18.07416534423828,198.86636352539062,816.2312622070312,0.3305
13,13,63,-19.895795822143555,200.14308166503906,817.0509643554688,0.3369
13,13,64,-21.593658447265625,202.13189697265625,818.1050415039062,0.1045
13,13,65,-23.066347122192383,204.3275909423828,819.4553833007812,0.2821
13,13,66,-24.134571075439453,205.7294921875,821.1403198242188,0.1023
13,13,67,-24.533552169799805,206.75930786132812,823.0865478515625,0.1822
13,13,68,-23.993051528930664,207.50222778320312,824.9876708984375,0.1317
13,13,69,-22.557571411132812,207.85679626464844,826.3485717773438,0.1354
13,13,70,-20.6468563079834,207.55825805664062,826.8890991210938,0.2466
13,13,71,-18.660165786743164,207.2413330078125,827.0870361328125,0.164
13,13,72,-16.893901824951172,207.19857788085938,828.001953125,0.176
13,13,73,-15.885152816772461,207.4723358154297,829.68798828125,0.0876
13,13,74,-15.853017807006836,208.15133666992188,831.6514282226562,0.089
13,13,75,-16.75957489013672,209.09835815429688,833.3941040039062,0.334
13,13,76,-18.28102684020996,209.92132568359375,834.6514282226562,0.4246
13,13,77,-20.051929473876953,210.37022399902344,835.56103515625,0.3868
13,13,78,-21.80299186706543,210.8316192626953,836.5155639648438,0.3047
13,13,79,-23.27256965637207,211.59751892089844,837.8272705078125,0.3781
13,13,80,-24.10605812072754,212.36572265625,839.586669921875,0.3567
13,13,81,-24.065736770629883,212.9879913330078,841.5362548828125,0.3196
13,13,82,-23.317277908325195,213.15585327148438,843.3622436523438,0.4094
13,13,83,-22.210466384887695,213.03211975097656,845.0220947265625,0.5646
13,13,84,-21.11148452758789,212.81861877441406,846.6803588867188,0.5329
13,13,85,-20.477357864379883,212.6788330078125,848.5372314453125,0.4938
13,13,86,-20.78228187561035,212.8831787109375,850.4425659179688,0.4724
13,13,87,-22.108196258544922,213.2371063232422,851.8408813476562,0.4316
13,13,88,-23.968286514282227,213.57147216796875,852.4568481445312,0.3576
13,13,89,-25.957197189331055,213.85952758789062,852.5364379882812,0.1998
13,13,90,-27.950876235961914,213.93246459960938,852.505126953125,0.1737
13,13,91,-29.894289016723633,213.66493225097656,852.8460693359375,0.2624
13,13,92,-31.509174346923828,213.11846923828125,853.9302978515625,0.2022
13,13,93,-32.31974792480469,212.5609893798828,855.6943969726562,0.0788
13,13,94,-32.285213470458984,212.0089569091797,857.666259765625,0.2112
13,13,95,-31.767934799194336,211.7180938720703,859.5936279296875,0.1584
13,13,96,-31.16173553466797,211.40933227539062,861.492431640625,0.3433
13,13,97,-30.91224479675293,211.12454223632812,863.4654541015625,0.4523
13,13,98,-31.27597999572754,211.23829650878906,865.4244995117188,0.3898
13,13,99,-32.29194641113281,211.35653686523438,867.1453857421875,0.5413
13,13,100,-33.85300827026367,211.43182373046875,868.3920288085938,0.5989
13,13,101,-35.735450744628906,211.73056030273438,869.0404663085938,0.5256
13,13,102,-37.72126388549805,211.9553985595703,869.0637817382812,0.3573
13,13,103,-39.65565872192383,211.9900360107422,868.6070556640625,0.2284
13,13,104,-41.53742980957031,212.2464599609375,867.938720703125,0.3598
13,13,105,-43.468177795410156,212.54150390625,867.4761962890625,0.2436
13,13,106,-45.40967559814453,212.76376342773438,867.6797485351562,0.1911
13,13,107,-46.976078033447266,213.0554656982422,868.811279296875,0.1409
13,13,108,-47.728759765625,213.18338012695312,870.6064453125,0.2038
13,13,109,-47.716976165771484,213.375,872.5792846679688,0.1412
13,13,110,-47.30233383178711,213.51866149902344,874.5283203125,0.08
13,13,111,-46.9322624206543,213.71774291992188,876.4866943359375,0.1802
13,13,112,-46.96834945678711,213.676025390625,878.4613037109375,0.2415
13,13,113,-47.60744857788086,213.7321319580078,880.3209838867188,0.1096
13,13,114,-48.83921813964844,214.0692901611328,881.8579711914062,0.158
13,13,115,-50.506141662597656,214.55186462402344,882.92138671875,0.2174
13,13,116,-52.422611236572266,215.1701202392578,883.4423217773438,0.234
13,13,117,-54.41912078857422,215.8098602294922,883.3969116210938,0.2801
13,13,118,-56.300289154052734,216.40957641601562,882.7225952148438,0.3077
13,13,119,-57.892120361328125,216.85708618164062,881.5322875976562,0.2984
13,13,120,-59.036678314208984,217.2821807861328,879.9203491210938,0.2353
13,13,121,-59.57136154174805,217.47927856445312,878.0277709960938,0.1577
13,13,122,-59.3787956237793,217.10841369628906,876.0784912109375,0.1069
13,13,123,-58.49668502807617,216.5218505859375,874.3264770507812,0.2208
13,13,124,-57.125770568847656,216.06280517578125,872.9003295898438,0.3352
13,13,125,-55.47826385498047,215.57847595214844,871.7779541015625,0.3602
13,13,126,-53.76719284057617,215.18154907226562,870.7642822265625,0.3331
13,13,127,-52.342411041259766,214.75592041015625,869.3818359375,0.1835
13,13,128,-51.40441131591797,214.39126586914062,867.6172485351562,0.1382
13,13,129,-50.87540054321289,214.1910858154297,865.6944580078125,0.2859
13,13,130,-50.77330780029297,214.19119262695312,863.7246704101562,0.3352
13,13,131,-51.20051956176758,214.43960571289062,861.8264770507812,0.2769
13,13,132,-52.32003402709961,215.12661743164062,860.1710815429688,0.1791
13,13,133,-54.06285858154297,216.007568359375,859.2078247070312,0.1466
13,13,134,-55.97348403930664,216.69448852539062,858.8054809570312,0.443
13,13,135,-57.93233871459961,217.33242797851562,858.960693359375,0.5523
13,13,136,-59.805511474609375,217.8056182861328,859.6552124023438,0.5225
13,13,137,-61.58493423461914,218.05255126953125,860.564697265625,0.5935
13,13,138,-63.44272994995117,218.3867645263672,861.2966918945312,0.6061
13,13,139,-65.34231567382812,218.69395446777344,861.9154052734375,0.592
13,13,140,-67.2393569946289,219.13656616210938,862.5435180664062,0.7148
13,13,141,-69.10952758789062,219.4207000732422,863.2467651367188,0.7056
13,13,142,-70.90805053710938,219.75453186035156,864.113037109375,0.5688
13,13,143,-72.51766967773438,219.83218383789062,865.2824096679688,0.3481
13,13,144,-73.6469497680664,219.86184692382812,866.8936157226562,0.3721
13,13,145,-73.80262756347656,219.605712890625,868.8206787109375,0.4228
13,13,146,-73.05291748046875,219.3741455078125,870.6220703125,0.3082
13,13,147,-71.5948257446289,219.30616760253906,871.8914794921875,0.2635
13,13,148,-69.73416137695312,219.26622009277344,872.5325927734375,0.2806
13,13,149,-67.81301879882812,219.2123565673828,873.0382690429688,0.3224
13,13,150,-66.19583892822266,219.1381072998047,874.094970703125,0.4378
13,13,151,-65.29673767089844,219.18087768554688,875.8043212890625,0.3562
13,13,152,-65.21449279785156,219.31698608398438,877.7864379882812,0.2735
13,13,153,-65.59799194335938,219.4917449951172,879.7440185546875,0.2938
13,13,154,-66.38861846923828,219.72984313964844,881.5794067382812,0.335
13,13,155,-67.52478790283203,219.9302978515625,883.2181396484375,0.1955
13,13,156,-68.93817901611328,220.35304260253906,884.6184692382812,0.1906
13,13,157,-70.5828628540039,220.61483764648438,885.7347412109375,0.2888
13,13,158,-72.40445709228516,220.9363250732422,886.5291137695312,0.3717
13,13,159,-74.3421401977539,221.03720092773438,886.9716796875,0.3788
13,13,160,-76.33039093017578,220.95909118652344,887.0415649414062,0.3655
13,13,161,-78.29969024658203,220.9417724609375,886.7279663085938,0.3736
13,13,162,-80.15699005126953,220.84649658203125,885.9903564453125,0.548
13,13,163,-81.77729034423828,220.7423553466797,884.8297729492188,0.4023
13,13,164,-80.69207763671875,221.2119140625,881.9759521484375,0.1883
13,13,165,-83.34255981445312,220.6967315673828,881.4158935546875,0.2381
13,13,166,-85.79138946533203,220.479248046875,878.8626708984375,0.16
13,13,167,-84.73734283447266,220.95745849609375,875.9420166015625,0.2239
13,13,168,-81.01266479492188,221.40780639648438,876.6778564453125,0.173
13,13,169,-79.26380920410156,221.4393768310547,875.7513427734375,0.3034
13,13,170,-78.03548431396484,221.11819458007812,874.243408203125,0.3923
13,13,171,-77.89469146728516,220.84439086914062,872.2594604492188,0.3393
13,13,172,-78.37167358398438,220.8367919921875,870.3187866210938,0.2941
13,13,173,-79.06639862060547,220.8895263671875,868.4461669921875,0.281
13,13,174,-80.42693328857422,221.119873046875,867.0208129882812,0.0589
13,13,175,-82.35282135009766,221.4362335205078,866.5859985351562,0.2057
13,13,176,-84.29122161865234,221.57830810546875,867.022705078125,0.202
13,13,177,-86.01707458496094,221.90203857421875,868.0150146484375,0.2319
13,13,178,-87.43870544433594,221.9830780029297,869.4107666015625,0.1871
13,13,179,-88.42655181884766,221.9512481689453,871.139892578125,0.1829
13,13,180,-88.78778839111328,221.7562713623047,873.1050415039062,0.1475
13,13,181,-89.0405044555664,221.40725708007812,875.0858764648438,0.2262
13,13,182,-92.0969009399414,221.51589965820312,875.7521362304688,0.3679
13,13,183,-92.44835662841797,221.1359405517578,876.7638549804688,0.436
13,13,184,-92.45984649658203,220.08224487304688,879.7033081054688,0.6094
13,13,185,-93.72673034667969,219.39549255371094,882.53271484375,0.6554
13,13,186,-95.02310943603516,219.3695068359375,883.0560302734375,0.5933
13,13,187,-97.87979888916016,220.1404266357422,881.9691772460938,0.5253
13,13,188,-99.1382827758789,219.98626708984375,883.5181274414062,0.4425
13,13,189,-100.14697265625,219.82916259765625,885.2394409179688,0.5012
13,13,190,-100.87850952148438,219.6795196533203,887.0947265625,0.3493
13,13,191,-101.29608154296875,219.479736328125,889.0446166992188,0.3811
13,13,192,-101.38525390625,219.32911682128906,891.036865234375,0.2666
13,13,193,-101.14995574951172,219.04356384277344,893.0172119140625,0.3068
13,13,194,-100.59772491455078,218.79490661621094,894.9334106445312,0.2473
13,13,195,-99.73347473144531,218.5873260498047,896.7301025390625,0.0584
13,13,196,-98.56293487548828,218.4813232421875,898.3431396484375,0.227
13,13,197,-97.10049438476562,218.53250122070312,899.6954345703125,0.3609
13,13,198,-95.374755859375,218.6746063232422,900.6838989257812,0.3965
13,13,199,-93.45071411132812,218.8026885986328,901.1536254882812,0.2645
13,13,200,-91.49373626708984,218.8280487060547,900.9235229492188,0.1316
13,13,201,-89.77050018310547,218.96218872070312,899.9569091796875,0.1195
13,13,202,-88.41638946533203,219.2196807861328,898.495361328125,0.2936
13,13,203,-87.30490112304688,219.34628295898438,896.8352661132812,0.3645
13,13,204,-86.06288146972656,219.46127319335938,895.2697143554688,0.6733
13,13,205,-84.46121978759766,219.8527069091797,894.076416015625,0.7905
13,13,206,-82.5436782836914,220.20602416992188,893.5519409179688,0.6886
13,13,207,-80.58292388916016,220.39871215820312,893.8433227539062,0.7126
13,13,208,-78.90126037597656,220.38583374023438,894.8856811523438,0.649
13,13,209,-77.75843811035156,220.296142578125,896.4949951171875,0.6296
13,13,210,-77.33087921142578,219.97216796875,898.41748046875,0.6686
13,13,211,-77.6436538696289,219.7522430419922,900.3626098632812,0.4439
13,13,212,-78.51387023925781,219.30372619628906,902.141845703125,0.4346
13,13,213,-79.6319808959961,218.87867736816406,903.796142578125,0.3382
13,13,214,-80.5007095336914,218.64927673339844,905.5617065429688,0.2612
13,13,215,-80.61805725097656,218.3433380126953,907.4776000976562,0.1851
13,13,216,-79.60456085205078,217.8914031982422,909.0594482421875,0.1366
13,13,217,-77.789306640625,217.74571228027344,909.7599487304688,0.1398
13,13,218,-75.80815124511719,217.8013916015625,909.73828125,0.1703
13,13,219,-73.86665344238281,217.97073364257812,909.2706298828125,0.2208
13,13,220,-71.98109436035156,218.00344848632812,908.6087036132812,0.2712
13,13,221,-70.01020050048828,217.80357360839844,908.2841796875,0.216
13,13,222,-68.05403900146484,217.35206604003906,908.6173706054688,0.1032
13,13,223,-66.4696044921875,216.8637237548828,909.7938842773438,0.1016
13,13,224,-65.68950653076172,216.24839782714844,911.6111450195312,0.2405
13,13,225,-65.7842025756836,215.67361450195312,913.59228515625,0.2151
13,13,226,-66.44821166992188,215.10321044921875,915.4632568359375,0.2976
13,13,227,-67.3937759399414,214.54837036132812,917.2182006835938,0.2928
13,13,228,-68.15422058105469,213.88088989257812,919.0496215820312,0.3189
13,13,229,-68.23500061035156,213.0017547607422,920.996826171875,0.2131
13,13,230,-67.60083770751953,212.08419799804688,922.862060546875,0.1638
13,13,231,-66.43165588378906,211.21424865722656,924.4453125,0.2066
13,13,232,-64.7822036743164,210.56463623046875,925.433837890625,0.1294
13,13,233,-62.8109245300293,210.18240356445312,925.5772094726562,0.1446
13,13,234,-60.98529052734375,210.2418975830078,924.7643432617188,0.2734
13,13,235,-59.491512298583984,210.60299682617188,923.4664916992188,0.1878
13,13,236,-58.27106857299805,211.08302307128906,921.899169921875,0.2128
13,13,237,-57.00077438354492,211.6633758544922,920.3766479492188,0.2907
13,13,238,-55.30912399291992,211.86927795410156,919.42236328125,0.3243
13,13,239,-53.41054916381836,211.6287078857422,919.6055908203125,0.2854
13,13,240,-52.041709899902344,211.13290405273438,920.9674682617188,0.3354
13,13,241,-51.55241012573242,210.44004821777344,922.8740234375,0.3849
13,13,242,-51.61277770996094,209.94444274902344,924.8642578125,0.3508
13,13,243,-51.37849807739258,209.3678436279297,926.8427734375,0.2068
13,13,244,-50.74626159667969,208.59999084472656,928.7259521484375,0.1776
13,13,245,-49.71791076660156,207.8199005126953,930.415283203125,0.2167
13,13,246,-48.26761245727539,207.08285522460938,931.7334594726562,0.108
13,13,247,-46.44204330444336,206.54518127441406,932.4716796875,0.1557
13,13,248,-44.452327728271484,206.1425323486328,932.5899658203125,0.136
13,13,249,-42.47432327270508,205.935546875,932.3054809570312,0.2022
13,13,250,-40.567726135253906,205.84671020507812,931.7089233398438,0.2734
13,13,251,-38.7206916809082,205.83285522460938,930.9484252929688,0.2619
13,13,252,-36.917232513427734,205.8021697998047,930.0881958007812,0.224
13,13,253,-35.164371490478516,205.76168823242188,929.1292724609375,0.1708
13,13,254,-33.520286560058594,206.02865600585938,927.995849609375,0.2766
13,13,255,-32.178977966308594,206.49874877929688,926.5237426757812,0.2042
13,13,256,-31.5694522857666,207.18609619140625,924.64794921875,0.1136
13,13,257,-31.55036163330078,207.98826599121094,922.6867065429688,0.1841
13,13,258,-32.15176773071289,208.67327880859375,920.8414916992188,0.2477
13,13,259,-33.46754455566406,209.29542541503906,919.3587036132812,0.3151
13,13,260,-35.13071823120117,209.883544921875,918.2599487304688,0.2858
13,13,261,-36.981117248535156,210.24002075195312,917.5052490234375,0.2355
13,13,262,-38.88191223144531,210.54571533203125,916.8883666992188,0.2881
13,13,263,-40.61928176879883,210.89828491210938,915.91064453125,0.4949
13,13,264,-41.8713493347168,211.31484985351562,914.3788452148438,0.5852
13,13,265,-42.19843292236328,211.6394805908203,912.4313354492188,0.2958
13,13,266,-41.399478912353516,211.97970581054688,910.6119995117188,0.2767
13,13,267,-39.90717697143555,212.20069885253906,909.2828369140625,0.2079
13,13,268,-38.164161682128906,212.27371215820312,908.3057250976562,0.0892
13,13,269,-36.524410247802734,212.24229431152344,907.1653442382812,0.1298
13,13,270,-35.26662826538086,212.3117218017578,905.6320190429688,0.1553
13,13,271,-34.821624755859375,212.4958038330078,903.715576171875,0.1523
13,13,272,-35.395233154296875,212.59254455566406,901.8199462890625,0.0889
13,13,273,-36.550209045410156,212.63931274414062,900.1934814453125,0.2551
13,13,274,-37.68012619018555,212.7130584716797,898.5452880859375,0.2514
13,13,275,-38.53304672241211,212.93701171875,896.74462890625,0.3072
13,13,276,-38.96967315673828,213.13673400878906,894.8087158203125,0.3242
13,13,277,-38.937625885009766,213.18722534179688,892.8267211914062,0.2223
13,13,278,-38.46247863769531,213.1449737548828,890.9002075195312,0.2181
13,13,279,-37.60793685913086,212.93212890625,889.105712890625,0.1669
13,13,280,-36.4425163269043,212.58119201660156,887.4917602539062,0.1477
13,13,281,-35.02649688720703,212.22354125976562,886.0885620117188,0.2382
13,13,282,-33.411155700683594,211.87158203125,884.9158325195312,0.1768
13,13,283,-31.640913009643555,211.61981201171875,883.988525390625,0.2474
13,13,284,-29.751543045043945,211.5093231201172,883.3378295898438,0.1147
13,13,285,-27.79545783996582,211.45639038085938,882.9385986328125,0.2512
13,13,286,-25.80573081970215,211.4044952392578,882.7890625,0.1991
13,13,287,-23.813505172729492,211.37014770507812,882.8858642578125,0.1157
13,13,288,-21.84841537475586,211.32632446289062,883.224853515625,0.218
13,13,289,-19.940019607543945,211.28451538085938,883.8019409179688,0.2552
13,13,290,-18.1181583404541,211.19259643554688,884.6116333007812,0.334
13,13,291,-16.41374397277832,210.97048950195312,885.6461791992188,0.3097
13,13,292,-14.85954475402832,210.90579223632812,886.8959350585938,0.1777
13,13,293,-13.490349769592285,210.80072021484375,888.34765625,0.1499
13,13,294,-12.342859268188477,210.53762817382812,889.9832763671875,0.2341
13,13,295,-11.493635177612305,210.32070922851562,891.792236328125,0.3572
13,13,296,-10.967059135437012,210.16465759277344,893.7164916992188,0.5164
13,13,297,-10.807023048400879,209.8694305419922,895.7003173828125,0.4083
13,13,298,-11.068692207336426,209.67926025390625,897.6673583984375,0.281
13,13,299,-11.810519218444824,209.51087951660156,899.4998779296875,0.2867
13,13,300,-13.059489250183105,209.42262268066406,901.0225219726562,0.1823
13,13,301,-14.733505249023438,209.43019104003906,902.0621337890625,0.2284
13,13,302,-16.637487411499023,209.61549377441406,902.6351318359375,0.3274
13,13,303,-18.58974838256836,209.93161010742188,903.0531005859375,0.6234
13,13,304,-20.46578025817871,210.0792236328125,903.70751953125,0.5114
13,13,305,-22.138927459716797,210.3095703125,904.7752685546875,0.5522
13,13,306,-23.477773666381836,210.2740936279297,906.2467041015625,0.5342
13,13,307,-24.416030883789062,210.07565307617188,908.008056640625,0.4339
13,13,308,-24.92329978942871,209.93814086914062,909.9409790039062,0.468
13,13,309,-25.028350830078125,209.47413635253906,911.9338989257812,0.413
13,13,310,-24.791522979736328,208.9950714111328,913.9122314453125,0.489
13,13,311,-24.24834442138672,208.63385009765625,915.8276977539062,0.4006
13,13,312,-23.427045822143555,208.21192932128906,917.6408081054688,0.5311
13,13,313,-22.33446502685547,207.41163635253906,919.3027954101562,0.4129
13,13,314,-20.95290184020996,206.4672393798828,920.7344360351562,0.2797
13,13,315,-19.268047332763672,205.7413330078125,921.8020629882812,0.3933
13,13,316,-17.387935638427734,205.13052368164062,922.4788818359375,0.4666
13,13,317,-15.469951629638672,204.63314819335938,923.0185546875,0.4587
13,13,318,-13.475787162780762,204.39915466308594,923.1153564453125,0.4689
13,13,319,-11.516053199768066,204.2914276123047,922.7241821289062,0.3843
13,13,320,-9.685368537902832,204.238525390625,921.9353637695312,0.2531
13,13,321,-8.160906791687012,204.23410034179688,920.6748046875,0.1957
13,13,322,-7.145040988922119,204.62261962890625,918.9922485351562,0.2216
13,13,323,-6.672430992126465,205.2904052734375,917.0751342773438,0.2303
13,13,324,-6.603647232055664,206.22410583496094,915.0848388671875,0.3407
13,13,325,-6.84315299987793,207.04051208496094,913.1088256835938,0.3664
13,13,326,-7.247107028961182,207.67747497558594,911.1622924804688,0.3234
13,13,327,-7.109973430633545,207.9468994140625,909.1983642578125,0.342
13,13,328,-6.152664661407471,208.04832458496094,907.5066528320312,0.2849
13,13,329,-4.443836688995361,207.98959350585938,906.6359252929688,0.3645
13,13,330,-2.542505979537964,207.6641845703125,906.9270629882812,0.3266
13,13,331,-0.9812936782836914,207.12599182128906,908.1070556640625,0.2822
13,13,332,0.10973144322633743,206.49612426757812,909.7560424804688,0.3317
13,13,333,0.7428621649742126,205.71348571777344,911.63623046875,0.2085
13,13,334,0.7018011212348938,204.97793579101562,913.5755615234375,0.1113
13,13,335,-0.010467754676938057,204.35581970214844,915.43310546875,0.1091
13,13,336,-0.9282968640327454,203.96578979492188,917.1950073242188,0.0909
13,13,337,-1.2852474451065063,203.36700439453125,919.1613159179688,0.2113
13,13,338,-0.7889953851699829,202.72445678710938,921.0881958007812,0.3036
13,13,339,0.3509969711303711,202.190185546875,922.6881713867188,0.3926
13,13,340,1.9268994331359863,201.78125,923.8509521484375,0.2911
13,13,341,3.7387118339538574,201.48513793945312,924.6943969726562,0.0785
13,13,342,5.676461696624756,201.63697814941406,922.3416748046875,0.3519
13,13,343,6.972613334655762,201.6667938232422,921.7598266601562,0.358
13,13,344,9.3167142868042,201.38108825683594,923.2428588867188,0.2858
13,13,345,12.597746849060059,201.1114959716797,924.3441772460938,0.195
13,13,346,14.767683029174805,201.23947143554688,923.228759765625,0.0428
13,13,347,14.68321418762207,201.60540771484375,920.351318359375,0.0901
13,13,348,13.779744148254395,201.95138549804688,916.977783203125,0.276
13,13,349,14.23350715637207,202.0571746826172,914.7612915039062,0.4714
13,13,350,16.614843368530273,201.7823486328125,914.4156494140625,0.2722
13,13,351,20.076799392700195,201.49478149414062,913.6799926757812,0.1075
13,13,352,21.549360275268555,202.0966796875,910.6709594726562,0.1534
13,13,353,19.162643432617188,202.83273315429688,908.648681640625,0.1926
13,13,354,15.649526596069336,202.95474243164062,908.7815551757812,0.43
13,13,355,13.223532676696777,203.07440185546875,909.0128173828125,0.4313
13,13,356,12.179842948913574,203.7379150390625,907.292724609375,0.4526
13,13,357,12.273237228393555,205.19271850585938,903.9231567382812,0.349
13,13,358,10.67598819732666,205.9737548828125,902.7911376953125,0.4838
13,13,359,10.456426620483398,206.5936279296875,900.8621215820312,0.3479
13,13,360,11.190143585205078,206.9144744873047,899.0715942382812,0.1905
13,13,361,12.713967323303223,207.02267456054688,897.8795166015625,0.0891
13,13,362,14.92662239074707,207.82940673828125,895.0397338867188,0.326
13,13,363,16.495969772338867,206.77134704589844,898.2239990234375,0.4477
13,13,364,15.694463729858398,205.8814239501953,901.1445922851562,0.3197
13,13,365,18.62005043029785,205.63748168945312,901.5494995117188,0.4492
13,13,366,19.40546417236328,204.91615295410156,903.385986328125,0.2657
13,13,367,20.38496208190918,204.2636260986328,905.11279296875,0.1887
13,13,368,21.7733097076416,203.67837524414062,906.510009765625,0.2063
13,13,369,23.597644805908203,203.19004821777344,907.2354125976562,0.2703
13,13,370,25.574108123779297,203.0233612060547,907.144775390625,0.24
13,13,371,27.45289421081543,203.1827850341797,906.4801635742188,0.2829
13,13,372,29.209413528442383,203.39022827148438,905.5309448242188,0.2428
13,13,373,30.86147117614746,203.67892456054688,904.4088745117188,0.2227
13,13,374,32.39307403564453,204.1925811767578,903.1285400390625,0.2918
13,13,375,33.739009857177734,204.72657775878906,901.656494140625,0.4164
13,13,376,34.80442810058594,205.2362518310547,899.97216796875,0.395
13,13,377,35.53839874267578,205.51370239257812,898.1181030273438,0.5046
13,13,378,35.971656799316406,206.01937866210938,896.1702270507812,0.6154
13,13,379,36.15237808227539,206.5014190673828,894.182373046875,0.5822
13,13,380,36.086883544921875,206.9219970703125,892.1881713867188,0.4237
13,13,381,35.71350860595703,207.21751403808594,890.2330932617188,0.2663
13,13,382,34.85923385620117,207.5145263671875,888.4555053710938,0.2389
13,13,383,33.316104888916016,207.7933807373047,887.1856079101562,0.2298
13,13,384,31.974735260009766,207.9944305419922,884.02685546875,0.24
13,13,385,29.4826602935791,208.01368713378906,886.300048828125,0.1231
13,13,386,27.810073852539062,208.00985717773438,889.0225830078125,0.1851
13,13,387,26.142969131469727,208.02676391601562,889.5758666992188,0.3967
13,13,388,23.61205291748047,208.0343017578125,887.4523315429688,0.2692
13,13,389,21.842195510864258,208.05047607421875,888.3785400390625,0.3143
13,13,390,19.93247413635254,208.13232421875,888.9523315429688,0.312
13,13,391,17.95157241821289,208.40228271484375,888.7717895507812,0.3688
13,13,392,16.235347747802734,208.58590698242188,887.7699584960938,0.4533
13,13,393,15.10726547241211,208.63023376464844,886.1333618164062,0.4205
13,13,394,14.78349494934082,208.73147583007812,884.1701049804688,0.2356
13,13,395,15.282629013061523,208.68284606933594,882.237060546875,0.1239
13,13,396,16.39864730834961,208.59112548828125,880.5792846679688,0.231
13,13,397,19.048105239868164,208.18081665039062,880.1746826171875,0.1978
13,13,398,17.8729190826416,208.538330078125,876.9471435546875,0.2677
13,13,399,16.63501739501953,208.72059631347656,875.281982421875,0.164
13,13,400,17.480924606323242,208.60372924804688,874.3377075195312,0.1246
13,13,401,18.911941528320312,208.31716918945312,871.4881591796875,0.199
13,13,402,17.91563606262207,208.09140014648438,868.2612915039062,0.2334
13,13,403,14.8577880859375,208.53790283203125,868.1430053710938,0.3656
13,13,404,13.016646385192871,209.10231018066406,871.1732788085938,0.3224
13,13,405,12.31702709197998,209.2963409423828,874.115478515625,0.0843
13,13,406,10.288152694702148,209.58306884765625,874.9608154296875,0.0645
13,13,407,7.446371078491211,209.68414306640625,873.229736328125,0.1257
13,13,408,5.742516040802002,209.7831268310547,870.7622680664062,0.1059
13,13,409,3.550800085067749,210.0463104248047,872.7432250976562,0.2619
13,13,410,1.8233797550201416,210.2084503173828,871.7647705078125,0.4748
13,13,411,0.3480895459651947,210.22576904296875,870.4267578125,0.2903
13,13,412,-0.8512755632400513,210.21791076660156,868.8307495117188,0.3446
13,13,413,-1.751405119895935,210.2206268310547,867.0465698242188,0.3643
13,13,414,-2.357348680496216,210.24566650390625,865.143798828125,0.4158
13,13,415,-2.694253444671631,210.32009887695312,863.1773681640625,0.4195
13,13,416,-2.76931095123291,210.31716918945312,861.1845703125,0.3557
13,13,417,-2.591090679168701,210.28428649902344,859.1986083984375,0.2376
13,13,418,-2.169692039489746,210.4832000732422,857.2496948242188,0.2943
13,13,419,-1.517051100730896,210.71136474609375,855.3653564453125,0.3469
13,13,420,-0.6466079354286194,210.65733337402344,853.5706787109375,0.3021
13,13,421,0.4274062216281891,210.3964385986328,851.8892822265625,0.2576
13,13,422,1.6907092332839966,210.08700561523438,850.343994140625,0.1033
13,13,423,3.1279988288879395,209.60214233398438,848.9575805664062,0.1597
13,13,424,4.72313117980957,209.0673065185547,847.7537231445312,0.2791
13,13,425,5.478629112243652,208.02999877929688,844.7141723632812,0.3428
13,13,426,8.442317962646484,207.65484619140625,846.4105224609375,0.4149
13,13,427,10.732198715209961,207.72906494140625,848.2164916992188,0.4888
13,13,428,12.314757347106934,207.30796813964844,847.866455078125,0.36
13,13,429,14.220754623413086,206.41506958007812,845.4411010742188,0.3572
13,13,430,16.880464553833008,205.80416870117188,843.40625,0.3376
13,13,431,19.236501693725586,205.56320190429688,844.0751342773438,0.276
13,13,432,19.998197555541992,206.10977172851562,847.203125,0.4053
13,13,433,19.547775268554688,206.4297332763672,850.4099731445312,0.4912
13,13,434,19.886568069458008,206.55111694335938,851.908935546875,0.4734
13,13,435,22.316591262817383,205.92791748046875,852.5598754882812,0.2348
13,13,436,25.31129264831543,205.43360900878906,854.4329833984375,0.0295
13,13,437,25.732666015625,205.58740234375,857.3196411132812,0.0956
13,13,438,23.021488189697266,205.92466735839844,858.7193603515625,0.1056
13,13,439,19.445301055908203,206.6035614013672,858.5498046875,0.209
13,13,440,16.932416915893555,207.2010498046875,859.6272583007812,0.37
13,13,441,17.137083053588867,207.31942749023438,862.5421752929688,0.2605
13,13,442,19.776748657226562,207.3564910888672,864.787353515625,0.1456
13,13,443,21.795013427734375,207.26275634765625,865.56103515625,0.2014
13,13,444,21.725847244262695,207.3980712890625,867.2557983398438,0.11
13,13,445,20.936098098754883,207.73681640625,870.5286865234375,0.3284
13,13,446,21.259357452392578,207.91549682617188,873.509521484375,0.2079
13,13,447,23.645540237426758,207.52139282226562,874.399169921875,0.313
13,13,448,26.607521057128906,207.03158569335938,872.5820922851562,0.2023
13,13,449,27.946849822998047,206.8805389404297,870.1865234375,0.3271
13,13,450,29.190336227416992,206.8716278076172,869.9214477539062,0.23
13,13,451,31.98725700378418,206.93809509277344,870.9865112304688,0.0966
13,13,452,35.367576599121094,206.80810546875,870.7103881835938,0.1419
13,13,453,36.4787483215332,206.475830078125,868.6970825195312,0.2871
13,13,454,35.179664611816406,206.36346435546875,865.9730834960938,0.1742
13,13,455,33.94844436645508,206.57943725585938,862.8145751953125,0.1126
13,13,456,34.677188873291016,206.33673095703125,860.7734375,0.1729
13,13,457,37.4747200012207,206.24488830566406,860.3650512695312,0.2312
13,13,458,40.94835662841797,206.10377502441406,860.0572509765625,0.2404
13,13,459,42.83168411254883,205.78817749023438,858.3877563476562,0.3756
13,13,460,41.858741760253906,205.44650268554688,855.6448364257812,0.3071
13,13,461,39.17643356323242,205.2296905517578,853.5941162109375,0.2433
13,13,462,37.60466384887695,205.2869873046875,852.9171142578125,0.216
13,13,463,37.978981018066406,205.17698669433594,851.213623046875,0.3877
13,13,464,37.9477653503418,205.11968994140625,847.8329467773438,0.2851
13,13,465,36.72544860839844,205.04681396484375,845.521240234375,0.0674
13,13,466,34.86660385131836,205.04904174804688,845.7515869140625,0.152
13,13,467,31.625001907348633,205.06869506835938,846.5228271484375,0.3452
13,13,468,28.67189598083496,204.89114379882812,844.9578857421875,0.3339
13,13,469,29.145679473876953,204.46437072753906,841.9635009765625,0.4715
13,13,470,32.41161346435547,204.26336669921875,840.6050415039062,0.533
13,13,471,33.2188835144043,203.75244140625,838.8001708984375,0.5228
14,14,0,33.249794006347656,206.69073486328125,838.952880859375,0.4982
14,14,1,34.68195724487305,206.37326049804688,837.562255859375,0.4257
14,14,2,36.01682662963867,206.069091796875,836.078125,0.473
14,14,3,36.94370651245117,205.66781616210938,834.3147583007812,0.3327
14,14,4,37.21891784667969,205.24986267089844,832.3480834960938,0.3429
14,14,5,36.7827033996582,204.72714233398438,830.40771484375,0.1659
14,14,6,35.89570617675781,204.30062866210938,828.6239013671875,0.124
14,14,7,34.702972412109375,203.89974975585938,827.0263671875,0.1335
14,14,8,33.250892639160156,203.6611785888672,825.65771484375,0.162
14,14,9,31.532142639160156,203.2874298095703,824.6425170898438,0.1631
14,14,10,29.585926055908203,202.8436279296875,824.220703125,0.2377
14,14,11,27.82575798034668,202.99520874023438,824.9923706054688,0.1913
14,14,12,27.096376419067383,203.6483154296875,826.8050537109375,0.2345
14,14,13,27.074417114257812,204.29537963867188,828.7977905273438,0.3468
14,14,14,26.707061767578125,204.9392547607422,830.7384033203125,0.48
14,14,15,23.45859718322754,205.2559356689453,830.6016235351562,0.4535
14,14,16,23.74844741821289,205.91363525390625,833.3087158203125,0.469
14,14,17,23.829421997070312,206.7209014892578,836.8362426757812,0.6112
14,14,18,21.70521354675293,207.29849243164062,838.7881469726562,0.2834
14,14,19,18.724437713623047,207.25025939941406,837.2046508789062,0.1543
14,14,20,18.338157653808594,206.22665405273438,834.0401000976562,0.2009
14,14,21,19.089550018310547,205.87646484375,832.9493408203125,0.2481
14,14,22,17.638105392456055,205.39364624023438,831.9893798828125,0.2655
14,14,23,15.942487716674805,204.17236328125,829.0493774414062,0.2418
14,14,24,16.075693130493164,203.19175720214844,826.5416870117188,0.055
14,14,25,18.001176834106445,202.88287353515625,825.8207397460938,0.1952
14,14,26,21.377567291259766,202.9091339111328,825.3300170898438,0.3903
14,14,27,23.932889938354492,202.27182006835938,824.1441650390625,0.2969
14,14,28,23.933120727539062,200.93568420410156,821.6549682617188,0.2574
14,14,29,22.0889949798584,199.45945739746094,819.2199096679688,0.0927
14,14,30,21.68700408935547,198.64599609375,817.2969360351562,0.1389
14,14,31,20.580039978027344,197.962158203125,815.7042236328125,0.1498
14,14,32,18.943668365478516,197.5605926513672,814.5796508789062,0.2744
14,14,33,17.166770935058594,197.46826171875,813.6724853515625,0.3013
14,14,34,15.341313362121582,197.44683837890625,812.8657836914062,0.2191
14,14,35,13.471658706665039,197.33529663085938,812.1689453125,0.1849
14,14,36,11.551429748535156,197.0809326171875,811.630859375,0.1973
14,14,37,9.584784507751465,196.99708557128906,811.3111572265625,0.1824
14,14,38,7.597021579742432,196.89295959472656,811.3136596679688,0.1403
14,14,39,5.726729393005371,197.08563232421875,811.9176635742188,0.1634
14,14,40,4.5737810134887695,197.59561157226562,813.4500122070312,0.1218
14,14,41,3.204357147216797,198.3094482421875,815.3283081054688,0.1299
14,14,42,6.249530792236328,198.63412475585938,816.9304809570312,0.0694
14,14,43,7.959251403808594,199.0225067138672,818.5487670898438,0.1986
14,14,44,6.748486518859863,200.4851531982422,821.321044921875,0.3823
14,14,45,3.469290018081665,201.46380615234375,822.2374877929688,0.518
14,14,46,2.0042779445648193,201.3525390625,821.593994140625,0.5084
14,14,47,1.6539583206176758,201.98121643066406,822.8307495117188,0.4877
14,14,48,-1.204757571220398,202.83108520507812,824.2233276367188,0.3848
14,14,49,-3.957913398742676,202.58932495117188,822.4759521484375,0.427
14,14,50,-3.4207022190093994,201.35238647460938,819.9696044921875,0.4538
14,14,51,-0.8277610540390015,199.8681640625,817.6646728515625,0.3532
14,14,52,0.5448254942893982,198.3572540283203,814.5719604492188,0.3428
14,14,53,-3.222130060195923,198.99285888671875,814.4094848632812,0.3166
14,14,54,-5.094692230224609,199.12368774414062,813.8961791992188,0.3269
14,14,55,-7.0569000244140625,199.49026489257812,814.1261596679688,0.3412
14,14,56,-8.922907829284668,199.95790100097656,814.8096923828125,0.3928
14,14,57,-10.828038215637207,200.3839569091797,815.3864135742188,0.509
14,14,58,-12.794096946716309,200.76589965820312,815.7155151367188,0.4887
14,14,59,-14.777371406555176,201.06488037109375,815.9413452148438,0.259
14,14,60,-16.75227928161621,201.67779541015625,816.2268676757812,0.2562
14,14,61,-18.684343338012695,202.63577270507812,816.7135009765625,0.2879
14,14,62,-20.512630462646484,203.963623046875,817.496826171875,0.0762
14,14,63,-22.146196365356445,205.9525604248047,818.6249389648438,0.3603
14,14,64,-23.44765281677246,207.75341796875,820.1141967773438,0.1287
14,14,65,-24.225492477416992,208.89065551757812,821.9171752929688,0.094
14,14,66,-24.233577728271484,209.72140502929688,823.8591918945312,0.2117
14,14,67,-23.328678131103516,210.3012237548828,825.56396484375,0.2554
14,14,68,-21.700544357299805,210.35894775390625,826.614013671875,0.1218
14,14,69,-19.7640438079834,210.08900451660156,827.0343627929688,0.1018
14,14,70,-17.8748779296875,209.9710693359375,827.5862426757812,0.0448
14,14,71,-16.42917251586914,210.05181884765625,828.8450927734375,0.128
14,14,72,-15.825499534606934,210.43421936035156,830.6737670898438,0.1496
14,14,73,-16.223459243774414,211.22422790527344,832.561767578125,0.295
14,14,74,-17.452409744262695,212.0793914794922,834.07763671875,0.5177
14,14,75,-19.121400833129883,212.6730194091797,835.151611328125,0.6975
14,14,76,-20.89911460876465,213.06893920898438,836.0543823242188,0.6303
14,14,77,-22.52202033996582,213.610595703125,837.18896484375,0.536
14,14,78,-23.670658111572266,214.36431884765625,838.78564453125,0.5973
14,14,79,-24.001569747924805,215.04281616210938,840.7218627929688,0.4963
14,14,80,-23.525184631347656,215.39309692382812,842.644287109375,0.4413
14,14,81,-22.54619789123535,215.37696838378906,844.3825073242188,0.4975
14,14,82,-21.387256622314453,215.2083740234375,846.0078735351562,0.566
14,14,83,-20.570268630981445,215.02044677734375,847.8289794921875,0.645
14,14,84,-20.514135360717773,215.07461547851562,849.816162109375,0.6012
14,14,85,-21.577922821044922,215.45211791992188,851.480224609375,0.4693
14,14,86,-23.3431396484375,215.72979736328125,852.3812866210938,0.4222
14,14,87,-25.323938369750977,216.06390380859375,852.6185913085938,0.2437
14,14,88,-27.317899703979492,216.19532775878906,852.5235595703125,0.1025
14,14,89,-29.304922103881836,216.03529357910156,852.701171875,0.1663
14,14,90,-31.103256225585938,215.5929718017578,853.5318603515625,0.2652
14,14,91,-32.15214920043945,215.07008361816406,855.1951904296875,0.1121
14,14,92,-32.179603576660156,214.50982666015625,857.1849365234375,0.2342
14,14,93,-31.684383392333984,214.19451904296875,859.1187744140625,0.1803
14,14,94,-31.276464462280273,213.887939453125,861.0728759765625,0.1461
14,14,95,-31.250795364379883,213.60223388671875,863.064208984375,0.3629
14,14,96,-31.737367630004883,213.63485717773438,864.983642578125,0.27
14,14,97,-32.768829345703125,213.78302001953125,866.6642456054688,0.3441
14,14,98,-34.28011703491211,213.89109802246094,867.9232177734375,0.458
14,14,99,-36.12309646606445,214.196044921875,868.6019287109375,0.389
14,14,100,-38.09186935424805,214.34454345703125,868.65185546875,0.3266
14,14,101,-40.03398132324219,214.4066162109375,868.22900390625,0.3305
14,14,102,-41.950321197509766,214.6986083984375,867.680419921875,0.3546
14,14,103,-43.91251754760742,214.9302978515625,867.4412231445312,0.2458
14,14,104,-45.80906677246094,215.1585235595703,867.9054565429688,0.161
14,14,105,-47.19231033325195,215.39630126953125,869.2561645507812,0.209
14,14,106,-47.71049880981445,215.51113891601562,871.1383056640625,0.2282
14,14,107,-47.56757354736328,215.68505859375,873.1187133789062,0.256
14,14,108,-47.215049743652344,215.8851776123047,875.0814208984375,0.1752
14,14,109,-47.10050964355469,216.03195190429688,877.0640869140625,0.0668
14,14,110,-47.49504089355469,216.04208374023438,879.01171875,0.1926
14,14,111,-48.496368408203125,216.25296020507812,880.7372436523438,0.1092
14,14,112,-50.04183578491211,216.6220703125,882.000732421875,0.0027
14,14,113,-51.904422760009766,217.14959716796875,882.6953125,0.0957
14,14,114,-53.881744384765625,217.72055053710938,882.7805786132812,0.2018
14,14,115,-55.78300857543945,218.34815979003906,882.2584228515625,0.2018
14,14,116,-57.42398452758789,218.7326202392578,881.1751708984375,0.2353
14,14,117,-58.6270866394043,219.1306610107422,879.6244506835938,0.2408
14,14,118,-59.22180938720703,219.3154754638672,877.7574462890625,0.2597
14,14,119,-59.06324005126953,218.9655303955078,875.8088989257812,0.2281
14,14,120,-58.13792419433594,218.46990966796875,874.0822143554688,0.2132
14,14,121,-56.69533157348633,218.0679473876953,872.7221069335938,0.2353
14,14,122,-55.17445373535156,217.67227172851562,871.4396362304688,0.2134
14,14,123,-53.85758972167969,217.43276977539062,869.952392578125,0.1987
14,14,124,-52.88378143310547,217.09837341308594,868.2097778320312,0.099
14,14,125,-52.48155975341797,216.81626892089844,866.266357421875,0.0849
14,14,126,-52.72663879394531,216.77099609375,864.3396606445312,0.0417
14,14,127,-53.61267852783203,217.13333129882812,862.6083374023438,0.1154
14,14,128,-55.06194305419922,217.8896026611328,861.253173828125,0.2541
14,14,129,-56.978729248046875,218.7294158935547,860.6956176757812,0.4974
14,14,130,-58.934226989746094,219.4672088623047,860.8773193359375,0.5416
14,14,131,-60.878543853759766,219.9137420654297,861.3259887695312,0.6628
14,14,132,-62.841392517089844,220.22169494628906,861.6786499023438,0.705
14,14,133,-64.80534362792969,220.57901000976562,862.033447265625,0.5643
14,14,134,-66.73998260498047,220.9612579345703,862.5192260742188,0.5691
14,14,135,-68.63009643554688,221.25633239746094,863.1568603515625,0.577
14,14,136,-70.44596099853516,221.62496948242188,863.9783935546875,0.5422
14,14,137,-72.09960174560547,221.7008056640625,865.0785522460938,0.3587
14,14,138,-73.35910034179688,221.7155303955078,866.5838012695312,0.3885
14,14,139,-73.76453399658203,221.55364990234375,868.4583129882812,0.4456
14,14,140,-73.20902252197266,221.2987060546875,870.31591796875,0.358
14,14,141,-71.89008331298828,221.2418975830078,871.7269897460938,0.2304
14,14,142,-70.09644317626953,221.20701599121094,872.55810546875,0.1469
14,14,143,-68.24433898925781,221.17019653320312,873.246826171875,0.302
14,14,144,-66.81524658203125,221.14016723632812,874.5379638671875,0.4358
14,14,145,-66.16494750976562,221.21351623535156,876.38671875,0.4096
14,14,146,-66.20065307617188,221.43431091308594,878.3663940429688,0.2946
14,14,147,-66.77449035644531,221.6253204345703,880.2750854492188,0.3082
14,14,148,-67.80706024169922,221.75816345214844,881.9835205078125,0.1263
14,14,149,-69.16506958007812,222.11676025390625,883.4395751953125,0.1103
14,14,150,-70.7697525024414,222.4141387939453,884.6109619140625,0.1587
14,14,151,-72.56659698486328,222.8195343017578,885.4522705078125,0.1466
14,14,152,-74.49250030517578,222.9734344482422,885.9242553710938,0.2088
14,14,153,-76.47496032714844,222.84083557128906,886.003173828125,0.1723
14,14,154,-78.43692779541016,222.79147338867188,885.68212890625,0.3428
14,14,155,-80.29693603515625,222.75462341308594,884.958740234375,0.4233
14,14,156,-81.88845825195312,222.66958618164062,883.7537841796875,0.4391
14,14,157,-82.95826721191406,222.5850372314453,882.0848388671875,0.285
14,14,158,-81.73516845703125,222.95440673828125,880.4721069335938,0.1856
14,14,159,-81.89441680908203,222.95880126953125,878.4583129882812,0.1905
14,14,160,-80.40477752685547,223.23684692382812,877.1622924804688,0.1603
14,14,161,-78.99958801269531,223.2233123779297,875.7745361328125,0.1809
14,14,162,-78.2632827758789,222.9458770751953,874.0101318359375,0.2811
14,14,163,-78.290771484375,222.7361297607422,872.03076171875,0.3017
14,14,164,-78.70093536376953,222.71591186523438,870.0783081054688,0.3701
14,14,165,-79.32770538330078,222.75387573242188,868.1830444335938,0.3352
14,14,166,-80.6019287109375,222.96719360351562,866.6631469726562,0.1509
14,14,167,-82.51182556152344,223.25448608398438,866.3552856445312,0.1842
14,14,168,-84.39389038085938,223.37588500976562,866.995361328125,0.2441
14,14,169,-86.09150695800781,223.67408752441406,868.0330810546875,0.3862
14,14,170,-87.50043487548828,223.74464416503906,869.4219970703125,0.252
14,14,171,-88.31092071533203,223.69053649902344,871.2000732421875,0.2035
14,14,172,-88.6043930053711,223.47653198242188,873.1723022460938,0.1318
14,14,173,-88.77363586425781,223.1521453857422,875.15869140625,0.1234
14,14,174,-87.47203826904297,222.3507080078125,877.871337890625,0.1069
14,14,175,-88.2393798828125,221.8276824951172,880.866455078125,0.2473
14,14,176,-91.51907348632812,221.69219970703125,881.0057373046875,0.5983
14,14,177,-94.41339111328125,222.3132781982422,878.747802734375,0.4036
14,14,178,-97.17173767089844,222.7588653564453,878.3046264648438,0.309
14,14,179,-97.48162078857422,221.9237823486328,882.076904296875,0.3896
14,14,180,-98.92994689941406,221.8597869873047,883.44580078125,0.3219
14,14,181,-100.10114288330078,221.7332305908203,885.0567626953125,0.2161
14,14,182,-100.90975952148438,221.63427734375,886.8768310546875,0.3244
14,14,183,-101.34261322021484,221.41720581054688,888.8217163085938,0.4084
14,14,184,-101.43634033203125,221.2628936767578,890.8128662109375,0.3673
14,14,185,-101.22288513183594,221.0349884033203,892.7950439453125,0.1737
14,14,186,-100.71237182617188,220.77001953125,894.7220458984375,0.1644
14,14,187,-99.89916229248047,220.57763671875,896.5416259765625,0.1285
14,14,188,-98.77326202392578,220.45565795898438,898.1852416992188,0.3505
14,14,189,-97.33708190917969,220.49813842773438,899.564453125,0.4018
14,14,190,-95.62100982666016,220.6155548095703,900.5697021484375,0.4255
14,14,191,-93.70010375976562,220.75552368164062,901.0612182617188,0.3679
14,14,192,-91.73302459716797,220.7851104736328,900.8802490234375,0.2165
14,14,193,-89.96861267089844,220.90284729003906,899.981689453125,0.0659
14,14,194,-88.54985046386719,221.13714599609375,898.5822143554688,0.1672
14,14,195,-87.37532806396484,221.26902770996094,896.9683837890625,0.2536
14,14,196,-86.03251647949219,221.3651123046875,895.4912109375,0.4511
14,14,197,-84.3818130493164,221.73556518554688,894.3782958984375,0.5662
14,14,198,-82.46002960205078,222.07513427734375,893.9151000976562,0.6615
14,14,199,-80.52189636230469,222.24798583984375,894.2626342773438,0.6434
14,14,200,-78.90798950195312,222.2183837890625,895.3841552734375,0.6759
14,14,201,-77.92706298828125,222.04757690429688,897.0830688476562,0.5129
14,14,202,-77.73692321777344,221.78619384765625,899.0358276367188,0.3586
14,14,203,-78.20285034179688,221.4821014404297,900.9525756835938,0.2838
14,14,204,-79.01713562011719,221.06195068359375,902.7692260742188,0.3216
14,14,205,-79.85712432861328,220.7638397216797,904.5740966796875,0.2473
14,14,206,-80.33423614501953,220.45462036132812,906.4790649414062,0.1909
14,14,207,-79.83795928955078,220.19573974609375,908.328125,0.1226
14,14,208,-78.22472381591797,219.84837341308594,909.4083862304688,0.1109
14,14,209,-76.25626373291016,219.84170532226562,909.6344604492188,0.1537
14,14,210,-74.2845458984375,219.99337768554688,909.3248901367188,0.2703
14,14,211,-72.3698501586914,220.00927734375,908.7601928710938,0.4297
14,14,212,-70.39949035644531,219.88058471679688,908.458740234375,0.3506
14,14,213,-68.44168090820312,219.46226501464844,908.7157592773438,0.2485
14,14,214,-66.770751953125,219.01730346679688,909.7334594726562,0.1912
14,14,215,-65.77191162109375,218.43820190429688,911.4125366210938,0.291
14,14,216,-65.61695098876953,217.86007690429688,913.3692016601562,0.2218
14,14,217,-66.10133361816406,217.28416442871094,915.2862548828125,0.3198
14,14,218,-66.86570739746094,216.710205078125,917.1276245117188,0.3972
14,14,219,-67.49272918701172,216.04275512695312,919.0083618164062,0.3919
14,14,220,-67.49544525146484,215.2239532470703,920.9458618164062,0.3474
14,14,221,-66.64405059814453,214.29493713378906,922.7035522460938,0.1708
14,14,222,-65.17182159423828,213.50543212890625,923.9968872070312,0.185
14,14,223,-63.30805969238281,213.0108642578125,924.5621337890625,0.1413
14,14,224,-61.38727951049805,212.93161010742188,924.1187133789062,0.1575
14,14,225,-59.820838928222656,213.29632568359375,922.8839111328125,0.1918
14,14,226,-58.66666793823242,213.818603515625,921.255126953125,0.3426
14,14,227,-57.22075653076172,214.28128051757812,919.8798828125,0.4558
14,14,228,-55.406497955322266,214.41033935546875,919.0797729492188,0.4706
14,14,229,-53.44740295410156,214.15577697753906,919.2886352539062,0.5649
14,14,230,-52.059322357177734,213.66334533691406,920.6882934570312,0.302
14,14,231,-51.53364944458008,212.97958374023438,922.5996704101562,0.1723
14,14,232,-51.49132537841797,212.50521850585938,924.5906372070312,0.266
14,14,233,-51.109779357910156,211.96685791015625,926.541748046875,0.168
14,14,234,-50.207862854003906,211.26776123046875,928.3225708007812,0.1174
14,14,235,-48.849483489990234,210.5587615966797,929.7797241210938,0.1599
14,14,236,-47.195068359375,209.875244140625,930.8739624023438,0.0786
14,14,237,-45.33327865600586,209.3763885498047,931.5440063476562,0.0413
14,14,238,-43.36579132080078,208.98634338378906,931.7605590820312,0.1565
14,14,239,-41.39006805419922,208.7954864501953,931.5590209960938,0.1024
14,14,240,-39.468143463134766,208.69412231445312,931.0346069335938,0.0631
14,14,241,-37.6198844909668,208.65603637695312,930.286376953125,0.1629
14,14,242,-35.861106872558594,208.60690307617188,929.3485717773438,0.2178
14,14,243,-34.27275848388672,208.82911682128906,928.1569213867188,0.2231
14,14,244,-33.100685119628906,209.3582763671875,926.5921630859375,0.1878
14,14,245,-32.445072174072266,209.99899291992188,924.7210693359375,0.0206
14,14,246,-32.40835952758789,210.78280639648438,922.7252197265625,0.0809
14,14,247,-33.15495681762695,211.3546905517578,920.9063110351562,0.1667
14,14,248,-34.44477081298828,211.92539978027344,919.4139404296875,0.1909
14,14,249,-36.069374084472656,212.482666015625,918.2798461914062,0.15
14,14,250,-37.85569381713867,212.81741333007812,917.3951416015625,0.1267
14,14,251,-39.62604904174805,213.16232299804688,916.4898071289062,0.1617
14,14,252,-41.13102722167969,213.5190887451172,915.2214965820312,0.3401
14,14,253,-42.0062370300293,213.90174865722656,913.4821166992188,0.2537
14,14,254,-41.90294647216797,214.18153381347656,911.5491333007812,0.1568
14,14,255,-40.85063934326172,214.48828125,909.911376953125,0.1767
14,14,256,-39.24129867553711,214.63970947265625,908.7640991210938,0.15
14,14,257,-37.53046798706055,214.6620330810547,907.74267578125,0.143
14,14,258,-36.02572250366211,214.65184020996094,906.4609985351562,0.1242
14,14,259,-35.0351676940918,214.7627716064453,904.77978515625,0.1629
14,14,260,-34.949527740478516,214.89886474609375,902.837890625,0.0918
14,14,261,-35.6737060546875,214.95919799804688,900.9984130859375,0.1294
14,14,262,-36.696189880371094,214.9801025390625,899.2844848632812,0.1992
14,14,263,-37.58085250854492,215.07330322265625,897.503173828125,0.1654
14,14,264,-38.103538513183594,215.33169555664062,895.5848388671875,0.1707
14,14,265,-38.14879608154297,215.4492645263672,893.592041015625,0.2186
14,14,266,-37.69404983520508,215.4193115234375,891.6483764648438,0.0683
14,14,267,-36.81303787231445,215.17584228515625,889.8599853515625,0.2182
14,14,268,-35.60799789428711,214.90203857421875,888.2757568359375,0.2781
14,14,269,-34.14628601074219,214.63848876953125,886.9269409179688,0.1996
14,14,270,-32.48545837402344,214.41119384765625,885.8328247070312,0.1383
14,14,271,-30.676897048950195,214.27566528320312,885.00439453125,0.049
14,14,272,-28.76658821105957,214.19876098632812,884.44580078125,0.1205
14,14,273,-26.796194076538086,214.18809509277344,884.1563110351562,0.208
14,14,274,-24.80353546142578,214.19459533691406,884.131591796875,0.3852
14,14,275,-22.822887420654297,214.1451416015625,884.365234375,0.5395
14,14,276,-20.8865909576416,214.048583984375,884.849853515625,0.5811
14,14,277,-19.037925720214844,213.86181640625,885.603271484375,0.5872
14,14,278,-17.308618545532227,213.62789916992188,886.5968017578125,0.5709
14,14,279,-15.73559856414795,213.43804931640625,887.8197021484375,0.2521
14,14,280,-14.360078811645508,213.30194091796875,889.2583618164062,0.1213
14,14,281,-13.225671768188477,213.0125274658203,890.8912963867188,0.3239
14,14,282,-12.378105163574219,212.85470581054688,892.6879272460938,0.439
14,14,283,-11.868795394897461,212.65399169921875,894.6067504882812,0.5943
14,14,284,-11.75979232788086,212.3687286376953,896.58837890625,0.6973
14,14,285,-12.125669479370117,212.18202209472656,898.5397338867188,0.6183
14,14,286,-13.031919479370117,212.0638885498047,900.3087768554688,0.4382
14,14,287,-14.457324981689453,211.95510864257812,901.70068359375,0.2662
14,14,288,-16.232820510864258,212.08450317382812,902.6131591796875,0.3276
14,14,289,-18.135425567626953,212.37167358398438,903.2159423828125,0.2875
14,14,290,-19.962234497070312,212.49893188476562,904.0177612304688,0.4147
14,14,291,-21.55606460571289,212.66514587402344,905.2039794921875,0.4227
14,14,292,-22.77236557006836,212.58200073242188,906.76708984375,0.5365
14,14,293,-23.546072006225586,212.3697509765625,908.5896606445312,0.4618
14,14,294,-23.885374069213867,212.2030029296875,910.5424194335938,0.4676
14,14,295,-23.82952117919922,211.73162841796875,912.5264892578125,0.4268
14,14,296,-23.42508316040039,211.32449340820312,914.4734497070312,0.5281
14,14,297,-22.70926856994629,210.90536499023438,916.3308715820312,0.5218
14,14,298,-21.718881607055664,210.31153869628906,918.0624389648438,0.435
14,14,299,-20.530916213989258,209.45724487304688,919.6530151367188,0.3197
14,14,300,-18.951290130615234,208.65716552734375,920.87353515625,0.3503
14,14,301,-17.14212989807129,208.0994873046875,921.7120971679688,0.3368
14,14,302,-15.240647315979004,207.65402221679688,922.3023681640625,0.2998
14,14,303,-13.273542404174805,207.40615844726562,922.4676513671875,0.3157
14,14,304,-11.324264526367188,207.2872314453125,922.1160278320312,0.3495
14,14,305,-9.653768539428711,207.2998504638672,921.1185913085938,0.2281
14,14,306,-8.42622184753418,207.51651000976562,919.5808715820312,0.1355
14,14,307,-7.641880035400391,208.0277862548828,917.7618408203125,0.2151
14,14,308,-7.270902156829834,208.7716522216797,915.80322265625,0.3182
14,14,309,-7.230580806732178,209.56407165527344,913.8074340820312,0.3145
14,14,310,-7.541624546051025,210.21005249023438,911.8363037109375,0.2006
14,14,311,-7.422139644622803,210.5538330078125,909.844482421875,0.1954
14,14,312,-6.6754150390625,210.67404174804688,907.9984741210938,0.2121
14,14,313,-5.2295308113098145,210.70068359375,906.63818359375,0.1838
14,14,314,-3.2919082641601562,210.56756591796875,906.3565673828125,0.1548
14,14,315,-1.6530625820159912,210.0770721435547,907.393798828125,0.1298
14,14,316,-0.7739226818084717,209.53387451171875,909.1593627929688,0.3137
14,14,317,-0.3180685341358185,208.9167938232422,911.1027221679688,0.3601
14,14,318,0.0017995514208450913,208.1735076904297,913.0648193359375,0.2866
14,14,319,-0.21021316945552826,207.42868041992188,915.0159301757812,0.2422
14,14,320,-0.8298779129981995,206.92367553710938,916.8969116210938,0.1436
14,14,321,-0.8361263275146484,206.28976440429688,918.8903198242188,0.1297
14,14,322,0.15242472290992737,205.67491149902344,920.6245727539062,0.2468
14,14,323,1.8026962280273438,205.17413330078125,921.7207641601562,0.263
14,14,324,3.623689889907837,204.80465698242188,922.6033935546875,0.1908
14,14,325,5.789953231811523,204.98680114746094,920.2545166015625,0.3495
14,14,326,7.331808090209961,204.93203735351562,919.7692260742188,0.3106
14,14,327,9.378484725952148,204.61305236816406,921.5458984375,0.2569
14,14,328,12.502771377563477,204.3620147705078,923.1505737304688,0.1115
14,14,329,15.003286361694336,204.46226501464844,922.2261352539062,0.169
14,14,330,15.117314338684082,204.6974334716797,919.265380859375,0.1015
14,14,331,13.859596252441406,205.01763916015625,916.0120849609375,0.2821
14,14,332,13.671965599060059,205.1337890625,913.9234008789062,0.4931
14,14,333,15.654372215270996,205.067138671875,913.0217895507812,0.4368
14,14,334,18.739585876464844,205.09396362304688,911.4249267578125,0.1812
14,14,335,19.941425323486328,205.794677734375,908.6171875,0.2434
14,14,336,16.220733642578125,206.19784545898438,907.6741943359375,0.1592
14,14,337,14.170385360717773,206.53985595703125,907.14599609375,0.2206
14,14,338,11.391241073608398,206.61312866210938,907.8369750976562,0.3537
14,14,339,9.795623779296875,207.84405517578125,905.5227661132812,0.4734
14,14,340,11.072367668151855,208.82095336914062,902.2493286132812,0.3534
14,14,341,10.438114166259766,209.42108154296875,900.43798828125,0.2801
14,14,342,13.115090370178223,209.1243896484375,900.4244995117188,0.2285
14,14,343,13.065766334533691,209.79151916503906,897.562744140625,0.1629
14,14,344,15.750572204589844,210.46278381347656,895.21728515625,0.3096
14,14,345,18.567819595336914,210.04953002929688,896.7125854492188,0.4451
14,14,346,18.224767684936523,208.91282653808594,900.1767578125,0.3487
14,14,347,18.90707015991211,208.2198028564453,902.0869750976562,0.3546
14,14,348,19.857900619506836,207.5752410888672,903.8412475585938,0.3165
14,14,349,21.050430297851562,207.0406494140625,905.429931640625,0.2438
14,14,350,22.62778663635254,206.49832153320312,906.5927734375,0.2719
14,14,351,24.529781341552734,206.13214111328125,907.011962890625,0.4168
14,14,352,26.47130584716797,206.10430908203125,906.6806030273438,0.5173
14,14,353,28.29859733581543,206.27236938476562,905.8939208984375,0.5195
14,14,354,30.020662307739258,206.48776245117188,904.8883056640625,0.4327
14,14,355,31.65851402282715,206.79971313476562,903.749267578125,0.3405
14,14,356,33.19123840332031,207.3031768798828,902.4739379882812,0.373
14,14,357,34.49685287475586,207.7346649169922,900.9757690429688,0.4101
14,14,358,35.312564849853516,208.1201171875,899.1836547851562,0.3893
14,14,359,35.77576446533203,208.51953125,897.2481689453125,0.4429
14,14,360,36.0307502746582,208.99124145507812,895.2691650390625,0.5564
14,14,361,36.1209831237793,209.42404174804688,893.2749633789062,0.4626
14,14,362,35.46974563598633,209.75123596191406,891.4029541015625,0.2758
14,14,363,34.33941650390625,210.01580810546875,889.8037719726562,0.1851
14,14,364,31.61130714416504,210.15065002441406,890.6395874023438,0.2534
14,14,365,31.014366149902344,210.5909423828125,887.6293334960938,0.1031
14,14,366,29.273019790649414,210.6431121826172,884.9710083007812,0.1409
14,14,367,27.093469619750977,210.64718627929688,884.7659912109375,0.1381
14,14,368,25.00774574279785,210.6615447998047,887.44091796875,0.2489
14,14,369,23.08114242553711,210.6686248779297,887.8873291015625,0.4982
14,14,370,21.18124008178711,210.69482421875,888.4882202148438,0.351
14,14,371,19.220256805419922,210.8216552734375,888.6756591796875,0.3502
14,14,372,17.340017318725586,211.1055908203125,888.148193359375,0.5628
14,14,373,15.867711067199707,211.2000274658203,886.8763427734375,0.6051
14,14,374,15.113157272338867,211.2474365234375,885.084716796875,0.5118
14,14,375,15.197192192077637,211.2781219482422,883.1350708007812,0.2304
14,14,376,15.972123146057129,211.22894287109375,881.3218994140625,0.1912
14,14,377,16.00895118713379,211.29307556152344,878.8455200195312,0.178
14,14,378,19.605361938476562,210.7845916748047,878.9397583007812,0.1661
14,14,379,22.161603927612305,210.58448791503906,877.1970825195312,0.2782
14,14,380,21.189809799194336,210.6007080078125,874.142578125,0.2741
14,14,381,17.802833557128906,211.1424560546875,873.2314453125,0.1789
14,14,382,15.750138282775879,211.47305297851562,873.863037109375,0.2601
14,14,383,15.040343284606934,211.56756591796875,872.8033447265625,0.2963
14,14,384,13.195300102233887,211.53627014160156,870.1693725585938,0.3501
14,14,385,10.4134521484375,211.4307403564453,868.7960815429688,0.3461
14,14,386,8.810516357421875,211.90219116210938,869.978271484375,0.3551
14,14,387,7.683122634887695,212.20382690429688,872.96484375,0.2642
14,14,388,5.172940731048584,212.22850036621094,875.2510986328125,0.3402
14,14,389,2.601142168045044,212.40101623535156,874.2998046875,0.3171
14,14,390,2.0810697078704834,212.71249389648438,870.9694213867188,0.2958
14,14,391,2.8289928436279297,212.2993927001953,867.9166870117188,0.301
14,14,392,2.367859363555908,212.09161376953125,866.412109375,0.3837
14,14,393,-0.2934319078922272,212.48468017578125,865.62255859375,0.4503
14,14,394,-3.4333267211914062,212.89022827148438,864.1835327148438,0.5327
14,14,395,-4.39594030380249,213.0611572265625,861.90869140625,0.5564
14,14,396,-2.3678817749023438,212.76065063476562,859.7551879882812,0.4105
14,14,397,-0.9806305766105652,212.8666534423828,857.9208374023438,0.4798
14,14,398,-0.34196555614471436,213.0260009765625,856.0303344726562,0.3659
14,14,399,0.5253406167030334,212.9652862548828,854.23486328125,0.2345
14,14,400,1.6083065271377563,212.76564025878906,852.5619506835938,0.1741
14,14,401,2.8919360637664795,212.51089477539062,851.0387573242188,0.182
14,14,402,4.358478546142578,212.05136108398438,849.6915893554688,0.3118
14,14,403,6.553127765655518,211.60714721679688,849.4790649414062,0.5549
14,14,404,8.923038482666016,211.2973175048828,850.3291625976562,0.6161
14,14,405,10.180092811584473,210.72357177734375,848.98291015625,0.5326
14,14,406,11.509272575378418,209.53164672851562,845.9073486328125,0.5632
14,14,407,13.72383975982666,208.88638305664062,843.6896362304688,0.5905
14,14,408,16.107166290283203,208.86297607421875,844.4833984375,0.5947
14,14,409,17.334840774536133,209.19424438476562,847.6771240234375,0.7394
14,14,410,17.619436264038086,209.57568359375,850.5839233398438,0.6016
14,14,411,18.724489212036133,209.50439453125,851.4911499023438,0.5816
14,14,412,21.678613662719727,208.86309814453125,851.4222412109375,0.5164
14,14,413,24.920446395874023,208.20579528808594,852.5919189453125,0.2609
14,14,414,25.544116973876953,208.24072265625,855.3021850585938,0.3392
14,14,415,22.871118545532227,208.59280395507812,857.2698364257812,0.1747
14,14,416,19.507862091064453,209.3365936279297,857.6610107421875,0.2167
14,14,417,17.70048713684082,209.7303924560547,859.0556640625,0.1386
14,14,418,18.51342010498047,209.72723388671875,861.97705078125,0.0773
14,14,419,20.96881866455078,209.82945251464844,864.2631225585938,0.2094
14,14,420,22.244083404541016,209.8760528564453,865.4324340820312,0.1892
14,14,421,21.307483673095703,210.09765625,867.3370361328125,0.1909
14,14,422,20.276391983032227,210.53671264648438,870.6505126953125,0.245
14,14,423,21.31699562072754,210.53732299804688,873.408447265625,0.3486
14,14,424,24.213560104370117,210.04454040527344,873.3291625976562,0.4746
14,14,425,26.62238883972168,209.5968017578125,870.7927856445312,0.3836
14,14,426,27.787120819091797,209.63812255859375,868.792236328125,0.3178
14,14,427,29.35011863708496,209.57070922851562,869.063232421875,0.2362
14,14,428,32.4837646484375,209.5621337890625,870.0670776367188,0.2165
14,14,429,35.52072525024414,209.38475036621094,869.4776000976562,0.1971
14,14,430,36.08106994628906,209.11546325683594,867.4326782226562,0.3965
14,14,431,34.93663787841797,209.1749725341797,864.3804321289062,0.0928
14,14,432,34.52674102783203,209.13455200195312,861.2733154296875,0.2988
14,14,433,35.77635192871094,208.98348999023438,860.0667114257812,0.2869
14,14,434,38.748836517333984,208.93687438964844,859.8283081054688,0.2145
14,14,435,41.9832763671875,208.68411254882812,859.0530395507812,0.2469
14,14,436,43.108856201171875,208.36459350585938,856.9669799804688,0.4213
14,14,437,41.3441276550293,208.04014587402344,854.272216796875,0.3553
14,14,438,38.431034088134766,208.03517150878906,853.1132202148438,0.2822
14,14,439,37.253604888916016,208.09828186035156,852.643798828125,0.1772
14,14,440,37.33228302001953,207.9767303466797,850.2853393554688,0.1899
14,14,441,36.87130355834961,207.92477416992188,846.9310302734375,0.1931
14,14,442,35.97864532470703,207.82113647460938,845.2596435546875,0.2065
14,14,443,33.93309020996094,207.8567352294922,845.5775146484375,0.2988
14,14,444,30.539281845092773,207.69271850585938,844.9938354492188,0.5405
14,14,445,28.873733520507812,207.38746643066406,842.4166259765625,0.5637
14,14,446,30.70148468017578,206.96371459960938,840.1102294921875,0.6723
14,14,447,33.249794006347656,206.69073486328125,838.952880859375,0.4982
15,15,0,33.43520736694336,209.7122039794922,839.4774780273438,0.3082
15,15,1,34.75278091430664,209.38381958007812,837.9775390625,0.4971
15,15,2,35.996524810791016,209.0811309814453,836.4158325195312,0.4881
15,15,3,36.88301086425781,208.70755004882812,834.6292724609375,0.3811
15,15,4,37.19397735595703,208.30462646484375,832.6641235351562,0.1191
15,15,5,36.810604095458984,207.82362365722656,830.710693359375,0.0616
15,15,6,35.972015380859375,207.40228271484375,828.9015502929688,0.1344
15,15,7,34.83475112915039,207.0311279296875,827.2606201171875,0.1868
15,15,8,33.45012664794922,206.78155517578125,825.8231811523438,0.1404
15,15,9,31.83856964111328,206.45111083984375,824.655029296875,0.0894
15,15,10,29.950679779052734,206.02197265625,824.1353759765625,0.1493
15,15,11,28.105636596679688,206.05380249023438,824.7490844726562,0.1977
15,15,12,27.47878074645996,206.69300842285156,826.6419067382812,0.1952
15,15,13,27.40226936340332,207.28012084960938,828.6314086914062,0.1987
15,15,14,26.773574829101562,207.87277221679688,830.474853515625,0.3624
15,15,15,25.59698486328125,208.3935546875,832.0557250976562,0.5024
15,15,16,25.8559513092041,209.09750366210938,835.1818237304688,0.7109
15,15,17,24.38938331604004,209.54983520507812,836.76953125,0.5614
15,15,18,21.16769790649414,209.73390197753906,836.1763916015625,0.3524
15,15,19,19.293886184692383,209.15866088867188,833.9901123046875,0.1411
15,15,20,19.040632247924805,208.97120666503906,833.4218139648438,0.0931
15,15,21,16.86041831970215,208.97232055664062,833.8753051757812,0.3186
15,15,22,13.981376647949219,208.19757080078125,831.875732421875,0.11
15,15,23,14.21300220489502,207.2158660888672,828.830078125,0.1834
15,15,24,17.152360916137695,206.95458984375,828.1260986328125,0.0732
15,15,25,20.68845558166504,207.29092407226562,828.1580200195312,0.3436
15,15,26,22.812816619873047,206.7946014404297,826.8613891601562,0.2968
15,15,27,22.464078903198242,205.48654174804688,824.2482299804688,0.2055
15,15,28,21.631559371948242,204.146240234375,821.7979125976562,0.114
15,15,29,21.662317276000977,203.03805541992188,819.8252563476562,0.2299
15,15,30,21.213016510009766,202.22824096679688,817.8974609375,0.2337
15,15,31,20.278278350830078,201.53756713867188,816.1616821289062,0.2513
15,15,32,18.76712989807129,201.11923217773438,814.8657836914062,0.2784
15,15,33,17.074268341064453,200.99874877929688,813.8093872070312,0.1886
15,15,34,15.310224533081055,200.96142578125,812.876953125,0.1357
15,15,35,13.47278118133545,200.84005737304688,812.1041259765625,0.0903
15,15,36,11.55229663848877,200.6083984375,811.5784301757812,0.1832
15,15,37,9.573410034179688,200.55178833007812,811.3787841796875,0.2935
15,15,38,7.611201763153076,200.5200653076172,811.6244506835938,0.2411
15,15,39,4.105277061462402,200.46908569335938,810.7033081054688,0.1874
15,15,40,4.6704912185668945,201.28872680664062,814.1596069335938,0.2043
15,15,41,6.907272815704346,201.78753662109375,816.3805541992188,0.2933
15,15,42,7.457847595214844,202.27664184570312,817.9396362304688,0.2489
15,15,43,5.602577209472656,203.45834350585938,820.1488647460938,0.3213
15,15,44,2.8269779682159424,204.5167999267578,821.5863037109375,0.2958
15,15,45,1.9263129234313965,204.6387939453125,821.6534423828125,0.28
15,15,46,2.1725261211395264,205.40232849121094,823.48876953125,0.2459
15,15,47,-0.7289085388183594,206.37216186523438,825.171875,0.3341
15,15,48,-3.263267755508423,205.92010498046875,823.0955200195312,0.4433
15,15,49,-2.181730031967163,204.61709594726562,820.3851928710938,0.5268
15,15,50,0.5051161646842957,203.15237426757812,818.008544921875,0.3247
15,15,51,1.380226492881775,201.86148071289062,815.0274047851562,0.2872
15,15,52,-1.4152910709381104,201.6956787109375,813.3206787109375,0.1716
15,15,53,-4.497368812561035,202.87472534179688,815.0543212890625,0.4001
15,15,54,-6.288905620574951,202.7593536376953,814.1050415039062,0.5767
15,15,55,-8.183273315429688,203.19906616210938,814.6982421875,0.5394
15,15,56,-10.060298919677734,203.6275177001953,815.3531494140625,0.4565
15,15,57,-12.02311897277832,203.95004272460938,815.681884765625,0.3685
15,15,58,-14.014349937438965,204.2012939453125,815.8236694335938,0.2532
15,15,59,-16.002342224121094,204.57302856445312,815.9932861328125,0.1004
15,15,60,-17.957204818725586,205.3431396484375,816.368408203125,0.0784
15,15,61,-19.8192081451416,206.38247680664062,817.0637817382812,0.2656
15,15,62,-21.50301742553711,208.08804321289062,818.1165771484375,0.3075
15,15,63,-22.897640228271484,210.00299072265625,819.5221557617188,0.0857
15,15,64,-23.85517692565918,211.23658752441406,821.2479858398438,0.2552
15,15,65,-24.180988311767578,212.1421356201172,823.1869506835938,0.4756
15,15,66,-23.661579132080078,212.80349731445312,825.0772094726562,0.4779
15,15,67,-22.29832649230957,213.1258544921875,826.4842529296875,0.2146
15,15,68,-20.43104362487793,212.94578552246094,827.1585083007812,0.028
15,15,69,-18.49140739440918,212.76898193359375,827.553955078125,0.1624
15,15,70,-16.810989379882812,212.7455596923828,828.5538330078125,0.2284
15,15,71,-15.890891075134277,212.99151611328125,830.28564453125,0.284
15,15,72,-16.01764488220215,213.64639282226562,832.2420654296875,0.4653
15,15,73,-17.099641799926758,214.45152282714844,833.8952026367188,0.6091
15,15,74,-18.714054107666016,215.0879669189453,835.0659790039062,0.7117
15,15,75,-20.50533676147461,215.46389770507812,835.9476318359375,0.7567
15,15,76,-22.156856536865234,215.9146728515625,837.06787109375,0.7085
15,15,77,-23.36762237548828,216.63906860351562,838.6394653320312,0.6494
15,15,78,-23.783384323120117,217.2767791748047,840.5711669921875,0.5331
15,15,79,-23.365251541137695,217.6212158203125,842.5084228515625,0.534
15,15,80,-22.448083877563477,217.6475830078125,844.2723388671875,0.5547
15,15,81,-21.387306213378906,217.53375244140625,845.9629516601562,0.6199
15,15,82,-20.620128631591797,217.37643432617188,847.7886962890625,0.5868
15,15,83,-20.620996475219727,217.44943237304688,849.736083984375,0.4856
15,15,84,-21.635969161987305,217.78875732421875,851.3888549804688,0.3566
15,15,85,-23.3558406829834,218.030517578125,852.3270874023438,0.2949
15,15,86,-25.312742233276367,218.3341522216797,852.6159057617188,0.1494
15,15,87,-27.30606460571289,218.44737243652344,852.60107421875,0.0983
15,15,88,-29.285564422607422,218.29812622070312,852.7578125,0.251
15,15,89,-31.061365127563477,217.8968505859375,853.5582885742188,0.1748
15,15,90,-32.1493034362793,217.41824340820312,855.1531982421875,0.1088
15,15,91,-32.33953857421875,216.8800048828125,857.1051025390625,0.1762
15,15,92,-32.02063751220703,216.58639526367188,859.067626953125,0.2608
15,15,93,-31.726655960083008,216.28436279296875,861.0394897460938,0.2741
15,15,94,-31.786680221557617,216.03456115722656,863.0176391601562,0.2426
15,15,95,-32.368038177490234,216.09425354003906,864.9002075195312,0.1989
15,15,96,-33.49314880371094,216.23333740234375,866.517333984375,0.2231
15,15,97,-35.06592559814453,216.41429138183594,867.70849609375,0.0949
15,15,98,-36.93097686767578,216.677001953125,868.3700561523438,0.1357
15,15,99,-38.91654968261719,216.74307250976562,868.4935302734375,0.2774
15,15,100,-40.88993835449219,216.883544921875,868.1920776367188,0.4827
15,15,101,-42.83224105834961,217.1807861328125,867.7301025390625,0.4011
15,15,102,-44.82524490356445,217.34877014160156,867.6967163085938,0.348
15,15,103,-46.622623443603516,217.62252807617188,868.5200805664062,0.2767
15,15,104,-47.60795974731445,217.76698303222656,870.2303466796875,0.3505
15,15,105,-47.762882232666016,217.9415283203125,872.2139892578125,0.388
15,15,106,-47.4951057434082,218.07972717285156,874.1921997070312,0.2917
15,15,107,-47.3753662109375,218.31527709960938,876.18505859375,0.0977
15,15,108,-47.71746063232422,218.41355895996094,878.1472778320312,0.1477
15,15,109,-48.62188720703125,218.55712890625,879.9083862304688,0.1835
15,15,110,-50.04949951171875,218.83554077148438,881.2672729492188,0.3083
15,15,111,-51.84330368041992,219.28982543945312,882.0736083984375,0.2553
15,15,112,-53.79930114746094,219.8143310546875,882.24853515625,0.1243
15,15,113,-55.70231628417969,220.41261291503906,881.7718505859375,0.1203
15,15,114,-57.33070373535156,220.7890167236328,880.6787719726562,0.1391
15,15,115,-58.4565315246582,221.11524963378906,879.07373046875,0.2193
15,15,116,-58.859130859375,221.09701538085938,877.1587524414062,0.1744
15,15,117,-58.4179801940918,220.6865692138672,875.2512817382812,0.2329
15,15,118,-57.316497802734375,220.31826782226562,873.6043701171875,0.2462
15,15,119,-56.00665283203125,220.0383758544922,872.1022338867188,0.2178
15,15,120,-54.84693145751953,219.7863006591797,870.4771118164062,0.2638
15,15,121,-54.05056381225586,219.6417236328125,868.6473388671875,0.119
15,15,122,-53.69367980957031,219.409912109375,866.712158203125,0.0725
15,15,123,-53.934383392333984,219.34498596191406,864.7948608398438,0.2794
15,15,124,-54.93020248413086,219.718505859375,863.0891723632812,0.3183
15,15,125,-56.626991271972656,220.53372192382812,862.0372314453125,0.4829
15,15,126,-58.558570861816406,221.33853149414062,861.6563720703125,0.578
15,15,127,-60.542762756347656,221.85818481445312,861.6636352539062,0.7021
15,15,128,-62.52672576904297,222.1646270751953,861.8858032226562,0.7795
15,15,129,-64.50415802001953,222.50796508789062,862.1573486328125,0.5288
15,15,130,-66.46063232421875,222.84457397460938,862.5491943359375,0.3881
15,15,131,-68.36139678955078,223.13644409179688,863.1567993164062,0.5385
15,15,132,-70.18185424804688,223.47781372070312,863.97265625,0.5097
15,15,133,-71.85184478759766,223.5759735107422,865.0609741210938,0.3627
15,15,134,-73.18277740478516,223.5926055908203,866.5382080078125,0.2113
15,15,135,-73.68482208251953,223.44422912597656,868.4400024414062,0.3033
15,15,136,-72.99987030029297,223.19845581054688,870.3034057617188,0.217
15,15,137,-71.5069580078125,223.13885498046875,871.62890625,0.0743
15,15,138,-69.7068862915039,223.12106323242188,872.4757690429688,0.1775
15,15,139,-68.05132293701172,223.10475158691406,873.579833984375,0.2678
15,15,140,-66.89279174804688,223.1011962890625,875.1412353515625,0.348
15,15,141,-66.5975341796875,223.2431182861328,877.0191040039062,0.3494
15,15,142,-67.16263580322266,223.50379943847656,878.912841796875,0.3472
15,15,143,-68.14058685302734,223.60897827148438,880.64208984375,0.1954
15,15,144,-69.40591430664062,223.87838745117188,882.1771850585938,0.14
15,15,145,-70.9224624633789,224.1741485595703,883.4716186523438,0.0964
15,15,146,-72.67864990234375,224.61895751953125,884.4213256835938,0.0707
15,15,147,-74.5932388305664,224.88754272460938,884.9699096679688,0.0904
15,15,148,-76.5738754272461,224.75888061523438,885.093994140625,0.0774
15,15,149,-78.5252456665039,224.67898559570312,884.7667236328125,0.2567
15,15,150,-80.32560729980469,224.66065979003906,883.9619750976562,0.3157
15,15,151,-81.76819610595703,224.5981903076172,882.64013671875,0.3442
15,15,152,-82.40088653564453,224.60659790039062,880.8446044921875,0.252
15,15,153,-81.97357940673828,224.7477569580078,878.9534912109375,0.1985
15,15,154,-80.79945373535156,224.99681091308594,877.3496704101562,0.0933
15,15,155,-79.33943939208984,225.02944946289062,875.99658203125,0.2121
15,15,156,-78.42506408691406,224.81661987304688,874.2217407226562,0.3578
15,15,157,-78.29515838623047,224.58038330078125,872.2504272460938,0.4356
15,15,158,-78.50868225097656,224.5199737548828,870.2730712890625,0.3537
15,15,159,-79.21036529541016,224.56564331054688,868.45166015625,0.2743
15,15,160,-80.55997467041016,224.76904296875,867.08056640625,0.271
15,15,161,-82.42657470703125,225.0296630859375,866.5702514648438,0.1086
15,15,162,-84.31684112548828,225.14617919921875,867.1431274414062,0.1941
15,15,163,-85.96524047851562,225.4251251220703,868.2548217773438,0.3005
15,15,164,-87.32272338867188,225.4827117919922,869.6996459960938,0.3835
15,15,165,-88.14420318603516,225.40097045898438,871.478271484375,0.2472
15,15,166,-88.37799072265625,225.15679931640625,873.4558715820312,0.3038
15,15,167,-88.41988372802734,224.84780883789062,875.44140625,0.1702
15,15,168,-88.9918212890625,224.34307861328125,877.3475952148438,0.2026
15,15,169,-90.3752212524414,224.06097412109375,878.7374267578125,0.3723
15,15,170,-92.88663482666016,224.45852661132812,877.6001586914062,0.1989
15,15,171,-94.4998550415039,224.37535095214844,878.0577392578125,0.2071
15,15,172,-95.63703918457031,223.74769592285156,881.2031860351562,0.2672
15,15,173,-97.3500747680664,223.7507781982422,882.2279052734375,0.1694
15,15,174,-98.92373657226562,223.7423095703125,883.455810546875,0.1717
15,15,175,-100.24150085449219,223.6473388671875,884.9501953125,0.2191
15,15,176,-100.9886703491211,223.56106567382812,886.8015747070312,0.2048
15,15,177,-101.35749053955078,223.3369598388672,888.7636108398438,0.2592
15,15,178,-101.44023895263672,223.18899536132812,890.7572021484375,0.2354
15,15,179,-101.2404556274414,222.9855194091797,892.7415161132812,0.0919
15,15,180,-100.75177764892578,222.7310791015625,894.6744995117188,0.1872
15,15,181,-99.9696273803711,222.5498046875,896.5078735351562,0.29
15,15,182,-98.87671661376953,222.425537109375,898.1732788085938,0.4524
15,15,183,-97.4488525390625,222.46315002441406,899.5590209960938,0.4767
15,15,184,-95.70758056640625,222.57591247558594,900.5183715820312,0.6005
15,15,185,-93.7642593383789,222.7131805419922,900.9424438476562,0.4718
15,15,186,-91.7861099243164,222.74530029296875,900.7268676757812,0.3676
15,15,187,-89.99928283691406,222.866455078125,899.8536376953125,0.2376
15,15,188,-88.51697540283203,223.07803344726562,898.5274658203125,0.0694
15,15,189,-87.22522735595703,223.19358825683594,897.0087890625,0.238
15,15,190,-85.8185043334961,223.3016357421875,895.5986328125,0.3223
15,15,191,-84.13204193115234,223.65167236328125,894.573974609375,0.4923
15,15,192,-82.20917510986328,223.9639434814453,894.2306518554688,0.5069
15,15,193,-80.32223510742188,224.0994110107422,894.7201538085938,0.5027
15,15,194,-78.82686614990234,224.02743530273438,895.96826171875,0.4443
15,15,195,-78.0213623046875,223.8131103515625,897.7403564453125,0.301
15,15,196,-77.98736572265625,223.60964965820312,899.6990966796875,0.3178
15,15,197,-78.494140625,223.24758911132812,901.618408203125,0.2544
15,15,198,-79.16309356689453,222.87559509277344,903.4976806640625,0.1806
15,15,199,-79.60868072509766,222.62632751464844,905.4301147460938,0.1879
15,15,200,-79.42973327636719,222.32131958007812,907.3819580078125,0.1745
15,15,201,-78.22355651855469,222.0082244873047,908.8976440429688,0.0881
15,15,202,-76.35726165771484,221.91091918945312,909.4906005859375,0.0986
15,15,203,-74.3794174194336,222.0062255859375,909.3321533203125,0.2842
15,15,204,-72.44409942626953,222.0023956298828,908.8527221679688,0.3867
15,15,205,-70.46521759033203,221.88758850097656,908.6023559570312,0.4481
15,15,206,-68.49614715576172,221.48678588867188,908.9321899414062,0.3699
15,15,207,-66.83539581298828,221.05545043945312,910.0198974609375,0.2845
15,15,208,-65.88053131103516,220.4815673828125,911.7579345703125,0.1981
15,15,209,-65.77375030517578,219.93638610839844,913.7450561523438,0.0709
15,15,210,-66.29578399658203,219.37460327148438,915.6680297851562,0.3388
15,15,211,-67.07329559326172,218.83242797851562,917.5053100585938,0.5847
15,15,212,-67.40489196777344,218.11045837402344,919.4638061523438,0.4227
15,15,213,-66.9719009399414,217.30152893066406,921.3699951171875,0.3304
15,15,214,-65.7975082397461,216.4205780029297,922.92333984375,0.1988
15,15,215,-64.08648681640625,215.78012084960938,923.8385009765625,0.2278
15,15,216,-62.16445541381836,215.51797485351562,923.8694458007812,0.2345
15,15,217,-60.37153244018555,215.7118377685547,923.0773315429688,0.3343
15,15,218,-58.89116668701172,216.07379150390625,921.7577514648438,0.4006
15,15,219,-57.59299850463867,216.557373046875,920.2529907226562,0.4012
15,15,220,-55.96303939819336,216.8245849609375,919.1592407226562,0.4209
15,15,221,-54.04347610473633,216.72256469726562,918.9586181640625,0.3165
15,15,222,-52.358238220214844,216.38442993164062,919.8865966796875,0.448
15,15,223,-51.363258361816406,215.77786254882812,921.5638427734375,0.2306
15,15,224,-51.027565002441406,215.20382690429688,923.5126953125,0.1315
15,15,225,-50.67428970336914,214.70953369140625,925.4666748046875,0.1528
15,15,226,-49.85902404785156,214.09922790527344,927.2640380859375,0.2202
15,15,227,-48.61977005004883,213.4640350341797,928.8060913085938,0.21
15,15,228,-47.05255126953125,212.79310607910156,930.0194702148438,0.1473
15,15,229,-45.237335205078125,212.28152465820312,930.8307495117188,0.2828
15,15,230,-43.27512741088867,211.8873291015625,931.18994140625,0.1382
15,15,231,-41.280120849609375,211.67137145996094,931.1139526367188,0.1748
15,15,232,-39.31591033935547,211.53753662109375,930.7605590820312,0.0847
15,15,233,-37.43455123901367,211.45425415039062,930.0972290039062,0.1976
15,15,234,-35.86701202392578,211.56948852539062,928.874267578125,0.2015
15,15,235,-34.58106231689453,211.97116088867188,927.3558959960938,0.0356
15,15,236,-33.78315353393555,212.5779266357422,925.5595092773438,0.155
15,15,237,-33.45814514160156,213.262451171875,923.6217651367188,0.155
15,15,238,-33.66434097290039,213.7974090576172,921.6458740234375,0.1429
15,15,239,-34.7843017578125,214.36563110351562,919.9931030273438,0.1515
15,15,240,-36.23334884643555,214.92193603515625,918.6265869140625,0.1852
15,15,241,-37.85641860961914,215.28591918945312,917.470703125,0.2865
15,15,242,-39.5374870300293,215.64541625976562,916.3939819335938,0.1887
15,15,243,-41.03903579711914,215.97879028320312,915.1049194335938,0.0696
15,15,244,-41.93977737426758,216.32907104492188,913.381591796875,0.0938
15,15,245,-41.77214050292969,216.5905303955078,911.461181640625,0.1811
15,15,246,-40.59002685546875,216.85801696777344,909.9063720703125,0.1568
15,15,247,-38.93907928466797,216.97718811035156,908.8075561523438,0.1361
15,15,248,-37.25357437133789,216.98854064941406,907.7386474609375,0.1858
15,15,249,-35.79145812988281,216.99371337890625,906.4035034179688,0.1454
15,15,250,-34.88181686401367,217.11767578125,904.6741943359375,0.0916
15,15,251,-34.85200119018555,217.24761962890625,902.7279052734375,0.1944
15,15,252,-35.55223083496094,217.29891967773438,900.880859375,0.1866
15,15,253,-36.42286682128906,217.3197784423828,899.0843505859375,0.1459
15,15,254,-37.09197235107422,217.3635711669922,897.2130126953125,0.0363
15,15,255,-37.369503021240234,217.5335235595703,895.2528686523438,0.1136
15,15,256,-37.1675910949707,217.71669006347656,893.283203125,0.0639
15,15,257,-36.49845886230469,217.571044921875,891.4144897460938,0.2345
15,15,258,-35.432621002197266,217.32449340820312,889.7335815429688,0.3105
15,15,259,-34.053199768066406,217.1724853515625,888.292236328125,0.3383
15,15,260,-32.42021942138672,216.9786376953125,887.1436157226562,0.2027
15,15,261,-30.61909294128418,216.84613037109375,886.2880859375,0.2473
15,15,262,-28.710250854492188,216.74693298339844,885.7190551757812,0.2651
15,15,263,-26.73957633972168,216.739501953125,885.4365234375,0.2235
15,15,264,-24.74908447265625,216.74258422851562,885.4375610351562,0.4545
15,15,265,-22.77800178527832,216.70362854003906,885.7154541015625,0.6724
15,15,266,-20.863384246826172,216.59991455078125,886.2613525390625,0.7215
15,15,267,-19.04172706604004,216.403076171875,887.0660400390625,0.5774
15,15,268,-17.35077667236328,216.0885772705078,888.1201171875,0.3322
15,15,269,-15.830243110656738,215.85525512695312,889.4111328125,0.0742
15,15,270,-14.539905548095703,215.61880493164062,890.9345703125,0.1096
15,15,271,-13.54253101348877,215.43870544433594,892.6618041992188,0.3247
15,15,272,-12.879840850830078,215.22291564941406,894.5380859375,0.5262
15,15,273,-12.623400688171387,214.9512176513672,896.5053100585938,0.6387
15,15,274,-12.862090110778809,214.77114868164062,898.4668579101562,0.7627
15,15,275,-13.674053192138672,214.65455627441406,900.2587890625,0.7053
15,15,276,-15.028327941894531,214.5659637451172,901.6858520507812,0.468
15,15,277,-16.725679397583008,214.68597412109375,902.715576171875,0.2618
15,15,278,-18.504234313964844,214.92141723632812,903.6190185546875,0.3617
15,15,279,-20.147289276123047,214.98028564453125,904.7317504882812,0.4249
15,15,280,-21.489042282104492,215.06546020507812,906.18896484375,0.5161
15,15,281,-22.402433395385742,214.87594604492188,907.9512329101562,0.4795
15,15,282,-22.850074768066406,214.67372131347656,909.8916625976562,0.5296
15,15,283,-22.85706329345703,214.2949676513672,911.8881225585938,0.4978
15,15,284,-22.452037811279297,213.90530395507812,913.8424682617188,0.4793
15,15,285,-21.74578857421875,213.47216796875,915.7058715820312,0.5019
15,15,286,-20.715513229370117,212.8819122314453,917.4059448242188,0.4709
15,15,287,-19.434892654418945,212.145263671875,918.929443359375,0.3676
15,15,288,-17.982683181762695,211.38754272460938,920.2944946289062,0.3706
15,15,289,-16.318511962890625,210.8604736328125,921.3243408203125,0.2906
15,15,290,-14.390938758850098,210.52255249023438,921.8011474609375,0.1518
15,15,291,-12.42110538482666,210.40025329589844,921.4757080078125,0.1001
15,15,292,-10.66575813293457,210.44093322753906,920.5897827148438,0.1669
15,15,293,-9.193860054016113,210.58724975585938,919.2852172851562,0.1015
15,15,294,-8.095311164855957,210.9556427001953,917.6392822265625,0.1251
15,15,295,-7.457564353942871,211.58148193359375,915.7493896484375,0.1925
15,15,296,-7.341904640197754,212.299560546875,913.7562255859375,0.1317
15,15,297,-7.513238906860352,212.8826446533203,911.7698974609375,0.0406
15,15,298,-7.399721622467041,213.19581604003906,909.7833251953125,0.0481
15,15,299,-6.656006813049316,213.3073272705078,907.9591674804688,0.101
15,15,300,-5.214713096618652,213.32858276367188,906.6339721679688,0.2248
15,15,301,-3.318253755569458,213.23895263671875,906.1612548828125,0.3445
15,15,302,-1.4824680089950562,212.83041381835938,906.831787109375,0.1199
15,15,303,-0.6948865056037903,212.3486785888672,908.6219482421875,0.1352
15,15,304,-0.8887660503387451,211.92453002929688,910.6040649414062,0.2297
15,15,305,-1.4245234727859497,211.47097778320312,912.5272827148438,0.3801
15,15,306,-1.4637482166290283,210.75991821289062,914.5222778320312,0.454
15,15,307,-1.176397442817688,210.00717163085938,916.4830322265625,0.4485
15,15,308,-0.4552532434463501,209.31060791015625,918.292724609375,0.3958
15,15,309,0.9063411951065063,208.70652770996094,919.7284545898438,0.2612
15,15,310,2.7828564643859863,208.29931640625,920.41015625,0.2496
15,15,311,4.740754127502441,208.01779174804688,920.796875,0.1414
15,15,312,6.610485553741455,208.25729370117188,917.9326171875,0.2435
15,15,313,8.419313430786133,207.9148712158203,919.4832153320312,0.1616
15,15,314,11.313709259033203,207.63145446777344,921.4561157226562,0.304
15,15,315,14.110552787780762,207.624755859375,921.1779174804688,0.4415
15,15,316,14.79180908203125,207.78775024414062,918.4719848632812,0.2179
15,15,317,13.724196434020996,208.07774353027344,915.1161499023438,0.2488
15,15,318,13.123353958129883,208.25259399414062,912.95849609375,0.4271
15,15,319,14.507698059082031,208.30255126953125,911.9642333984375,0.4588
15,15,320,16.416959762573242,208.42315673828125,910.2514038085938,0.317
15,15,321,15.902804374694824,208.95599365234375,908.3486328125,0.2501
15,15,322,14.840470314025879,209.5334014892578,906.6986083984375,0.2235
15,15,323,13.017003059387207,209.89906311035156,905.8085327148438,0.3182
15,15,324,9.771471977233887,210.45933532714844,906.120849609375,0.4393
15,15,325,8.332906723022461,211.78079223632812,903.5344848632812,0.4972
15,15,326,10.357649803161621,212.08786010742188,900.7029418945312,0.4041
15,15,327,13.081782341003418,211.7954559326172,900.6492309570312,0.3423
15,15,328,13.573572158813477,211.7994384765625,900.5088500976562,0.2716
15,15,329,14.652151107788086,212.26414489746094,898.1954345703125,0.1934
15,15,330,17.85736083984375,212.70083618164062,896.7706298828125,0.3749
15,15,331,20.154586791992188,212.17245483398438,898.4615478515625,0.3734
15,15,332,18.74624252319336,211.08929443359375,901.860595703125,0.127
15,15,333,19.71026039123535,210.50192260742188,903.5945434570312,0.1211
15,15,334,21.007915496826172,210.0214080810547,905.0888061523438,0.2426
15,15,335,22.647960662841797,209.58157348632812,906.207763671875,0.4218
15,15,336,24.561838150024414,209.16995239257812,906.7662963867188,0.4926
15,15,337,26.53353500366211,209.1249237060547,906.472900390625,0.6249
15,15,338,28.381383895874023,209.26052856445312,905.720947265625,0.4839
15,15,339,30.108854293823242,209.45518493652344,904.7222900390625,0.3182
15,15,340,31.71059226989746,209.78594970703125,903.5328369140625,0.3659
15,15,341,33.134490966796875,210.28485107421875,902.140869140625,0.3792
15,15,342,34.190834045410156,210.77110290527344,900.4739379882812,0.4379
15,15,343,34.70442581176758,211.09140014648438,898.544677734375,0.4768
15,15,344,34.67726516723633,211.55804443359375,896.5491943359375,0.4472
15,15,345,34.279788970947266,211.98336791992188,894.6104736328125,0.3899
15,15,346,33.53135681152344,212.31277465820312,892.7789306640625,0.3933
15,15,347,32.426177978515625,212.62371826171875,891.1174926757812,0.342
15,15,348,30.885698318481445,213.03793334960938,889.8474731445312,0.287
15,15,349,28.079113006591797,213.178955078125,891.3427124023438,0.3524
15,15,350,26.45582389831543,213.274658203125,890.830810546875,0.3897
15,15,351,25.3011417388916,213.2929229736328,887.8120727539062,0.2933
15,15,352,23.323657989501953,213.2982177734375,887.9037475585938,0.2156
15,15,353,21.380678176879883,213.3208770751953,888.3483276367188,0.1896
15,15,354,19.399675369262695,213.447021484375,888.4696044921875,0.212
15,15,355,17.500104904174805,213.71197509765625,887.9647216796875,0.3133
15,15,356,15.997269630432129,213.79461669921875,886.7291870117188,0.3508
15,15,357,15.262149810791016,213.8389129638672,884.9322509765625,0.304
15,15,358,15.41203498840332,213.85313415527344,882.98486328125,0.1623
15,15,359,16.22838592529297,213.7979736328125,881.1895141601562,0.1979
15,15,360,18.624513626098633,213.48068237304688,880.4396362304688,0.2182
15,15,361,17.32262420654297,213.75924682617188,877.2924194335938,0.1299
15,15,362,16.30027961730957,213.93255615234375,875.5842895507812,0.1694
15,15,363,17.385515213012695,213.80897521972656,874.6483154296875,0.1121
15,15,364,18.955196380615234,213.56483459472656,871.8015747070312,0.1879
15,15,365,17.680797576904297,213.4409942626953,868.6640625,0.4121
15,15,366,14.681224822998047,213.8059844970703,868.8883056640625,0.238
15,15,367,12.852299690246582,214.2832794189453,871.92724609375,0.1406
15,15,368,11.501340866088867,214.54229736328125,874.6602783203125,0.3337
15,15,369,9.087869644165039,214.71282958984375,874.8051147460938,0.5464
15,15,370,6.900437831878662,214.74188232421875,872.1868286132812,0.4342
15,15,371,6.110892295837402,214.68096923828125,869.3848876953125,0.4419
15,15,372,5.0853352546691895,214.70281982421875,868.5797729492188,0.4679
15,15,373,2.2288639545440674,215.05712890625,868.938232421875,0.5718
15,15,374,-1.1417123079299927,215.20834350585938,868.4047241210938,0.4053
15,15,375,-2.4332735538482666,215.239501953125,866.2974853515625,0.4497
15,15,376,-0.7895819544792175,214.97268676757812,863.6627197265625,0.7081
15,15,377,1.8958868980407715,214.54263305664062,861.646484375,0.6375
15,15,378,2.9264681339263916,214.45350646972656,860.096923828125,0.6054
15,15,379,1.5479391813278198,214.9075469970703,858.0021362304688,0.6281
15,15,380,-0.3777218163013458,215.55337524414062,855.078125,0.5282
15,15,381,-0.36379677057266235,215.52008056640625,852.4456176757812,0.2954
15,15,382,3.34952449798584,215.0644989013672,852.4571533203125,0.2467
15,15,383,4.752180099487305,214.67205810546875,851.0377807617188,0.1011
15,15,384,7.977384567260742,214.219482421875,852.3204956054688,0.3152
15,15,385,8.851959228515625,213.9466552734375,850.5266723632812,0.3505
15,15,386,9.659102439880371,212.91543579101562,847.19775390625,0.6074
15,15,387,11.542197227478027,212.06178283691406,844.8533935546875,0.8069
15,15,388,13.99698543548584,211.91226196289062,845.5303344726562,0.862
15,15,389,15.686863899230957,212.39120483398438,848.5518188476562,0.8149
15,15,390,16.468095779418945,212.66519165039062,851.173828125,0.7176
15,15,391,17.842313766479492,212.32266235351562,851.6185913085938,0.7654
15,15,392,20.893964767456055,211.76318359375,851.08056640625,0.5707
15,15,393,24.15650749206543,211.14260864257812,852.0216674804688,0.2885
15,15,394,24.78833770751953,211.13711547851562,854.7120361328125,0.2834
15,15,395,22.20075225830078,211.45452880859375,856.90625,0.3018
15,15,396,19.066646575927734,212.15823364257812,857.5975952148438,0.2917
15,15,397,17.57814598083496,212.44284057617188,859.1959838867188,0.3254
15,15,398,18.855195999145508,212.41212463378906,862.1513061523438,0.1801
15,15,399,21.5878963470459,212.3904266357422,863.9584350585938,0.371
15,15,400,22.757755279541016,212.44915771484375,865.01416015625,0.2479
15,15,401,21.885908126831055,212.72389221191406,867.209716796875,0.1245
15,15,402,21.26318359375,212.9830322265625,870.6691284179688,0.315
15,15,403,23.029420852661133,212.85289001464844,873.1339111328125,0.4318
15,15,404,25.992319107055664,212.36932373046875,872.140625,0.4514
15,15,405,27.704004287719727,212.3133087158203,869.0953369140625,0.4253
15,15,406,28.541929244995117,212.36929321289062,867.1446533203125,0.1661
15,15,407,30.277969360351562,212.27621459960938,867.3721313476562,0.1273
15,15,408,33.579124450683594,211.97235107421875,867.8017578125,0.1311
15,15,409,36.28739547729492,211.8338623046875,867.2975463867188,0.3038
15,15,410,36.832305908203125,211.77574157714844,865.2954711914062,0.0745
15,15,411,35.92427062988281,211.80514526367188,862.0399780273438,0.2868
15,15,412,35.38764572143555,211.67938232421875,859.1801147460938,0.3802
15,15,413,36.731719970703125,211.57420349121094,857.930419921875,0.3871
15,15,414,39.923133850097656,211.36978149414062,857.5579833984375,0.2171
15,15,415,42.99424362182617,211.04583740234375,856.2525634765625,0.2356
15,15,416,43.35106658935547,210.7859344482422,853.5565795898438,0.1629
15,15,417,40.52336502075195,210.75375366210938,851.63818359375,0.1673
15,15,418,39.16852951049805,210.7541046142578,850.1351928710938,0.1209
15,15,419,36.01026916503906,210.8671875,851.3276977539062,0.1571
15,15,420,35.4844856262207,210.7809295654297,848.4890747070312,0.1341
15,15,421,35.76117706298828,210.64199829101562,845.2449951171875,0.244
15,15,422,35.693946838378906,210.45013427734375,843.8617553710938,0.1658
15,15,423,33.58779525756836,210.31065368652344,843.198486328125,0.2497
15,15,424,30.947978973388672,210.005615234375,840.916748046875,0.5076
15,15,425,33.43520736694336,209.7122039794922,839.4774780273438,0.3082
16,16,0,33.68448257446289,212.7080078125,839.9738159179688,0.3068
16,16,1,34.85831832885742,212.37551879882812,838.3605346679688,0.2563
16,16,2,35.95408630371094,212.06878662109375,836.69482421875,0.1674
16,16,3,36.74962615966797,211.71578979492188,834.8688354492188,0.1176
16,16,4,37.148197174072266,211.3378448486328,832.9229125976562,0.1719
16,16,5,36.82707977294922,210.89935302734375,830.9537353515625,0.2281
16,16,6,36.034576416015625,210.49049377441406,829.1355590820312,0.2461
16,16,7,34.907997131347656,210.16705322265625,827.5165405273438,0.4041
16,16,8,33.49610900878906,209.90670776367188,826.1174926757812,0.3834
16,16,9,31.765987396240234,209.66200256347656,825.123779296875,0.23
16,16,10,29.843564987182617,209.3394317626953,824.7305908203125,0.2771
16,16,11,27.89867401123047,209.2716064453125,824.9602661132812,0.2249
16,16,12,26.242433547973633,209.5032501220703,825.9180297851562,0.1982
16,16,13,24.96398162841797,210.14035034179688,827.4497680664062,0.0352
16,16,14,24.116722106933594,210.76092529296875,829.25439453125,0.1584
16,16,15,20.735332489013672,211.1076202392578,830.4140625,0.1749
16,16,16,20.998071670532227,211.6923828125,832.4285888671875,0.2148
16,16,17,22.769893646240234,212.30340576171875,835.1997680664062,0.2486
16,16,18,22.1281681060791,212.96014404296875,838.702392578125,0.1406
16,16,19,18.709033966064453,213.33642578125,838.9912719726562,0.5068
16,16,20,17.306785583496094,212.5644073486328,835.6931762695312,0.372
16,16,21,18.562997817993164,211.85072326660156,833.2833251953125,0.2668
16,16,22,18.63627052307129,211.63267517089844,832.546142578125,0.2619
16,16,23,16.891023635864258,210.76776123046875,830.5440063476562,0.2972
16,16,24,16.004411697387695,209.75128173828125,827.309814453125,0.1324
16,16,25,16.909692764282227,209.01426696777344,825.5724487304688,0.1003
16,16,26,20.252239227294922,209.36962890625,825.708740234375,0.1847
16,16,27,21.01689338684082,208.4464874267578,823.8722534179688,0.2669
16,16,28,21.265504837036133,207.41493225097656,821.8926391601562,0.1877
16,16,29,20.97427749633789,206.36854553222656,819.9256591796875,0.2376
16,16,30,20.449665069580078,205.58990478515625,818.002685546875,0.466
16,16,31,19.478252410888672,204.97348022460938,816.2821655273438,0.275
16,16,32,18.08712387084961,204.60418701171875,814.882568359375,0.3171
16,16,33,16.487886428833008,204.50811767578125,813.6904907226562,0.3762
16,16,34,14.825040817260742,204.4424591064453,812.590087890625,0.2914
16,16,35,13.03268814086914,204.265625,811.7816162109375,0.3358
16,16,36,11.075045585632324,204.10031127929688,811.3963623046875,0.3232
16,16,37,9.124135971069336,204.162353515625,811.8099975585938,0.4532
16,16,38,8.833699226379395,204.64776611328125,814.4754028320312,0.2856
16,16,39,5.690743446350098,204.64906311035156,813.955810546875,0.2599
16,16,40,2.7842845916748047,205.31597900390625,815.529541015625,0.0977
16,16,41,2.85860276222229,206.25111389160156,818.0201416015625,0.0339
16,16,42,5.497705459594727,206.775146484375,820.0721435546875,0.1269
16,16,43,7.856802940368652,207.51808166503906,822.6494750976562,0.2939
16,16,44,6.334024906158447,209.09893798828125,825.6953125,0.1547
16,16,45,2.776735544204712,209.02798461914062,824.7922973632812,0.1709
16,16,46,2.405094861984253,208.00473022460938,822.0266723632812,0.3014
16,16,47,2.629655361175537,207.68954467773438,821.3382568359375,0.271
16,16,48,0.44441720843315125,207.49417114257812,820.2537841796875,0.2837
16,16,49,-2.433936595916748,207.1984405517578,818.672119140625,0.3532
16,16,50,-3.5632429122924805,207.04391479492188,817.7954711914062,0.3867
16,16,51,-2.864924430847168,206.2286376953125,815.8297729492188,0.2107
16,16,52,-3.563344717025757,205.22567749023438,812.4361572265625,0.2477
16,16,53,-6.367227554321289,205.15902709960938,811.1395263671875,0.167
16,16,54,-7.77424430847168,206.53419494628906,814.7249755859375,0.3695
16,16,55,-9.642317771911621,206.9434356689453,815.4153442382812,0.333
16,16,56,-11.59264087677002,207.22808837890625,815.773681640625,0.2466
16,16,57,-13.582316398620605,207.44403076171875,815.78271484375,0.124
16,16,58,-15.566712379455566,207.652099609375,815.8475341796875,0.0825
16,16,59,-17.515708923339844,208.34396362304688,816.2379150390625,0.1924
16,16,60,-19.383323669433594,209.29876708984375,816.92529296875,0.3597
16,16,61,-21.109291076660156,210.7039337158203,817.9120483398438,0.3
16,16,62,-22.547574996948242,212.5315704345703,819.264404296875,0.1326
16,16,63,-23.48282241821289,213.80575561523438,821.0220947265625,0.3001
16,16,64,-23.86272621154785,214.7129364013672,822.9807739257812,0.5624
16,16,65,-23.546123504638672,215.3892822265625,824.9357299804688,0.3175
16,16,66,-22.369354248046875,215.79232788085938,826.492431640625,0.195
16,16,67,-20.608396530151367,215.7113494873047,827.353759765625,0.1216
16,16,68,-18.67105484008789,215.5615692138672,827.8074340820312,0.1151
16,16,69,-16.948633193969727,215.51487731933594,828.7523193359375,0.2847
16,16,70,-15.930804252624512,215.68414306640625,830.3800048828125,0.4094
16,16,71,-15.979287147521973,216.255615234375,832.2986450195312,0.5655
16,16,72,-17.06296730041504,216.99026489257812,833.9024658203125,0.6436
16,16,73,-18.69887924194336,217.581787109375,835.004638671875,0.6551
16,16,74,-20.441322326660156,217.93338012695312,835.9762573242188,0.6028
16,16,75,-22.0307674407959,218.34515380859375,837.15625,0.5942
16,16,76,-23.170860290527344,219.00392150878906,838.7421264648438,0.4865
16,16,77,-23.502307891845703,219.5698699951172,840.6541748046875,0.3621
16,16,78,-23.00914192199707,219.83273315429688,842.5545654296875,0.4958
16,16,79,-22.05813217163086,219.858154296875,844.3038330078125,0.5578
16,16,80,-21.073686599731445,219.75697326660156,846.0303344726562,0.4922
16,16,81,-20.501970291137695,219.6837158203125,847.9151000976562,0.4852
16,16,82,-20.717042922973633,219.82260131835938,849.8555297851562,0.2996
16,16,83,-21.849536895751953,220.15609741210938,851.4340209960938,0.2069
16,16,84,-23.604782104492188,220.37240600585938,852.2998657226562,0.1699
16,16,85,-25.57660484313965,220.63526916503906,852.5302124023438,0.1209
16,16,86,-27.569671630859375,220.73287963867188,852.4908447265625,0.2098
16,16,87,-29.540348052978516,220.56118774414062,852.705810546875,0.3708
16,16,88,-31.2613525390625,220.14730834960938,853.6376953125,0.4031
16,16,89,-32.19703674316406,219.70462036132812,855.3447875976562,0.2189
16,16,90,-32.30548858642578,219.2171630859375,857.322265625,0.2091
16,16,91,-32.07802200317383,218.95083618164062,859.3036499023438,0.317
16,16,92,-32.002044677734375,218.6520538330078,861.2922973632812,0.2757
16,16,93,-32.32209396362305,218.4497528076172,863.2606201171875,0.2269
16,16,94,-33.18377685546875,218.58010864257812,865.0601806640625,0.3084
16,16,95,-34.51853942871094,218.71884155273438,866.5342407226562,0.185
16,16,96,-36.22024154663086,219.00213623046875,867.55078125,0.1173
16,16,97,-38.13896560668945,219.11048889160156,868.0327758789062,0.2071
16,16,98,-40.12083435058594,219.180419921875,868.0377197265625,0.2915
16,16,99,-42.09710693359375,219.4423828125,867.7798461914062,0.3612
16,16,100,-44.07693862915039,219.63026428222656,867.6636962890625,0.294
16,16,101,-45.958770751953125,219.82945251464844,868.1712036132812,0.3819
16,16,102,-47.327598571777344,220.03936767578125,869.5292358398438,0.4773
16,16,103,-47.86267852783203,220.18206787109375,871.4055786132812,0.5452
16,16,104,-47.82209014892578,220.3569793701172,873.3888549804688,0.3966
16,16,105,-47.73030090332031,220.57933044433594,875.3794555664062,0.1785
16,16,106,-47.96371078491211,220.74624633789062,877.3423461914062,0.074
16,16,107,-48.72506332397461,220.83494567871094,879.1551513671875,0.2952
16,16,108,-50.043888092041016,221.06541442871094,880.6144409179688,0.4441
16,16,109,-51.7863655090332,221.45465087890625,881.5403442382812,0.3809
16,16,110,-53.74747848510742,221.93539428710938,881.821533203125,0.3039
16,16,111,-55.69059753417969,222.5013427734375,881.3916625976562,0.1451
16,16,112,-57.31082534790039,222.8583984375,880.2274169921875,0.0862
16,16,113,-58.27629470825195,223.0648651123047,878.4849853515625,0.1419
16,16,114,-58.42031478881836,222.869140625,876.5025634765625,0.1557
16,16,115,-57.831485748291016,222.5711669921875,874.6052856445312,0.2482
16,16,116,-56.730628967285156,222.3359375,872.9498291015625,0.1235
16,16,117,-55.80025100708008,222.1663055419922,871.1871337890625,0.1343
16,16,118,-55.2727165222168,222.09182739257812,869.2789306640625,0.157
16,16,119,-55.26789855957031,222.08724975585938,867.3236083984375,0.2475
16,16,120,-55.87187576293945,222.26937866210938,865.466796875,0.3902
16,16,121,-57.181583404541016,222.76980590820312,863.961669921875,0.626
16,16,122,-58.96103286743164,223.42578125,863.08349609375,0.5478
16,16,123,-60.891693115234375,223.91864013671875,862.7000122070312,0.6814
16,16,124,-62.88339614868164,224.1976318359375,862.5949096679688,0.5948
16,16,125,-64.87646484375,224.53305053710938,862.6221923828125,0.3854
16,16,126,-66.84992980957031,224.88922119140625,862.87451171875,0.409
16,16,127,-68.76029205322266,225.11492919921875,863.4282836914062,0.4953
16,16,128,-70.5517349243164,225.41021728515625,864.28857421875,0.4943
16,16,129,-72.13263702392578,225.46969604492188,865.4824829101562,0.3667
16,16,130,-73.27838134765625,225.43475341796875,867.068115234375,0.1264
16,16,131,-73.44522857666016,225.24253845214844,868.947509765625,0.2226
16,16,132,-72.49231719970703,225.088623046875,870.6270751953125,0.1855
16,16,133,-70.95870971679688,225.0612335205078,871.88818359375,0.0898
16,16,134,-69.2800521850586,225.0572509765625,872.9462280273438,0.191
16,16,135,-67.99330139160156,225.07315063476562,874.4710083007812,0.2113
16,16,136,-67.69215393066406,225.21969604492188,876.4183959960938,0.2172
16,16,137,-68.08714294433594,225.4368133544922,878.3585205078125,0.3381
16,16,138,-68.96868133544922,225.52674865722656,880.1314086914062,0.2896
16,16,139,-70.23394775390625,225.8652801513672,881.6515502929688,0.3293
16,16,140,-71.80384063720703,226.09304809570312,882.8558959960938,0.3055
16,16,141,-73.59554290771484,226.52882385253906,883.707763671875,0.3259
16,16,142,-75.52579498291016,226.72470092773438,884.1959228515625,0.2802
16,16,143,-77.5201187133789,226.6011962890625,884.2552490234375,0.3032
16,16,144,-79.45087432861328,226.607177734375,883.7845458984375,0.1522
16,16,145,-80.91445922851562,226.54324340820312,882.5184936523438,0.2377
16,16,146,-81.7124252319336,226.5620880126953,880.7737426757812,0.2567
16,16,147,-81.71525573730469,226.61016845703125,878.8469848632812,0.2323
16,16,148,-80.90873718261719,226.78985595703125,877.0220947265625,0.1845
16,16,149,-79.72179412841797,226.81951904296875,875.42138671875,0.1801
16,16,150,-78.87759399414062,226.63270568847656,873.6370239257812,0.3536
16,16,151,-78.63895416259766,226.43345642089844,871.7117919921875,0.3917
16,16,152,-79.08609771728516,226.4176025390625,869.792236328125,0.3496
16,16,153,-80.09695434570312,226.50997924804688,868.1011962890625,0.3204
16,16,154,-81.798583984375,226.75579833984375,867.08447265625,0.1523
16,16,155,-83.75035095214844,226.8826904296875,867.3898315429688,0.1907
16,16,156,-85.46304321289062,227.12744140625,868.3960571289062,0.2485
16,16,157,-86.87588500976562,227.2182159423828,869.7857666015625,0.2606
16,16,158,-87.76509094238281,227.11915588378906,871.5316772460938,0.2541
16,16,159,-88.06768798828125,226.88003540039062,873.4989013671875,0.3002
16,16,160,-88.15974426269531,226.59298706054688,875.4832763671875,0.1849
16,16,161,-88.76858520507812,226.1661376953125,877.378662109375,0.0908
16,16,162,-89.9467544555664,225.8533935546875,878.9865112304688,0.1233
16,16,163,-91.6023941040039,225.647705078125,880.0927734375,0.2087
16,16,164,-93.51393127441406,225.46730041503906,880.658447265625,0.2699
16,16,165,-95.33819580078125,225.56134033203125,881.4605102539062,0.1565
16,16,166,-97.01544952392578,225.51181030273438,882.5406494140625,0.0353
16,16,167,-98.59136962890625,225.5384979248047,883.7639770507812,0.2115
16,16,168,-99.96903228759766,225.49798583984375,885.2037963867188,0.2404
16,16,169,-100.81918334960938,225.39662170410156,887.0087890625,0.1347
16,16,170,-101.29632568359375,225.23329162597656,888.9457397460938,0.1091
16,16,171,-101.43807220458984,225.10894775390625,890.9343872070312,0.2001
16,16,172,-101.22673797607422,224.8974151611328,892.916015625,0.1999
16,16,173,-100.68773651123047,224.6779327392578,894.8348999023438,0.1939
16,16,174,-99.88381958007812,224.49948120117188,896.6594848632812,0.3683
16,16,175,-98.83487701416016,224.39132690429688,898.355224609375,0.5423
16,16,176,-97.44359588623047,224.41754150390625,899.7814331054688,0.5878
16,16,177,-95.61348724365234,224.5533447265625,900.543701171875,0.5652
16,16,178,-93.66101837158203,224.6751708984375,900.7882080078125,0.4831
16,16,179,-91.74219512939453,224.70860290527344,900.46142578125,0.5169
16,16,180,-90.01058197021484,224.85824584960938,899.4930419921875,0.3787
16,16,181,-88.50485229492188,225.05044555664062,898.189453125,0.1496
16,16,182,-87.14218139648438,225.11988830566406,896.7346801757812,0.1498
16,16,183,-85.6041259765625,225.26292419433594,895.4663696289062,0.2355
16,16,184,-83.7847900390625,225.58660888671875,894.6472778320312,0.5058
16,16,185,-81.79578399658203,225.8609619140625,894.5629272460938,0.4325
16,16,186,-79.94878387451172,225.91685485839844,895.2931518554688,0.5212
16,16,187,-78.58526611328125,225.8117218017578,896.7334594726562,0.4334
16,16,188,-77.96635437011719,225.59112548828125,898.6162719726562,0.2413
16,16,189,-78.08881378173828,225.37429809570312,900.5947265625,0.1855
16,16,190,-78.63343048095703,225.0147705078125,902.5068969726562,0.0787
16,16,191,-79.14090728759766,224.72335815429688,904.4346923828125,0.1697
16,16,192,-79.25038146972656,224.45855712890625,906.4028930664062,0.1603
16,16,193,-78.4831771850586,224.1754608154297,908.1502685546875,0.2066
16,16,194,-76.7941665649414,224.07106018066406,909.0369262695312,0.2089
16,16,195,-74.82814025878906,224.073486328125,909.0834350585938,0.349
16,16,196,-72.86255645751953,224.0487518310547,908.7619018554688,0.4537
16,16,197,-70.89323425292969,223.95864868164062,908.5054321289062,0.488
16,16,198,-68.9468765258789,223.62689208984375,908.7385864257812,0.4579
16,16,199,-67.29707336425781,223.24961853027344,909.7547607421875,0.3645
16,16,200,-66.34977722167969,222.7591552734375,911.4476928710938,0.302
16,16,201,-66.18144226074219,222.2490692138672,913.4058837890625,0.2739
16,16,202,-66.57357025146484,221.7341766357422,915.3543701171875,0.2066
16,16,203,-67.21278381347656,221.18435668945312,917.2391357421875,0.3562
16,16,204,-67.4658203125,220.50704956054688,919.2055053710938,0.4571
16,16,205,-66.970458984375,219.73336791992188,921.132080078125,0.3522
16,16,206,-65.69371795654297,218.88912963867188,922.6653442382812,0.1343
16,16,207,-63.898101806640625,218.32086181640625,923.513671875,0.1791
16,16,208,-61.94271469116211,218.14022827148438,923.3744506835938,0.2308
16,16,209,-60.210105895996094,218.3619384765625,922.462890625,0.3746
16,16,210,-58.79597091674805,218.72677612304688,921.0858154296875,0.2703
16,16,211,-57.415618896484375,219.14256286621094,919.6547241210938,0.2781
16,16,212,-55.70228958129883,219.33758544921875,918.7218017578125,0.08
16,16,213,-53.773643493652344,219.20700073242188,918.7614135742188,0.1094
16,16,214,-52.137428283691406,218.8142547607422,919.8076171875,0.0604
16,16,215,-51.108463287353516,218.24166870117188,921.4777221679688,0.2132
16,16,216,-50.709075927734375,217.69224548339844,923.4119262695312,0.2697
16,16,217,-50.24592590332031,217.19517517089844,925.3487548828125,0.2444
16,16,218,-49.30900955200195,216.62646484375,927.0885009765625,0.3467
16,16,219,-47.96229553222656,216.03839111328125,928.5344848632812,0.4052
16,16,220,-46.324954986572266,215.46224975585938,929.6456909179688,0.2032
16,16,221,-44.48765182495117,215.00222778320312,930.3870239257812,0.2538
16,16,222,-42.52128601074219,214.65505981445312,930.7093505859375,0.2754
16,16,223,-40.53559112548828,214.50843811035156,930.5147705078125,0.3274
16,16,224,-38.63911819458008,214.46804809570312,929.9228515625,0.2092
16,16,225,-37.06541061401367,214.5769805908203,928.7794799804688,0.1241
16,16,226,-35.81092834472656,214.88372802734375,927.2557373046875,0.0619
16,16,227,-35.01764678955078,215.48477172851562,925.4249877929688,0.1113
16,16,228,-34.80744552612305,216.09796142578125,923.468505859375,0.2355
16,16,229,-35.17982864379883,216.59669494628906,921.5686645507812,0.3828
16,16,230,-36.19569396972656,217.11614990234375,919.86181640625,0.5072
16,16,231,-37.49614334106445,217.53976440429688,918.352294921875,0.4628
16,16,232,-38.97654724121094,217.9421844482422,917.0147705078125,0.3619
16,16,233,-40.50047302246094,218.28375244140625,915.7269897460938,0.1999
16,16,234,-41.66404342651367,218.63092041015625,914.1090087890625,0.1884
16,16,235,-42.00043487548828,218.89024353027344,912.159423828125,0.2978
16,16,236,-41.253177642822266,219.17913818359375,910.3314208984375,0.3173
16,16,237,-39.80889892578125,219.36721801757812,908.96337890625,0.3664
16,16,238,-38.10393524169922,219.4198760986328,907.927490234375,0.2878
16,16,239,-36.489200592041016,219.40020751953125,906.7555541992188,0.2826
16,16,240,-35.25128936767578,219.45864868164062,905.196044921875,0.086
16,16,241,-34.718528747558594,219.56710815429688,903.2847900390625,0.2184
16,16,242,-35.00754928588867,219.6159210205078,901.3174438476562,0.2115
16,16,243,-35.759002685546875,219.65377807617188,899.471923828125,0.1334
16,16,244,-36.40200424194336,219.66595458984375,897.5838623046875,0.0759
16,16,245,-36.662601470947266,219.69166564941406,895.6150512695312,0.0724
16,16,246,-36.41256332397461,219.8916473388672,893.6533203125,0.0422
16,16,247,-35.65806198120117,219.806884765625,891.8263549804688,0.2094
16,16,248,-34.48880386352539,219.63919067382812,890.2289428710938,0.3158
16,16,249,-33.00898742675781,219.57518005371094,888.9083862304688,0.3575
16,16,250,-31.30677604675293,219.42897033691406,887.8837890625,0.3394
16,16,251,-29.452613830566406,219.26840209960938,887.161376953125,0.3473
16,16,252,-27.504459381103516,219.15768432617188,886.7418823242188,0.3046
16,16,253,-25.512386322021484,219.145751953125,886.6307373046875,0.4347
16,16,254,-23.528934478759766,219.14202880859375,886.8413696289062,0.5945
16,16,255,-21.598987579345703,219.068359375,887.3352661132812,0.6922
16,16,256,-19.76294708251953,218.8707275390625,888.103515625,0.4822
16,16,257,-18.063657760620117,218.6194610595703,889.136474609375,0.324
16,16,258,-16.546541213989258,218.34866333007812,890.4197387695312,0.2398
16,16,259,-15.260820388793945,218.13804626464844,891.933349609375,0.2549
16,16,260,-14.262450218200684,217.89292907714844,893.6497192382812,0.3742
16,16,261,-13.62021541595459,217.6499481201172,895.5296020507812,0.348
16,16,262,-13.424397468566895,217.41696166992188,897.5090942382812,0.5552
16,16,263,-13.782546043395996,217.30014038085938,899.4701538085938,0.5616
16,16,264,-14.760717391967773,217.09793090820312,901.2090454101562,0.5548
16,16,265,-16.22626495361328,217.16009521484375,902.5596923828125,0.3575
16,16,266,-17.905611038208008,217.3712158203125,903.6328125,0.0861
16,16,267,-19.492786407470703,217.41754150390625,904.8392333984375,0.3351
16,16,268,-20.775650024414062,217.47488403320312,906.3516235351562,0.4982
16,16,269,-21.595060348510742,217.31903076171875,908.1495971679688,0.5295
16,16,270,-21.896846771240234,217.06411743164062,910.102294921875,0.6117
16,16,271,-21.718013763427734,216.697021484375,912.073486328125,0.5468
16,16,272,-21.12841796875,216.29425048828125,913.9668579101562,0.5039
16,16,273,-20.1951847076416,215.83035278320312,915.7207641601562,0.4211
16,16,274,-18.972942352294922,215.19631958007812,917.291259765625,0.3854
16,16,275,-17.50372314453125,214.5233612060547,918.6400756835938,0.2088
16,16,276,-15.814303398132324,213.9753875732422,919.7014770507812,0.0974
16,16,277,-13.8587007522583,213.68917846679688,919.9852905273438,0.0655
16,16,278,-11.92263412475586,213.6478271484375,919.6780395507812,0.1758
16,16,279,-10.180625915527344,213.67515563964844,918.805908203125,0.1582
16,16,280,-8.783886909484863,213.94033813476562,917.40087890625,0.1301
16,16,281,-7.869602680206299,214.44406127929688,915.6275024414062,0.1046
16,16,282,-7.446520805358887,215.03517150878906,913.6862182617188,0.1312
16,16,283,-7.369244575500488,215.53826904296875,911.7018432617188,0.0648
16,16,284,-7.187963962554932,215.8154296875,909.7239379882812,0.1222
16,16,285,-6.4336137771606445,215.919677734375,907.9149780273438,0.2349
16,16,286,-4.988086700439453,215.94007873535156,906.614990234375,0.2882
16,16,287,-3.099508047103882,215.84823608398438,906.1737060546875,0.3235
16,16,288,-1.2646149396896362,215.47039794921875,906.7898559570312,0.2445
16,16,289,-0.12796355783939362,214.9970245361328,908.3639526367188,0.1157
16,16,290,0.01705079711973667,214.54408264160156,910.3307495117188,0.1286
16,16,291,-0.31067246198654175,214.08615112304688,912.2942504882812,0.2829
16,16,292,-0.23444172739982605,213.37872314453125,914.2689819335938,0.2742
16,16,293,0.32799258828163147,212.68063354492188,916.1357421875,0.3389
16,16,294,1.3898159265518188,212.05369567871094,917.8248901367188,0.3137
16,16,295,3.048656702041626,211.51754760742188,918.931640625,0.2732
16,16,296,4.911170482635498,211.18887329101562,919.5059204101562,0.18
16,16,297,6.8919196128845215,211.015869140625,919.5977783203125,0.1704
16,16,298,9.685702323913574,210.62535095214844,922.1882934570312,0.2617
16,16,299,11.558647155761719,210.82354736328125,919.8718872070312,0.4115
16,16,300,11.289837837219238,211.1227264404297,916.2945556640625,0.2198
16,16,301,11.168720245361328,211.29640197753906,913.8731079101562,0.1684
16,16,302,12.859416007995605,211.22860717773438,913.1409301757812,0.0799
16,16,303,15.32407283782959,211.18783569335938,912.2134399414062,0.2648
16,16,304,15.558732986450195,211.46376037597656,910.2535400390625,0.2571
16,16,305,15.254141807556152,211.95932006835938,908.3004150390625,0.2922
16,16,306,14.351359367370605,212.50479125976562,906.5233764648438,0.2379
16,16,307,12.992341041564941,213.06887817382812,905.0625610351562,0.3927
16,16,308,11.447196006774902,213.79888916015625,903.8026733398438,0.6057
16,16,309,10.358057975769043,214.47488403320312,902.1377563476562,0.5737
16,16,310,10.225515365600586,214.93057250976562,900.1699829101562,0.3465
16,16,311,11.322049140930176,215.07791137695312,898.55712890625,0.3068
16,16,312,13.186271667480469,215.02310180664062,898.3118286132812,0.1807
16,16,313,15.952842712402344,215.493896484375,896.1484375,0.3014
16,16,314,16.685565948486328,214.6119842529297,899.3760986328125,0.2129
16,16,315,17.905895233154297,214.16104125976562,900.9508056640625,0.1286
16,16,316,18.9226016998291,213.61195373535156,902.667236328125,0.1492
16,16,317,20.105899810791016,213.1082305908203,904.2737426757812,0.1981
16,16,318,21.669763565063477,212.78067016601562,905.500244140625,0.3091
16,16,319,23.522687911987305,212.43003845214844,906.1911010742188,0.3454
16,16,320,25.4925479888916,212.20242309570312,906.2897338867188,0.499
16,16,321,27.433204650878906,212.2109832763672,905.9003295898438,0.4381
16,16,322,29.28034019470215,212.28982543945312,905.1656494140625,0.37
16,16,323,30.928876876831055,212.50814819335938,904.094482421875,0.3558
16,16,324,32.2269172668457,213.0254669189453,902.5791625976562,0.4118
16,16,325,32.957496643066406,213.60162353515625,900.7295532226562,0.4592
16,16,326,33.33329391479492,214.00559997558594,898.7911376953125,0.4675
16,16,327,33.32011032104492,214.37225341796875,896.8132934570312,0.4915
16,16,328,32.824798583984375,214.7188262939453,894.8814697265625,0.4184
16,16,329,32.03066635131836,215.05767822265625,893.0510864257812,0.5004
16,16,330,30.77610969543457,215.4454345703125,891.51318359375,0.4586
16,16,331,29.186664581298828,215.76321411132812,890.3391723632812,0.4816
16,16,332,27.42932891845703,215.90768432617188,889.3984985351562,0.4292
16,16,333,24.950210571289062,215.89019775390625,891.35986328125,0.3635
16,16,334,23.603866577148438,215.9290771484375,888.9059448242188,0.2195
16,16,335,21.623424530029297,215.94351196289062,888.7225952148438,0.2068
16,16,336,19.64726448059082,216.03256225585938,888.7816162109375,0.1651
16,16,337,17.76432228088379,216.28823852539062,888.2465209960938,0.0767
16,16,338,16.2667179107666,216.38259887695312,887.010498046875,0.2383
16,16,339,15.492729187011719,216.4184112548828,885.2297973632812,0.3092
16,16,340,15.544220924377441,216.4354705810547,883.2743530273438,0.2716
16,16,341,16.24029541015625,216.390625,881.4229125976562,0.0895
16,16,342,19.805465698242188,215.96780395507812,881.3915405273438,0.056
16,16,343,19.836912155151367,216.01039123535156,878.849609375,0.1216
16,16,344,17.897605895996094,216.34010314941406,876.046630859375,0.1794
16,16,345,16.21994400024414,216.55313110351562,875.1475830078125,0.1809
16,16,346,16.662382125854492,216.48849487304688,873.9309692382812,0.1375
16,16,347,16.722597122192383,216.37005615234375,870.688232421875,0.1089
16,16,348,14.592242240905762,216.35260009765625,868.2385864257812,0.1377
16,16,349,12.10315227508545,216.54583740234375,869.0938720703125,0.1971
16,16,350,10.578079223632812,217.142333984375,872.2145385742188,0.2818
16,16,351,8.396258354187012,217.25408935546875,874.662841796875,0.4429
16,16,352,5.762791633605957,217.30398559570312,873.9279174804688,0.2932
16,16,353,4.849451065063477,217.42320251464844,870.6075439453125,0.5721
16,16,354,5.346060276031494,217.10366821289062,867.6553955078125,0.593
16,16,355,4.702473163604736,216.94297790527344,866.383056640625,0.6334
16,16,356,1.9194269180297852,217.14389038085938,865.679931640625,0.8444
16,16,357,-1.1286288499832153,217.56179809570312,864.1342163085938,0.7372
16,16,358,-1.797515869140625,217.65081787109375,861.7791748046875,0.651
16,16,359,0.4874930679798126,217.49778747558594,859.7377319335938,0.7099
16,16,360,3.6521265506744385,216.99322509765625,858.5641479492188,0.3975
16,16,361,5.152461528778076,216.89483642578125,857.4156494140625,0.3201
16,16,362,4.496963977813721,217.31002807617188,855.0509033203125,0.2665
16,16,363,3.5309581756591797,217.46908569335938,851.6825561523438,0.2907
16,16,364,4.333357334136963,217.0510711669922,849.1239013671875,0.304
16,16,365,7.0701141357421875,216.5521240234375,848.9780883789062,0.4942
16,16,366,10.108248710632324,216.3345947265625,850.7026977539062,0.5585
16,16,367,12.112895011901855,216.25497436523438,851.8607177734375,0.5747
16,16,368,13.538249015808105,215.79998779296875,850.6477661132812,0.741
16,16,369,15.693469047546387,214.9397735595703,848.0259399414062,0.8159
16,16,370,18.63915252685547,214.466064453125,846.8930053710938,1.0
16,16,371,20.5330867767334,214.43760681152344,848.9039306640625,0.7387
16,16,372,20.00181770324707,214.70187377929688,852.3527221679688,0.6253
16,16,373,18.612857818603516,215.00180053710938,854.6564331054688,0.5918
16,16,374,19.056699752807617,214.93600463867188,855.8402099609375,0.5599
16,16,375,21.36025047302246,214.39334106445312,857.806884765625,0.2234
16,16,376,22.998279571533203,214.45130920410156,860.48583984375,0.1574
16,16,377,22.629318237304688,214.66650390625,861.9896850585938,0.1995
16,16,378,20.25269889831543,215.14166259765625,863.46923828125,0.2888
16,16,379,18.22844123840332,215.59243774414062,866.2738037109375,0.2026
16,16,380,19.083709716796875,215.84352111816406,868.8765258789062,0.2434
16,16,381,22.322227478027344,215.4053192138672,869.135009765625,0.158
16,16,382,25.097902297973633,215.13255310058594,867.4093017578125,0.2383
16,16,383,26.421266555786133,215.15667724609375,866.6217041015625,0.1498
16,16,384,28.15868377685547,215.06240844726562,868.1012573242188,0.1989
16,16,385,31.126455307006836,214.9803466796875,869.9775390625,0.2202
16,16,386,33.90740966796875,214.91468811035156,869.6079711914062,0.2196
16,16,387,34.429420471191406,214.58993530273438,866.9185180664062,0.2443
16,16,388,33.6108512878418,214.77000427246094,863.5015258789062,0.2887
16,16,389,33.70812225341797,214.56488037109375,860.938720703125,0.4983
16,16,390,35.770408630371094,214.47714233398438,860.2161254882812,0.4248
16,16,391,39.216373443603516,214.43045043945312,860.3305053710938,0.3434
16,16,392,42.039459228515625,214.28167724609375,859.4816284179688,0.154
16,16,393,42.38745880126953,213.9553680419922,857.0599365234375,0.2055
16,16,394,40.32474136352539,213.67105102539062,854.3236694335938,0.17
16,16,395,40.78868103027344,213.57489013671875,852.4259033203125,0.1986
16,16,396,39.99482345581055,213.564208984375,850.635498046875,0.1716
16,16,397,38.62527084350586,213.56500244140625,849.2224731445312,0.1461
16,16,398,38.39219284057617,213.5385284423828,845.9592895507812,0.1969
16,16,399,36.9758186340332,213.45118713378906,844.935791015625,0.1945
16,16,400,34.15530776977539,213.48777770996094,845.475830078125,0.1669
16,16,401,30.813804626464844,213.2706298828125,844.3565673828125,0.2434
16,16,402,30.25200653076172,212.94863891601562,841.44580078125,0.4723
16,16,403,33.68448257446289,212.7080078125,839.9738159179688,0.3068
17,17,0,33.839263916015625,215.6522979736328,840.3291015625,0.1187
17,17,1,34.87119674682617,215.32826232910156,838.6201782226562,0.0715
17,17,2,35.78139877319336,215.01605224609375,836.8434448242188,0.0693
17,17,3,36.30121612548828,214.66598510742188,834.9163208007812,0.231
17,17,4,36.266963958740234,214.2566680908203,832.921630859375,0.4616
17,17,5,35.548118591308594,213.84820556640625,831.0675048828125,0.5753
17,17,6,34.37377166748047,213.5248565673828,829.4678344726562,0.4633
17,17,7,32.81508255004883,213.34109497070312,828.2688598632812,0.3667
17,17,8,30.998655319213867,213.1566619873047,827.5039672851562,0.321
17,17,9,29.040042877197266,213.04403686523438,827.1897583007812,0.1919
17,17,10,27.066946029663086,213.1219940185547,827.493408203125,0.1704
17,17,11,25.440927505493164,213.53172302246094,828.6124877929688,0.1857
17,17,12,23.589431762695312,213.9973602294922,829.8577270507812,0.179
17,17,13,20.986595153808594,214.31781005859375,831.056396484375,0.1637
17,17,14,20.979734420776367,214.7391357421875,832.8546752929688,0.1973
17,17,15,22.0653018951416,215.3988494873047,835.886474609375,0.2466
17,17,16,20.663131713867188,215.9941864013672,839.1481323242188,0.3198
17,17,17,17.262893676757812,216.23712158203125,838.7044677734375,0.43
17,17,18,16.62019920349121,215.261962890625,835.1679077148438,0.3766
17,17,19,18.42303466796875,214.736328125,833.1028442382812,0.3488
17,17,20,18.70212173461914,214.5427703857422,832.3576049804688,0.3888
17,17,21,17.46381187438965,213.66305541992188,829.97802734375,0.3254
17,17,22,16.466054916381836,212.69940185546875,826.9126586914062,0.25
17,17,23,16.76717758178711,212.04685974121094,825.27978515625,0.176
17,17,24,19.265525817871094,211.80535888671875,824.4189453125,0.1183
17,17,25,20.273942947387695,210.92947387695312,822.617431640625,0.2031
17,17,26,20.090648651123047,209.99351501464844,820.6344604492188,0.1304
17,17,27,19.504852294921875,209.1477508544922,818.7506713867188,0.1304
17,17,28,18.575010299682617,208.5572052001953,816.9994506835938,0.2696
17,17,29,17.265138626098633,208.20230102539062,815.4929809570312,0.3021
17,17,30,15.607624053955078,208.09971618652344,814.4287109375,0.2972
17,17,31,13.778825759887695,208.05609130859375,813.7177734375,0.4253
17,17,32,11.462906837463379,207.51058959960938,810.6581420898438,0.5457
17,17,33,9.187410354614258,207.7941131591797,812.3666381835938,0.3893
17,17,34,8.748669624328613,208.41184997558594,815.7731323242188,0.2504
17,17,35,9.356857299804688,208.9757080078125,818.100830078125,0.2536
17,17,36,8.239256858825684,209.377685546875,819.0845947265625,0.1075
17,17,37,5.175797462463379,210.2135772705078,820.2486572265625,0.1874
17,17,38,2.7888498306274414,211.0082244873047,821.5118408203125,0.2402
17,17,39,2.881683588027954,211.2716522216797,822.23046875,0.1656
17,17,40,2.7240958213806152,212.2042236328125,824.8202514648438,0.0695
17,17,41,-0.7494135499000549,212.9051055908203,825.8817138671875,0.2126
17,17,42,-2.6069796085357666,212.13177490234375,823.0501708984375,0.3045
17,17,43,-0.47899723052978516,210.88238525390625,820.3035888671875,0.468
17,17,44,2.07377552986145,209.6649932861328,817.8633422851562,0.1731
17,17,45,1.5216193199157715,208.7003173828125,814.8867797851562,0.1626
17,17,46,-1.9022853374481201,209.03460693359375,814.4143676757812,0.2333
17,17,47,-4.497521877288818,210.05128479003906,816.4183959960938,0.2804
17,17,48,-5.747613906860352,210.53684997558594,817.3670654296875,0.5202
17,17,49,-8.089674949645996,209.99818420410156,814.9752197265625,0.3489
17,17,50,-9.942089080810547,210.38973999023438,815.6929321289062,0.289
17,17,51,-11.916921615600586,210.6316375732422,815.9360961914062,0.2321
17,17,52,-13.910855293273926,210.81594848632812,815.9492797851562,0.1486
17,17,53,-15.890941619873047,211.16798400878906,816.1814575195312,0.1153
17,17,54,-17.804105758666992,211.95913696289062,816.751708984375,0.1729
17,17,55,-19.622140884399414,212.9610595703125,817.5747680664062,0.2492
17,17,56,-21.278202056884766,214.37188720703125,818.684326171875,0.1023
17,17,57,-22.48868751525879,215.91094970703125,820.247802734375,0.3499
17,17,58,-23.191875457763672,216.95297241210938,822.0833129882812,0.4206
17,17,59,-23.250408172607422,217.67471313476562,824.0223388671875,0.4383
17,17,60,-22.465274810791016,218.17752075195312,825.781005859375,0.4746
17,17,61,-20.93604278564453,218.3064422607422,827.0508422851562,0.2978
17,17,62,-19.161874771118164,218.3344268798828,827.966064453125,0.0479
17,17,63,-17.3262939453125,218.26438903808594,828.7506103515625,0.0671
17,17,64,-15.997981071472168,218.31517028808594,830.2207641601562,0.2048
17,17,65,-15.708080291748047,218.74560546875,832.1707763671875,0.2364
17,17,66,-16.63519287109375,219.42784118652344,833.924560546875,0.3298
17,17,67,-18.200281143188477,220.01318359375,835.1620483398438,0.4026
17,17,68,-19.984880447387695,220.35076904296875,836.0567626953125,0.3641
17,17,69,-21.662696838378906,220.7228240966797,837.1367797851562,0.3334
17,17,70,-22.960607528686523,221.3246307373047,838.6351318359375,0.2469
17,17,71,-23.472570419311523,221.885009765625,840.5386352539062,0.3189
17,17,72,-22.990880966186523,222.13983154296875,842.4638671875,0.4496
17,17,73,-21.92938995361328,222.13075256347656,844.1546020507812,0.4016
17,17,74,-21.06629180908203,222.08599853515625,845.9544067382812,0.4003
17,17,75,-20.636272430419922,222.06480407714844,847.8936157226562,0.3124
17,17,76,-20.897048950195312,222.21226501464844,849.839599609375,0.2255
17,17,77,-21.997663497924805,222.4837646484375,851.4473876953125,0.1066
17,17,78,-23.71623420715332,222.67431640625,852.3834228515625,0.2
17,17,79,-25.667449951171875,222.89938354492188,852.6937255859375,0.2301
17,17,80,-27.660669326782227,222.965087890625,852.6849975585938,0.3787
17,17,81,-29.639328002929688,222.80638122558594,852.8262939453125,0.464
17,17,82,-31.382062911987305,222.43064880371094,853.6726684570312,0.4068
17,17,83,-32.31208419799805,222.02938842773438,855.36181640625,0.3306
17,17,84,-32.4052734375,221.58078002929688,857.3358154296875,0.3077
17,17,85,-32.36255645751953,221.3414306640625,859.3316650390625,0.3252
17,17,86,-32.54541778564453,221.06182861328125,861.31298828125,0.3209
17,17,87,-33.10199737548828,220.90383911132812,863.2139282226562,0.3096
17,17,88,-34.0909309387207,221.04917907714844,864.9254150390625,0.397
17,17,89,-35.493690490722656,221.22877502441406,866.3170776367188,0.2405
17,17,90,-37.2267951965332,221.457763671875,867.27099609375,0.1456
17,17,91,-39.15857696533203,221.52706909179688,867.7327270507812,0.2104
17,17,92,-41.153480529785156,221.67286682128906,867.7718505859375,0.2372
17,17,93,-43.14341354370117,221.9127197265625,867.617919921875,0.3006
17,17,94,-45.12663650512695,222.05873107910156,867.8465576171875,0.365
17,17,95,-46.824039459228516,222.29795837402344,868.8706665039062,0.3798
17,17,96,-47.77690887451172,222.42982482910156,870.6056518554688,0.4696
17,17,97,-48.01979446411133,222.62850952148438,872.58447265625,0.2805
17,17,98,-47.931793212890625,222.80029296875,874.578857421875,0.1277
17,17,99,-48.10931396484375,223.02012634277344,876.567138671875,0.2031
17,17,100,-48.79777526855469,223.11058044433594,878.431884765625,0.3114
17,17,101,-50.043697357177734,223.30300903320312,879.9653930664062,0.518
17,17,102,-51.73097229003906,223.6246337890625,880.9796752929688,0.3867
17,17,103,-53.65790939331055,224.05296325683594,881.3572998046875,0.3815
17,17,104,-55.58590316772461,224.5525665283203,881.0260009765625,0.3074
17,17,105,-57.21215057373047,224.91627502441406,879.9600219726562,0.1556
17,17,106,-58.1888542175293,225.0835418701172,878.2869873046875,0.2424
17,17,107,-58.35251235961914,224.9188995361328,876.3423461914062,0.1281
17,17,108,-57.8497428894043,224.70147705078125,874.4314575195312,0.196
17,17,109,-57.05178451538086,224.5815887451172,872.6033325195312,0.2374
17,17,110,-56.44720458984375,224.5204620361328,870.7097778320312,0.0817
17,17,111,-56.25846481323242,224.520263671875,868.723876953125,0.1169
17,17,112,-56.8931884765625,224.7822723388672,866.8311157226562,0.3897
17,17,113,-58.18913650512695,225.2200927734375,865.3472900390625,0.3825
17,17,114,-59.878238677978516,225.66799926757812,864.3446044921875,0.3659
17,17,115,-61.7549934387207,226.0469970703125,863.6837768554688,0.3161
17,17,116,-63.69691467285156,226.31312561035156,863.22216796875,0.3345
17,17,117,-65.65631866455078,226.60855102539062,862.859375,0.3792
17,17,118,-67.63880157470703,226.91880798339844,863.0940551757812,0.4664
17,17,119,-69.50227355957031,227.14566040039062,863.7664184570312,0.4516
17,17,120,-71.157958984375,227.32928466796875,864.8267822265625,0.4041
17,17,121,-72.49017333984375,227.33775329589844,866.281494140625,0.1597
17,17,122,-73.23251342773438,227.20794677734375,868.1346435546875,0.1482
17,17,123,-72.9631576538086,227.04685974121094,870.1033325195312,0.1586
17,17,124,-71.8707504272461,227.01797485351562,871.7329711914062,0.1427
17,17,125,-70.4272689819336,227.05584716796875,873.0982055664062,0.1759
17,17,126,-69.1868667602539,227.1248779296875,874.619140625,0.1025
17,17,127,-68.58775329589844,227.25869750976562,876.4443359375,0.2214
17,17,128,-68.91708374023438,227.37600708007812,878.38720703125,0.2609
17,17,129,-69.84510803222656,227.49803161621094,880.1416015625,0.4168
17,17,130,-71.23712158203125,227.80447387695312,881.5725708007812,0.47
17,17,131,-72.97144317626953,228.13507080078125,882.5556640625,0.554
17,17,132,-74.87210845947266,228.47373962402344,883.1236572265625,0.5436
17,17,133,-76.84156036376953,228.56039428710938,883.174560546875,0.4033
17,17,134,-78.58228302001953,228.59877014160156,882.4097290039062,0.2468
17,17,135,-79.836669921875,228.61622619628906,880.9325561523438,0.2899
17,17,136,-80.42919921875,228.58566284179688,879.0261840820312,0.2726
17,17,137,-80.05679321289062,228.62448120117188,877.0652465820312,0.3377
17,17,138,-79.26687622070312,228.60382080078125,875.2490234375,0.3897
17,17,139,-78.67575073242188,228.38201904296875,873.3616943359375,0.3359
17,17,140,-78.69322204589844,228.25222778320312,871.4169921875,0.3588
17,17,141,-79.38334655761719,228.27313232421875,869.5789184570312,0.3233
17,17,142,-80.68423461914062,228.4093780517578,868.0877075195312,0.2716
17,17,143,-82.58961486816406,228.61080932617188,867.4918212890625,0.3593
17,17,144,-84.47367858886719,228.73870849609375,868.1018676757812,0.3968
17,17,145,-86.02066802978516,228.95370483398438,869.3561401367188,0.4937
17,17,146,-87.16754913330078,228.88400268554688,870.9812622070312,0.4879
17,17,147,-87.67340087890625,228.70333862304688,872.9124145507812,0.3478
17,17,148,-87.77394104003906,228.40966796875,874.9027709960938,0.2836
17,17,149,-88.259033203125,228.1031951904297,876.8330688476562,0.1515
17,17,150,-89.28324890136719,227.7982940673828,878.5302734375,0.0136
17,17,151,-90.82209777832031,227.59408569335938,879.7734375,0.0948
17,17,152,-92.69657135009766,227.432861328125,880.4118041992188,0.1416
17,17,153,-94.52787780761719,227.39315795898438,881.2002563476562,0.1293
17,17,154,-96.11460876464844,227.32162475585938,882.3980102539062,0.1706
17,17,155,-97.66822052001953,227.31707763671875,883.651611328125,0.2277
17,17,156,-99.2250747680664,227.3614501953125,884.9012451171875,0.3281
17,17,157,-100.35416412353516,227.3216552734375,886.5394287109375,0.2918
17,17,158,-101.1190185546875,227.16600036621094,888.3641967773438,0.1403
17,17,159,-101.53968048095703,227.056396484375,890.2947998046875,0.1695
17,17,160,-101.48712921142578,226.93704223632812,892.2904052734375,0.3461
17,17,161,-100.93416595458984,226.68505859375,894.1954956054688,0.3079
17,17,162,-100.06979370117188,226.55126953125,895.9706420898438,0.3005
17,17,163,-98.88689422607422,226.43544006347656,897.5787963867188,0.4738
17,17,164,-97.24823760986328,226.50741577148438,898.7161865234375,0.5894
17,17,165,-95.42970275878906,226.61705017089844,899.4673461914062,0.6042
17,17,166,-93.4827651977539,226.65066528320312,899.785888671875,0.546
17,17,167,-91.49508666992188,226.7312774658203,899.60009765625,0.4888
17,17,168,-89.69591522216797,226.91465759277344,898.7393798828125,0.3866
17,17,169,-88.05367279052734,227.02096557617188,897.6185302734375,0.2877
17,17,170,-86.4634780883789,227.0656280517578,896.4116821289062,0.0744
17,17,171,-84.77851104736328,227.30320739746094,895.3717041015625,0.2769
17,17,172,-82.8809814453125,227.57850646972656,894.8771362304688,0.2719
17,17,173,-80.95143127441406,227.77166748046875,895.203125,0.392
17,17,174,-79.34017944335938,227.69667053222656,896.3157958984375,0.4916
17,17,175,-78.32605743408203,227.5341033935547,897.9950561523438,0.2807
17,17,176,-78.00867462158203,227.3791961669922,899.94580078125,0.1941
17,17,177,-78.2530288696289,227.06753540039062,901.92431640625,0.2043
17,17,178,-78.78250885009766,226.7637481689453,903.84912109375,0.2446
17,17,179,-79.03305053710938,226.54238891601562,905.829345703125,0.0702
17,17,180,-78.57147979736328,226.23826599121094,907.758544921875,0.1801
17,17,181,-76.97313690185547,226.11752319335938,908.8865356445312,0.2205
17,17,182,-74.98371887207031,226.09596252441406,908.9850463867188,0.2966
17,17,183,-73.01676177978516,226.08201599121094,908.6435546875,0.5729
17,17,184,-71.02762603759766,225.98548889160156,908.478271484375,0.6004
17,17,185,-69.06842803955078,225.67689514160156,908.7960205078125,0.5057
17,17,186,-67.37004089355469,225.32330322265625,909.7877807617188,0.4855
17,17,187,-66.25653839111328,224.8587646484375,911.4031372070312,0.511
17,17,188,-65.88433074951172,224.36322021484375,913.337158203125,0.4238
17,17,189,-66.11127471923828,223.8490447998047,915.3057250976562,0.2165
17,17,190,-66.60173034667969,223.3166961669922,917.239013671875,0.2267
17,17,191,-66.74127197265625,222.677978515625,919.2078857421875,0.3315
17,17,192,-66.22233581542969,221.95413208007812,921.0858764648438,0.297
17,17,193,-64.97718048095703,221.2257843017578,922.5615844726562,0.2061
17,17,194,-63.180091857910156,220.79165649414062,923.1979370117188,0.1671
17,17,195,-61.26573181152344,220.73582458496094,922.831298828125,0.0813
17,17,196,-59.602020263671875,220.9913330078125,921.7505493164062,0.0671
17,17,197,-58.25895309448242,221.3813018798828,920.2756958007812,0.0423
17,17,198,-56.7034797668457,221.65753173828125,919.04052734375,0.2403
17,17,199,-54.79277420043945,221.70962524414062,918.5608520507812,0.2321
17,17,200,-52.90715408325195,221.4452362060547,919.1050415039062,0.123
17,17,201,-51.47080993652344,220.97840881347656,920.4545288085938,0.0834
17,17,202,-50.621009826660156,220.44119262695312,922.2443237304688,0.3128
17,17,203,-50.138465881347656,219.95126342773438,924.1764526367188,0.3247
17,17,204,-49.342559814453125,219.45895385742188,925.9959106445312,0.294
17,17,205,-48.086856842041016,218.91058349609375,927.5477905273438,0.3252
17,17,206,-46.349334716796875,218.42469787597656,928.5242309570312,0.3514
17,17,207,-44.43375015258789,218.03085327148438,929.018310546875,0.19
17,17,208,-42.45844650268555,217.79229736328125,929.0941162109375,0.1167
17,17,209,-40.50819778442383,217.73208618164062,928.7613525390625,0.137
17,17,210,-38.691986083984375,217.7602996826172,927.9326171875,0.1348
17,17,211,-37.401546478271484,218.07196044921875,926.4196166992188,0.1577
17,17,212,-36.75167465209961,218.64024353027344,924.5721435546875,0.3208
17,17,213,-36.65903091430664,219.09384155273438,922.6038208007812,0.4976
17,17,214,-37.06483459472656,219.5330810546875,920.6712036132812,0.7498
17,17,215,-37.91977310180664,219.9481201171875,918.8763427734375,0.6638
17,17,216,-39.099449157714844,220.36788940429688,917.2662963867188,0.5672
17,17,217,-40.42768478393555,220.7223663330078,915.7759399414062,0.4074
17,17,218,-41.465457916259766,221.05296325683594,914.0733032226562,0.3313
17,17,219,-41.827022552490234,221.29495239257812,912.1236572265625,0.3557
17,17,220,-41.21446228027344,221.572509765625,910.2365112304688,0.2866
17,17,221,-39.838279724121094,221.76556396484375,908.790283203125,0.2123
17,17,222,-38.172054290771484,221.8170166015625,907.6913452148438,0.2179
17,17,223,-36.60576629638672,221.81719970703125,906.4546508789062,0.1158
17,17,224,-35.415775299072266,221.86216735839844,904.8663940429688,0.1187
17,17,225,-34.89822769165039,221.93887329101562,902.9617309570312,0.1394
17,17,226,-35.08385467529297,221.9688720703125,900.9910278320312,0.15
17,17,227,-35.6368522644043,221.99716186523438,899.0772705078125,0.0847
17,17,228,-36.05635452270508,222.00350952148438,897.1296997070312,0.0748
17,17,229,-36.035987854003906,222.01968383789062,895.1515502929688,0.1048
17,17,230,-35.46902847290039,222.12783813476562,893.261474609375,0.0583
17,17,231,-34.413299560546875,221.99716186523438,891.590087890625,0.2401
17,17,232,-32.99067306518555,221.96612548828125,890.2098388671875,0.4254
17,17,233,-31.31252670288086,221.93994140625,889.146484375,0.554
17,17,234,-29.465187072753906,221.79315185546875,888.4049072265625,0.6559
17,17,235,-27.516420364379883,221.5885772705078,887.9815063476562,0.4863
17,17,236,-25.52243423461914,221.53627014160156,887.8856201171875,0.4727
17,17,237,-23.540895462036133,221.48410034179688,888.117919921875,0.679
17,17,238,-21.619874954223633,221.341064453125,888.6465454101562,0.5612
17,17,239,-19.805233001708984,221.14944458007812,889.4639282226562,0.5185
17,17,240,-18.145217895507812,220.95550537109375,890.5584106445312,0.5885
17,17,241,-16.69196319580078,220.71353149414062,891.9131469726562,0.4625
17,17,242,-15.505019187927246,220.4962921142578,893.5046997070312,0.3063
17,17,243,-14.657222747802734,220.25631713867188,895.2994384765625,0.2393
17,17,244,-14.242506980895996,220.0264434814453,897.2410278320312,0.1687
17,17,245,-14.372907638549805,219.8803253173828,899.223876953125,0.308
17,17,246,-15.121391296386719,219.68209838867188,901.0686645507812,0.2857
17,17,247,-16.395126342773438,219.71539306640625,902.6055297851562,0.0937
17,17,248,-17.938051223754883,219.89004516601562,903.8723754882812,0.1157
17,17,249,-19.35577964782715,219.88900756835938,905.2769165039062,0.2316
17,17,250,-20.427040100097656,219.90042114257812,906.9514770507812,0.4026
17,17,251,-20.991514205932617,219.71054077148438,908.8491821289062,0.4142
17,17,252,-21.006025314331055,219.41592407226562,910.8267822265625,0.488
17,17,253,-20.526580810546875,219.03675842285156,912.7472534179688,0.3704
17,17,254,-19.641447067260742,218.60107421875,914.5213623046875,0.3396
17,17,255,-18.42818260192871,218.07778930664062,916.09326171875,0.22
17,17,256,-16.9400634765625,217.46539306640625,917.4102783203125,0.1135
17,17,257,-15.2056303024292,217.0000457763672,918.3860473632812,0.0863
17,17,258,-13.212639808654785,216.76834106445312,918.50146484375,0.1283
17,17,259,-11.304295539855957,216.78749084472656,918.0399780273438,0.1169
17,17,260,-9.637778282165527,216.94937133789062,917.0383911132812,0.1979
17,17,261,-8.392939567565918,217.29624938964844,915.4989013671875,0.1713
17,17,262,-7.583961009979248,217.7510986328125,913.6853637695312,0.101
17,17,263,-7.22351598739624,218.17286682128906,911.7225952148438,0.1525
17,17,264,-7.012141227722168,218.43499755859375,909.7412719726562,0.2442
17,17,265,-6.239402770996094,218.53424072265625,907.9005737304688,0.2969
17,17,266,-4.758833408355713,218.5586395263672,906.5647583007812,0.4213
17,17,267,-2.808765172958374,218.44107055664062,906.1968383789062,0.3864
17,17,268,-0.9691283702850342,218.07583618164062,906.9195556640625,0.3325
17,17,269,0.27991798520088196,217.61988830566406,908.4525756835938,0.124
17,17,270,0.8362058997154236,217.10870361328125,910.3629150390625,0.1527
17,17,271,0.9859129190444946,216.58200073242188,912.3506469726562,0.2396
17,17,272,1.5303926467895508,215.8777618408203,914.2713623046875,0.1571
17,17,273,2.54013729095459,215.22918701171875,915.97705078125,0.1589
17,17,274,3.990408182144165,214.70962524414062,917.2630004882812,0.1405
17,17,275,5.799057960510254,214.32705688476562,918.0255737304688,0.1865
17,17,276,7.791997909545898,214.13499450683594,918.1420288085938,0.2194
17,17,277,10.980809211730957,213.81179809570312,920.1821899414062,0.5431
17,17,278,12.617537498474121,214.05657958984375,917.9347534179688,0.6096
17,17,279,12.619450569152832,214.12168884277344,914.9487915039062,0.4563
17,17,280,13.654239654541016,214.18536376953125,913.2451171875,0.3495
17,17,281,14.31695556640625,214.36837768554688,911.3619384765625,0.1398
17,17,282,14.617950439453125,214.6791534423828,909.3928833007812,0.167
17,17,283,14.161765098571777,215.17608642578125,907.4855346679688,0.2569
17,17,284,13.157452583312988,215.6355438232422,905.7951049804688,0.2862
17,17,285,11.853266716003418,216.3626251220703,904.2860107421875,0.3927
17,17,286,10.531891822814941,217.03282165527344,902.8057250976562,0.3221
17,17,287,9.826228141784668,217.54185485839844,900.9884643554688,0.341
17,17,288,10.421537399291992,217.7767333984375,899.1720581054688,0.3726
17,17,289,12.036766052246094,217.77786254882812,898.1295776367188,0.2604
17,17,290,13.976531028747559,217.7419891357422,898.0620727539062,0.0952
17,17,291,15.791760444641113,217.49383544921875,898.8035888671875,0.1486
17,17,292,17.267866134643555,217.1678924560547,900.1188354492188,0.3161
17,17,293,18.395490646362305,216.6785430908203,901.7655639648438,0.1797
17,17,294,19.648488998413086,216.25357055664062,903.3089599609375,0.1433
17,17,295,21.26234245300293,215.92498779296875,904.4788208007812,0.1847
17,17,296,23.15489959716797,215.72250366210938,905.1142578125,0.2137
17,17,297,25.140722274780273,215.59828186035156,905.1292114257812,0.2615
17,17,298,27.04728126525879,215.62583923339844,904.6140747070312,0.2927
17,17,299,28.750856399536133,215.80511474609375,903.6300048828125,0.2713
17,17,300,30.16621208190918,216.13719177246094,902.2499389648438,0.399
17,17,301,31.20408821105957,216.58908081054688,900.5447387695312,0.3468
17,17,302,31.61691665649414,216.96380615234375,898.5964965820312,0.3327
17,17,303,31.566011428833008,217.28948974609375,896.6243286132812,0.256
17,17,304,31.10594940185547,217.59820556640625,894.6988525390625,0.5913
17,17,305,30.240480422973633,218.02944946289062,892.9177856445312,0.5398
17,17,306,28.864782333374023,218.3511199951172,891.4735717773438,0.4793
17,17,307,27.254959106445312,218.52218627929688,890.298095703125,0.2679
17,17,308,26.122312545776367,218.5524444580078,887.0924682617188,0.2435
17,17,309,23.647018432617188,218.55638122558594,886.4482421875,0.204
17,17,310,21.48537254333496,218.5752410888672,888.7947387695312,0.1237
17,17,311,18.994369506835938,218.60104370117188,891.3279418945312,0.1592
17,17,312,17.673606872558594,218.8864288330078,888.37744140625,0.1557
17,17,313,16.3298397064209,218.97824096679688,886.9421997070312,0.3608
17,17,314,15.711934089660645,219.007080078125,885.0739135742188,0.3709
17,17,315,15.87401008605957,219.00656127929688,883.1100463867188,0.4291
17,17,316,17.753612518310547,218.8226318359375,881.8587036132812,0.2612
17,17,317,16.292604446411133,219.0229034423828,878.7777709960938,0.1516
17,17,318,15.84088134765625,219.1306915283203,876.7646484375,0.1232
17,17,319,17.463403701782227,218.97891235351562,875.9064331054688,0.1481
17,17,320,19.835330963134766,218.64779663085938,873.5087280273438,0.2197
17,17,321,19.320358276367188,218.57540893554688,870.1992797851562,0.2006
17,17,322,16.276866912841797,218.9524688720703,869.7959594726562,0.1685
17,17,323,13.737841606140137,219.35903930664062,872.283447265625,0.3137
17,17,324,11.969768524169922,219.55859375,874.4420166015625,0.3125
17,17,325,9.721407890319824,219.77200317382812,873.986572265625,0.3305
17,17,326,7.946882247924805,219.71568298339844,871.047119140625,0.4538
17,17,327,7.533262252807617,219.4195556640625,868.3399047851562,0.418
17,17,328,6.450118064880371,219.4818572998047,867.6329956054688,0.5159
17,17,329,3.431008815765381,219.76795959472656,867.6403198242188,0.6626
17,17,330,0.2850952744483948,220.00279235839844,866.4654541015625,0.8323
17,17,331,-0.3645873963832855,219.9435272216797,864.0997314453125,0.8461
17,17,332,1.8822424411773682,219.6185760498047,861.8048706054688,0.7275
17,17,333,4.787732124328613,219.1432342529297,860.3184814453125,0.4537
17,17,334,5.812829971313477,219.18003845214844,858.9375,0.3029
17,17,335,4.671358585357666,219.62747192382812,856.5331420898438,0.225
17,17,336,3.4480199813842773,220.0804901123047,853.267578125,0.3519
17,17,337,4.278294563293457,219.781982421875,850.8347778320312,0.2554
17,17,338,7.171389579772949,219.35919189453125,850.6883544921875,0.4812
17,17,339,10.280527114868164,219.06541442871094,852.187744140625,0.4631
17,17,340,12.19277286529541,218.89901733398438,852.9729614257812,0.3836
17,17,341,13.527817726135254,218.51266479492188,851.3827514648438,0.582
17,17,342,15.664701461791992,217.81410217285156,848.6558837890625,0.752
17,17,343,18.54473876953125,217.26113891601562,847.74072265625,0.8615
17,17,344,20.275983810424805,217.24378967285156,849.9794921875,0.6827
17,17,345,19.61946678161621,217.65228271484375,853.4135131835938,0.6175
17,17,346,18.349252700805664,217.7527313232422,855.494873046875,0.5906
17,17,347,19.103984832763672,217.6028289794922,856.6953735351562,0.4539
17,17,348,21.53737449645996,217.14935302734375,858.7899780273438,0.1898
17,17,349,23.179407119750977,217.27525329589844,861.1796264648438,0.1049
17,17,350,22.763084411621094,217.45565795898438,862.5172729492188,0.1566
17,17,351,20.574020385742188,217.964111328125,864.5393676757812,0.2448
17,17,352,19.470294952392578,218.296142578125,867.8074340820312,0.2243
17,17,353,21.455354690551758,218.21658325195312,869.8985595703125,0.184
17,17,354,24.645490646362305,217.80982971191406,868.7272338867188,0.287
17,17,355,26.476890563964844,217.84934997558594,866.14794921875,0.2211
17,17,356,27.703289031982422,217.85800170898438,865.2139892578125,0.2707
17,17,357,30.087329864501953,217.69189453125,866.3931884765625,0.1787
17,17,358,33.28562927246094,217.4457550048828,867.7032470703125,0.1763
17,17,359,35.6053466796875,217.30868530273438,867.1720581054688,0.1051
17,17,360,36.0913200378418,217.29232788085938,864.4601440429688,0.0597
17,17,361,35.468929290771484,217.2729949951172,861.0521240234375,0.3312
17,17,362,35.516746520996094,217.1378631591797,858.8722534179688,0.3502
17,17,363,37.624122619628906,217.1282958984375,858.1700439453125,0.2544
17,17,364,41.065574645996094,216.83883666992188,857.6175537109375,0.1676
17,17,365,43.40758514404297,216.58070373535156,855.8748168945312,0.2608
17,17,366,40.70474624633789,216.4128875732422,853.283447265625,0.2915
17,17,367,40.26628494262695,216.37892150878906,851.373779296875,0.3137
17,17,368,39.20823669433594,216.37628173828125,849.7081298828125,0.2516
17,17,369,37.75988006591797,216.37677001953125,848.3468627929688,0.1596
17,17,370,36.420166015625,216.3665771484375,846.8142700195312,0.1622
17,17,371,36.70634460449219,216.1916046142578,844.1617431640625,0.0573
17,17,372,35.98820877075195,216.06674194335938,843.4439086914062,0.115
17,17,373,33.32197189331055,215.92445373535156,842.2678833007812,0.3116
17,17,374,33.839263916015625,215.6522979736328,840.3291015625,0.1187
18,18,0,33.93788528442383,218.5767364501953,840.6718139648438,0.1918
18,18,1,34.92414093017578,218.28367614746094,838.9327392578125,0.1476
18,18,2,35.698360443115234,217.98345947265625,837.09033203125,0.17
18,18,3,35.99861526489258,217.64959716796875,835.1143798828125,0.387
18,18,4,35.682674407958984,217.26145935058594,833.1402587890625,0.5628
18,18,5,34.687950134277344,216.89022827148438,831.41259765625,0.6201
18,18,6,33.26792907714844,216.63587951660156,830.0219116210938,0.6245
18,18,7,31.4902400970459,216.54254150390625,829.1801147460938,0.4958
18,18,8,29.532087326049805,216.48243713378906,828.874267578125,0.3625
18,18,9,27.631343841552734,216.59625244140625,829.2615356445312,0.3068
18,18,10,24.45140838623047,216.62193298339844,828.6075439453125,0.3719
18,18,11,22.381956100463867,217.11758422851562,830.2138061523438,0.2552
18,18,12,23.037147521972656,217.713134765625,833.1332397460938,0.2098
18,18,13,23.850156784057617,218.26087951660156,836.6024780273438,0.161
18,18,14,22.000751495361328,218.7191619873047,839.031005859375,0.2237
18,18,15,18.811941146850586,218.78347778320312,837.8159790039062,0.2976
18,18,16,18.145069122314453,218.06637573242188,834.5904541015625,0.3573
18,18,17,18.738183975219727,217.7318878173828,833.2240600585938,0.2609
18,18,18,17.25758934020996,217.43711853027344,832.50927734375,0.2976
18,18,19,15.033177375793457,216.66912841796875,829.9610595703125,0.2425
18,18,20,14.700634002685547,215.98220825195312,827.3441772460938,0.0452
18,18,21,16.405202865600586,215.6413116455078,826.3524780273438,0.0567
18,18,22,19.60393524169922,215.42193603515625,825.2412719726562,0.2459
18,18,23,18.752925872802734,214.34901428222656,823.13623046875,0.2331
18,18,24,18.350603103637695,213.4229278564453,821.1976928710938,0.2754
18,18,25,17.47521209716797,212.61363220214844,819.4003295898438,0.1105
18,18,26,15.991531372070312,212.07861328125,818.076904296875,0.1613
18,18,27,13.460386276245117,212.57736206054688,819.5667114257812,0.2072
18,18,28,12.307820320129395,211.94476318359375,816.7850341796875,0.1067
18,18,29,9.360631942749023,211.70236206054688,814.9066162109375,0.1595
18,18,30,6.952133655548096,212.1289825439453,816.3310546875,0.1672
18,18,31,7.1067118644714355,213.0951690673828,819.6237182617188,0.259
18,18,32,8.433111190795898,214.00782775878906,822.6373901367188,0.1672
18,18,33,7.7942423820495605,215.05877685546875,825.0694580078125,0.3744
18,18,34,4.317519664764404,215.38592529296875,825.3328857421875,0.2982
18,18,35,2.833481550216675,214.6763458251953,822.7532348632812,0.2952
18,18,36,3.2076470851898193,214.33009338378906,821.8047485351562,0.2598
18,18,37,1.2589561939239502,214.31076049804688,821.2352905273438,0.2424
18,18,38,-1.8264626264572144,214.1036376953125,819.7946166992188,0.2544
18,18,39,-3.358039617538452,213.88894653320312,818.609619140625,0.2672
18,18,40,-2.6355183124542236,213.2935791015625,816.907470703125,0.2471
18,18,41,-2.7547483444213867,212.3203582763672,813.5415649414062,0.156
18,18,42,-5.277451992034912,212.1034698486328,811.549072265625,0.1208
18,18,43,-7.669168949127197,212.71209716796875,813.1298828125,0.2407
18,18,44,-8.966595649719238,213.63453674316406,815.6893920898438,0.457
18,18,45,-10.890547752380371,213.9307861328125,816.2125244140625,0.4584
18,18,46,-12.880478858947754,214.1890869140625,816.3877563476562,0.3361
18,18,47,-14.874744415283203,214.39305114746094,816.4144897460938,0.1844
18,18,48,-16.82432746887207,214.96975708007812,816.857421875,0.0843
18,18,49,-18.63963508605957,215.91680908203125,817.6837768554688,0.1406
18,18,50,-20.263357162475586,217.03573608398438,818.8233032226562,0.1452
18,18,51,-21.559354782104492,218.38238525390625,820.297607421875,0.3107
18,18,52,-22.30462646484375,219.50967407226562,822.1160888671875,0.6015
18,18,53,-22.18228530883789,220.21087646484375,824.111572265625,0.6586
18,18,54,-21.107633590698242,220.5828399658203,825.7908935546875,0.4877
18,18,55,-19.59564208984375,220.7547607421875,827.0639038085938,0.3464
18,18,56,-17.89023208618164,220.85470581054688,828.099365234375,0.268
18,18,57,-16.404254913330078,220.87193298339844,829.3699340820312,0.199
18,18,58,-15.648579597473145,221.07363891601562,831.14501953125,0.0658
18,18,59,-15.97265625,221.63861083984375,833.0385131835938,0.1589
18,18,60,-17.216550827026367,222.23863220214844,834.5400390625,0.1253
18,18,61,-18.896406173706055,222.66294860839844,835.5994873046875,0.2424
18,18,62,-20.649789810180664,222.97207641601562,836.5547485351562,0.144
18,18,63,-22.194042205810547,223.38211059570312,837.7858276367188,0.1722
18,18,64,-23.136150360107422,223.93121337890625,839.4880981445312,0.3159
18,18,65,-23.102893829345703,224.3181915283203,841.4312744140625,0.3507
18,18,66,-22.290369033813477,224.41525268554688,843.2351684570312,0.4064
18,18,67,-21.358156204223633,224.42608642578125,844.9993896484375,0.2968
18,18,68,-20.737598419189453,224.38259887695312,846.8806762695312,0.17
18,18,69,-20.68307113647461,224.44723510742188,848.8436889648438,0.1279
18,18,70,-21.438926696777344,224.70623779296875,850.6439819335938,0.1478
18,18,71,-22.93997573852539,224.88133239746094,851.9024047851562,0.2061
18,18,72,-24.83102798461914,225.11776733398438,852.49169921875,0.2739
18,18,73,-26.82588005065918,225.22314453125,852.5947265625,0.4472
18,18,74,-28.82065773010254,225.18511962890625,852.5487060546875,0.496
18,18,75,-30.747211456298828,224.9488067626953,853.0008544921875,0.5513
18,18,76,-32.15497970581055,224.5583953857422,854.3515625,0.5092
18,18,77,-32.71432876586914,224.1486053466797,856.2462768554688,0.3813
18,18,78,-32.830448150634766,223.8396453857422,858.2421264648438,0.5266
18,18,79,-33.01995086669922,223.59451293945312,860.2283325195312,0.5192
18,18,80,-33.51142120361328,223.39385986328125,862.1631469726562,0.5092
18,18,81,-34.41474151611328,223.4432373046875,863.9467163085938,0.3433
18,18,82,-35.72170639038086,223.59115600585938,865.4559936523438,0.2577
18,18,83,-37.350006103515625,223.80296325683594,866.6017456054688,0.2237
18,18,84,-39.20444869995117,223.9134979248047,867.3157958984375,0.2028
18,18,85,-41.16876983642578,224.04881286621094,867.6289672851562,0.1332
18,18,86,-43.1644287109375,224.26321411132812,867.7258911132812,0.2633
18,18,87,-45.126060485839844,224.3914794921875,868.0252685546875,0.3206
18,18,88,-46.81040573120117,224.61398315429688,869.0042114257812,0.2704
18,18,89,-47.75056457519531,224.7352294921875,870.70556640625,0.2404
18,18,90,-47.96853256225586,224.91595458984375,872.6741333007812,0.1017
18,18,91,-48.079219818115234,225.11392211914062,874.6700439453125,0.1707
18,18,92,-48.46580505371094,225.34661865234375,876.619384765625,0.2752
18,18,93,-49.31182861328125,225.43109130859375,878.4017944335938,0.5445
18,18,94,-50.66468811035156,225.6342315673828,879.8290405273438,0.5366
18,18,95,-52.421817779541016,225.95306396484375,880.7152709960938,0.5524
18,18,96,-54.380863189697266,226.33517456054688,880.9400634765625,0.361
18,18,97,-56.289920806884766,226.83094787597656,880.4400024414062,0.2615
18,18,98,-57.824764251708984,227.12498474121094,879.2071533203125,0.2217
18,18,99,-58.61764907836914,227.24557495117188,877.4067993164062,0.1779
18,18,100,-58.592437744140625,227.06736755371094,875.418212890625,0.1861
18,18,101,-58.06037902832031,226.9230499267578,873.4910888671875,0.3106
18,18,102,-57.596656799316406,226.9140625,871.54638671875,0.3333
18,18,103,-57.61177062988281,227.03787231445312,869.5673217773438,0.1868
18,18,104,-58.28645706176758,227.3312530517578,867.746826171875,0.1388
18,18,105,-59.60652160644531,227.6607666015625,866.3134765625,0.0855
18,18,106,-61.359073638916016,227.92626953125,865.3701171875,0.0928
18,18,107,-63.30961227416992,228.2142791748047,864.9315795898438,0.3006
18,18,108,-65.29766082763672,228.47158813476562,864.8704833984375,0.3177
18,18,109,-67.25634765625,228.70254516601562,865.1637573242188,0.2213
18,18,110,-69.11601257324219,228.95211791992188,865.8626708984375,0.1482
18,18,111,-70.78401184082031,229.07693481445312,866.9617309570312,0.2467
18,18,112,-72.195556640625,228.97369384765625,868.3287963867188,0.2445
18,18,113,-72.63008880615234,228.94081115722656,870.1829833984375,0.1801
18,18,114,-71.91644287109375,228.9783172607422,872.012451171875,0.1981
18,18,115,-70.71479797363281,229.06512451171875,873.6083374023438,0.1211
18,18,116,-69.90113830566406,229.19570922851562,875.4345092773438,0.3091
18,18,117,-69.6039810180664,229.277587890625,877.357421875,0.3515
18,18,118,-69.90098571777344,229.355712890625,879.2763671875,0.5357
18,18,119,-71.18395233154297,229.61666870117188,880.8096923828125,0.6657
18,18,120,-72.95218658447266,229.90167236328125,881.7283325195312,0.6515
18,18,121,-74.88250732421875,230.20973205566406,882.1370849609375,0.6765
18,18,122,-76.82318878173828,230.38751220703125,881.9412841796875,0.5268
18,18,123,-78.51773071289062,230.4298858642578,881.0217895507812,0.5455
18,18,124,-79.6412124633789,230.4246368408203,879.3834228515625,0.506
18,18,125,-79.87235260009766,230.42173767089844,877.3975830078125,0.5425
18,18,126,-79.37841033935547,230.40380859375,875.49560546875,0.5295
18,18,127,-79.01882934570312,230.25759887695312,873.5455932617188,0.3875
18,18,128,-79.07861328125,230.14695739746094,871.5671997070312,0.3565
18,18,129,-79.71786499023438,230.152099609375,869.74169921875,0.345
18,18,130,-81.24447631835938,230.3087158203125,868.4967041015625,0.347
18,18,131,-83.23468780517578,230.4267578125,868.3071899414062,0.4647
18,18,132,-85.01620483398438,230.56898498535156,869.126953125,0.4957
18,18,133,-86.35855865478516,230.6597900390625,870.523681640625,0.5051
18,18,134,-87.2654800415039,230.52447509765625,872.2832641601562,0.3115
18,18,135,-87.7398910522461,230.28741455078125,874.225341796875,0.2101
18,18,136,-87.9056396484375,230.0502166748047,876.217529296875,0.137
18,18,137,-88.64259338378906,229.7205047607422,878.0662231445312,0.0772
18,18,138,-90.09477996826172,229.51483154296875,879.4177856445312,0.084
18,18,139,-92.01142883300781,229.4259796142578,879.9794311523438,0.1895
18,18,140,-93.79977416992188,229.261962890625,880.8462524414062,0.2
18,18,141,-95.29401397705078,229.14584350585938,882.1700439453125,0.3099
18,18,142,-96.60165405273438,229.07452392578125,883.681396484375,0.3636
18,18,143,-97.79330444335938,229.02940368652344,885.2847900390625,0.5356
18,18,144,-98.52567291259766,228.9359588623047,887.1450805664062,0.4089
18,18,145,-98.95692443847656,228.86705017089844,889.0872802734375,0.1449
18,18,146,-99.08240509033203,228.72906494140625,891.0630493164062,0.2073
18,18,147,-98.78968811035156,228.6133575439453,893.040771484375,0.332
18,18,148,-97.76976776123047,228.5943603515625,894.7413940429688,0.4639
18,18,149,-96.35565948486328,228.59515380859375,896.0855102539062,0.4668
18,18,150,-94.61478424072266,228.60287475585938,897.0319213867188,0.5109
18,18,151,-92.63874053955078,228.71768188476562,897.3353271484375,0.5417
18,18,152,-90.66837310791016,228.93988037109375,897.1436767578125,0.4293
18,18,153,-88.72030639648438,228.9614715576172,896.7044677734375,0.3421
18,18,154,-86.8147964477539,228.98025512695312,896.1060180664062,0.1299
18,18,155,-84.91900634765625,229.17788696289062,895.4881591796875,0.0792
18,18,156,-82.95291137695312,229.4235382080078,895.2499389648438,0.2224
18,18,157,-81.02201080322266,229.56959533691406,895.64453125,0.2691
18,18,158,-79.40023803710938,229.5131072998047,896.7506713867188,0.2926
18,18,159,-78.39170837402344,229.371826171875,898.4356079101562,0.3726
18,18,160,-78.09567260742188,229.21319580078125,900.3944091796875,0.2493
18,18,161,-78.33283233642578,228.9202423095703,902.3779296875,0.2663
18,18,162,-78.8003158569336,228.66342163085938,904.3217163085938,0.2389
18,18,163,-78.8837890625,228.44189453125,906.3182983398438,0.1553
18,18,164,-77.98331451416016,228.1924285888672,908.0732421875,0.095
18,18,165,-76.1668701171875,228.1077117919922,908.8778686523438,0.1392
18,18,166,-74.1695327758789,228.07896423339844,908.9540405273438,0.2989
18,18,167,-72.18558502197266,228.04226684570312,908.7070922851562,0.4576
18,18,168,-70.1888198852539,227.88436889648438,908.7376708984375,0.557
18,18,169,-68.31787872314453,227.55438232421875,909.3818359375,0.5191
18,18,170,-66.95264434814453,227.18260192871094,910.7922973632812,0.4997
18,18,171,-66.36811065673828,226.71771240234375,912.6741333007812,0.5078
18,18,172,-66.38187408447266,226.28233337402344,914.6567993164062,0.421
18,18,173,-66.71105194091797,225.75668334960938,916.6238403320312,0.2184
18,18,174,-66.90162658691406,225.18270874023438,918.5990600585938,0.2594
18,18,175,-66.49706268310547,224.52825927734375,920.5123291015625,0.3144
18,18,176,-65.34442901611328,223.8279266357422,922.07421875,0.1892
18,18,177,-63.59757614135742,223.38055419921875,922.8724975585938,0.115
18,18,178,-61.6495246887207,223.2350311279297,922.701171875,0.2333
18,18,179,-59.89295196533203,223.42605590820312,921.7722778320312,0.2226
18,18,180,-58.46475601196289,223.7569122314453,920.3743896484375,0.2429
18,18,181,-56.87887954711914,224.0074462890625,919.1649780273438,0.3255
18,18,182,-54.96800994873047,224.06210327148438,918.6322631835938,0.3004
18,18,183,-53.04511642456055,223.84124755859375,919.0808715820312,0.1192
18,18,184,-51.52436828613281,223.43682861328125,920.3506469726562,0.1008
18,18,185,-50.52826690673828,222.95166015625,922.0756225585938,0.2113
18,18,186,-49.84211349487305,222.47198486328125,923.9469604492188,0.239
18,18,187,-48.80209732055664,222.02410888671875,925.64697265625,0.2504
18,18,188,-47.28253173828125,221.55136108398438,926.9461669921875,0.3285
18,18,189,-45.4100341796875,221.1654052734375,927.607666015625,0.3987
18,18,190,-43.43767547607422,220.92138671875,927.7167358398438,0.0753
18,18,191,-41.508148193359375,220.92088317871094,927.3134765625,0.1625
18,18,192,-39.756195068359375,220.99835205078125,926.40771484375,0.4334
18,18,193,-38.38648986816406,221.27285766601562,924.9871215820312,0.5298
18,18,194,-37.73606872558594,221.65109252929688,923.0966186523438,0.7236
18,18,195,-37.81671142578125,222.0304718017578,921.0994873046875,0.9072
18,18,196,-38.369911193847656,222.42874145507812,919.189208984375,0.8355
18,18,197,-39.271202087402344,222.83319091796875,917.415283203125,0.5481
18,18,198,-40.34983444213867,223.17739868164062,915.733154296875,0.3409
18,18,199,-41.27749252319336,223.48455810546875,913.979248046875,0.3661
18,18,200,-41.58778381347656,223.70184326171875,912.0491333007812,0.3899
18,18,201,-41.02167892456055,223.95944213867188,910.1827392578125,0.2803
18,18,202,-39.77531051635742,224.1485595703125,908.6538696289062,0.3105
18,18,203,-38.21112823486328,224.21078491210938,907.4152221679688,0.2792
18,18,204,-36.664886474609375,224.21633911132812,906.162841796875,0.1394
18,18,205,-35.52240753173828,224.247314453125,904.5654296875,0.0847
18,18,206,-35.10044479370117,224.30487060546875,902.64990234375,0.1153
18,18,207,-35.30290985107422,224.3271026611328,900.6723022460938,0.0692
18,18,208,-35.673553466796875,224.34259033203125,898.710205078125,0.1588
18,18,209,-35.76676940917969,224.343505859375,896.726806640625,0.1775
18,18,210,-35.366859436035156,224.36575317382812,894.784423828125,0.0827
18,18,211,-34.44562530517578,224.33680725097656,893.0220947265625,0.0414
18,18,212,-33.10373306274414,224.32362365722656,891.5452270507812,0.2461
18,18,213,-31.45648193359375,224.3072967529297,890.4122314453125,0.4624
18,18,214,-29.612701416015625,224.27207946777344,889.644287109375,0.5102
18,18,215,-27.66661262512207,224.05987548828125,889.209716796875,0.4393
18,18,216,-25.67729377746582,223.93136596679688,889.103515625,0.5772
18,18,217,-23.69789695739746,223.87295532226562,889.3204345703125,0.7068
18,18,218,-21.780038833618164,223.69703674316406,889.854248046875,0.569
18,18,219,-19.975852966308594,223.52394104003906,890.69580078125,0.5001
18,18,220,-18.339658737182617,223.323486328125,891.8314819335938,0.4939
18,18,221,-16.930500030517578,223.11386108398438,893.242431640625,0.4825
18,18,222,-15.816904067993164,222.8927459716797,894.9022216796875,0.416
18,18,223,-15.132383346557617,222.63963317871094,896.7806396484375,0.2178
18,18,224,-14.951613426208496,222.4600372314453,898.7652587890625,0.1722
18,18,225,-15.36520767211914,222.26568603515625,900.7075805664062,0.0392
18,18,226,-16.344907760620117,222.2542724609375,902.4325561523438,0.1218
18,18,227,-17.66123390197754,222.37962341308594,903.9284057617188,0.0706
18,18,228,-18.942312240600586,222.35809326171875,905.4603271484375,0.0999
18,18,229,-19.9014835357666,222.3365478515625,907.1954345703125,0.1721
18,18,230,-20.336246490478516,222.15696716308594,909.1192626953125,0.2326
18,18,231,-20.17302131652832,221.87278747558594,911.0859985351562,0.2331
18,18,232,-19.474653244018555,221.50259399414062,912.9393310546875,0.279
18,18,233,-18.35692596435547,221.05520629882812,914.5833129882812,0.3002
18,18,234,-16.92195701599121,220.52391052246094,915.9662475585938,0.1956
18,18,235,-15.231695175170898,220.08514404296875,917.0202026367188,0.058
18,18,236,-13.23901081085205,219.92117309570312,917.18212890625,0.0686
18,18,237,-11.365938186645508,219.98748779296875,916.5850830078125,0.0419
18,18,238,-9.83607006072998,220.2122039794922,915.3827514648438,0.125
18,18,239,-8.705055236816406,220.54800415039062,913.759521484375,0.2207
18,18,240,-7.9575653076171875,220.87376403808594,911.9080810546875,0.2507
18,18,241,-7.551035404205322,221.11175537109375,909.9506225585938,0.3301
18,18,242,-6.742183685302734,221.18966674804688,908.1234130859375,0.456
18,18,243,-5.2882914543151855,221.20538330078125,906.7591552734375,0.3578
18,18,244,-3.364262580871582,221.1395721435547,906.244873046875,0.413
18,18,245,-1.4237583875656128,220.83779907226562,906.6861572265625,0.3476
18,18,246,0.13316939771175385,220.42884826660156,907.9391479492188,0.1482
18,18,247,1.0912179946899414,219.9781494140625,909.6939697265625,0.1551
18,18,248,1.640747308731079,219.4220428466797,911.6099853515625,0.3017
18,18,249,2.392292022705078,218.82989501953125,913.4564208984375,0.4162
18,18,250,3.651259422302246,218.17466735839844,914.9451293945312,0.3242
18,18,251,5.356644630432129,217.6708526611328,915.8901977539062,0.2262
18,18,252,7.304442882537842,217.38363647460938,916.2667846679688,0.1499
18,18,253,9.26603889465332,217.27749633789062,915.8804931640625,0.1668
18,18,254,10.958441734313965,217.197021484375,914.8942260742188,0.2001
18,18,255,12.234675407409668,217.22901916503906,913.4371337890625,0.3366
18,18,256,12.915166854858398,217.4072265625,911.5723876953125,0.4052
18,18,257,13.13707447052002,217.66839599609375,909.586669921875,0.1833
18,18,258,12.754161834716797,218.13002014160156,907.6244506835938,0.0853
18,18,259,11.820035934448242,218.6728057861328,905.8760986328125,0.1688
18,18,260,10.658543586730957,219.37710571289062,904.2520751953125,0.1674
18,18,261,9.730972290039062,219.97950744628906,902.50634765625,0.1706
18,18,262,9.618398666381836,220.35556030273438,900.5747680664062,0.1999
18,18,263,10.58407211303711,220.49417114257812,898.9020385742188,0.3559
18,18,264,12.302311897277832,220.47950744628906,897.9840087890625,0.1916
18,18,265,14.260643005371094,220.43673706054688,897.9988403320312,0.0719
18,18,266,16.046798706054688,220.2017822265625,898.826171875,0.1881
18,18,267,17.540069580078125,219.91024780273438,900.1331787109375,0.1697
18,18,268,18.951650619506836,219.55816650390625,901.5487670898438,0.2094
18,18,269,20.487512588500977,219.26547241210938,902.8068237304688,0.3381
18,18,270,22.253978729248047,219.04237365722656,903.7055053710938,0.2049
18,18,271,24.21172332763672,218.8946533203125,904.0801391601562,0.0813
18,18,272,26.135215759277344,218.95140075683594,903.5350952148438,0.103
18,18,273,27.691226959228516,219.1741943359375,902.3233032226562,0.186
18,18,274,28.880847930908203,219.45169067382812,900.7507934570312,0.1706
18,18,275,29.724639892578125,219.8029327392578,898.9550170898438,0.1375
18,18,276,30.134435653686523,220.10528564453125,896.9982299804688,0.1679
18,18,277,29.97064971923828,220.41795349121094,895.0182495117188,0.3247
18,18,278,26.731443405151367,220.74404907226562,894.6477661132812,0.295
18,18,279,27.37786102294922,221.0233917236328,892.248046875,0.136
18,18,280,27.544017791748047,221.1764678955078,888.7323608398438,0.2605
18,18,281,25.61606216430664,221.1839599609375,886.6698608398438,0.2874
18,18,282,22.892108917236328,221.19268798828125,887.8920288085938,0.269
18,18,283,20.54821014404297,221.19593811035156,890.6692504882812,0.1557
18,18,284,17.628643035888672,221.28054809570312,891.3666381835938,0.1585
18,18,285,16.025476455688477,221.5472869873047,888.6619873046875,0.3532
18,18,286,16.20599365234375,221.58200073242188,885.8507690429688,0.5531
18,18,287,15.977478981018066,221.59625244140625,883.9022216796875,0.4921
18,18,288,16.44906997680664,221.56407165527344,881.9780883789062,0.3922
18,18,289,16.63749122619629,221.55950927734375,879.8051147460938,0.2525
18,18,290,15.755647659301758,221.71713256835938,877.2863159179688,0.2336
18,18,291,16.724687576293945,221.60926818847656,876.3292236328125,0.1915
18,18,292,19.180496215820312,221.3831787109375,874.4788208007812,0.1701
18,18,293,19.49477767944336,221.2376708984375,870.9671020507812,0.449
18,18,294,16.74394416809082,221.5121307373047,869.6436157226562,0.3111
18,18,295,13.969237327575684,221.88807678222656,871.7262573242188,0.4921
18,18,296,11.915597915649414,222.1180877685547,874.31689453125,0.3174
18,18,297,9.466370582580566,222.3067626953125,874.3575439453125,0.3934
18,18,298,7.879399299621582,222.275390625,871.4761962890625,0.5048
18,18,299,7.887050628662109,221.90289306640625,868.2792358398438,0.376
18,18,300,7.47786808013916,221.7161865234375,866.857177734375,0.4967
18,18,301,4.9811272621154785,222.03778076171875,866.4097290039062,0.5997
18,18,302,1.7205486297607422,222.2039031982422,865.17236328125,0.8016
18,18,303,0.4840245544910431,222.32977294921875,862.8607177734375,0.7803
18,18,304,2.3593411445617676,222.148681640625,860.6557006835938,0.552
18,18,305,5.597603797912598,221.74266052246094,859.3974609375,0.3268
18,18,306,7.499928951263428,221.67169189453125,858.3927612304688,0.1993
18,18,307,7.159428119659424,221.9094696044922,856.2937622070312,0.1595
18,18,308,6.274040222167969,222.14462280273438,852.9428100585938,0.2681
18,18,309,6.994903564453125,221.8962860107422,850.1077880859375,0.4928
18,18,310,9.612608909606934,221.45680236816406,849.7730102539062,0.5856
18,18,311,12.480786323547363,221.39501953125,851.7628784179688,0.5438
18,18,312,14.276633262634277,221.156005859375,853.5924682617188,0.4899
18,18,313,15.705634117126465,220.97299194335938,853.1412353515625,0.5688
18,18,314,18.294954299926758,220.33993530273438,851.2689208984375,0.7461
18,18,315,21.63671112060547,219.88372802734375,850.9552612304688,0.659
18,18,316,23.06076431274414,219.63607788085938,853.3732299804688,0.6157
18,18,317,21.364765167236328,219.85968017578125,856.3735961914062,0.3805
18,18,318,18.948104858398438,220.3059539794922,858.3610229492188,0.4047
18,18,319,18.624258041381836,220.4021759033203,860.3950805664062,0.2321
18,18,320,21.103683471679688,220.30712890625,862.4447021484375,0.1427
18,18,321,24.162296295166016,220.2256317138672,863.0591430664062,0.1542
18,18,322,25.263446807861328,220.29444885253906,863.45458984375,0.1128
18,18,323,25.432308197021484,220.52471923828125,865.8085327148438,0.1145
18,18,324,27.135141372680664,220.44097900390625,868.841552734375,0.2894
18,18,325,29.757286071777344,220.3861541748047,869.5325927734375,0.1373
18,18,326,31.491872787475586,220.35049438476562,867.1812744140625,0.0581
18,18,327,32.04017639160156,220.3214569091797,863.7403564453125,0.0583
18,18,328,32.77784729003906,220.10108947753906,861.6529541015625,0.1913
18,18,329,35.00975799560547,220.07992553710938,861.653076171875,0.2305
18,18,330,38.46215057373047,219.97067260742188,862.2503051757812,0.2602
18,18,331,41.22856903076172,219.9390869140625,861.2149658203125,0.2297
18,18,332,41.19696807861328,219.67233276367188,858.6150512695312,0.2654
18,18,333,39.94983673095703,219.51242065429688,856.05126953125,0.28
18,18,334,40.227317810058594,219.2693634033203,854.0859375,0.2273
18,18,335,39.922420501708984,219.1964111328125,852.1434326171875,0.2024
18,18,336,39.016754150390625,219.19534301757812,850.38720703125,0.1297
18,18,337,39.62545394897461,219.17588806152344,846.940673828125,0.1733
18,18,338,37.82315444946289,219.16607666015625,845.6980590820312,0.1534
18,18,339,34.66520309448242,219.16204833984375,846.30126953125,0.1137
18,18,340,31.248157501220703,219.05369567871094,845.4010009765625,0.0948
18,18,341,30.74114418029785,218.76177978515625,842.4150390625,0.172
18,18,342,33.93788528442383,218.5767364501953,840.6718139648438,0.1918
19,19,0,34.09274673461914,221.5011444091797,841.08740234375,0.0534
19,19,1,34.979026794433594,221.23770141601562,839.2999267578125,0.0363
19,19,2,35.63276290893555,220.9581298828125,837.4161987304688,0.1997
19,19,3,35.775943756103516,220.64773559570312,835.4306030273438,0.2843
19,19,4,35.22738265991211,220.30564880371094,833.5221557617188,0.4973
19,19,5,33.92722702026367,219.98377990722656,832.01123046875,0.5448
19,19,6,32.18855667114258,219.83282470703125,831.0326538085938,0.4608
19,19,7,30.278377532958984,219.73287963867188,830.475341796875,0.3269
19,19,8,28.29829216003418,219.8052978515625,830.3660278320312,0.3224
19,19,9,27.567378997802734,220.3582763671875,833.1022338867188,0.2179
19,19,10,24.820676803588867,220.38992309570312,832.0847778320312,0.3787
19,19,11,21.709218978881836,220.51010131835938,832.0882568359375,0.2443
19,19,12,20.640304565429688,220.6860809326172,833.1458740234375,0.1724
19,19,13,20.58338165283203,221.2554931640625,835.9429321289062,0.2258
19,19,14,18.520790100097656,221.82672119140625,838.8565063476562,0.3906
19,19,15,15.251106262207031,221.71124267578125,838.0785522460938,0.5411
19,19,16,15.169366836547852,220.8421630859375,834.5382080078125,0.3073
19,19,17,17.683629989624023,220.43780517578125,832.5006103515625,0.2372
19,19,18,18.935226440429688,220.25376892089844,831.4108276367188,0.1003
19,19,19,17.99793815612793,219.54901123046875,829.0374145507812,0.1337
19,19,20,15.990894317626953,218.7604522705078,826.3011474609375,0.2022
19,19,21,14.981200218200684,218.09976196289062,824.7699584960938,0.0784
19,19,22,17.667943954467773,217.4139404296875,822.8157958984375,0.1841
19,19,23,17.575672149658203,216.33404541015625,820.2809448242188,0.1316
19,19,24,16.562484741210938,215.46902465820312,817.4229736328125,0.0802
19,19,25,13.481758117675781,215.48410034179688,817.3823852539062,0.1526
19,19,26,11.49022102355957,216.3930206298828,820.3883056640625,0.2949
19,19,27,11.001798629760742,217.23291015625,822.7249755859375,0.2495
19,19,28,9.51151180267334,217.36978149414062,823.0249633789062,0.2617
19,19,29,6.3142595291137695,217.5287628173828,822.7083129882812,0.3604
19,19,30,3.926597833633423,217.5594940185547,821.9948120117188,0.2642
19,19,31,3.479848623275757,217.75897216796875,822.4859008789062,0.2524
19,19,32,1.4707393646240234,218.49118041992188,824.3853759765625,0.3326
19,19,33,-1.9834637641906738,218.55490112304688,823.8099365234375,0.3275
19,19,34,-2.6956050395965576,217.94400024414062,821.2431640625,0.2434
19,19,35,-0.6046542525291443,216.97286987304688,818.8739013671875,0.2702
19,19,36,0.8739259243011475,215.8460235595703,815.6063842773438,0.628
19,19,37,-1.1423498392105103,215.45587158203125,813.135986328125,0.2901
19,19,38,-4.355874061584473,216.16970825195312,814.3345336914062,0.1729
19,19,39,-6.170772075653076,217.11929321289062,817.1488037109375,0.0771
19,19,40,-7.52239465713501,217.61904907226562,818.369873046875,0.2639
19,19,41,-10.242523193359375,217.20596313476562,816.2486572265625,0.3696
19,19,42,-12.19261646270752,217.4829864501953,816.6447143554688,0.4326
19,19,43,-14.18619441986084,217.69479370117188,816.70263671875,0.3383
19,19,44,-16.10948371887207,218.20443725585938,817.232666015625,0.2139
19,19,45,-17.845983505249023,219.12521362304688,818.19189453125,0.1835
19,19,46,-19.295387268066406,220.18008422851562,819.524169921875,0.3587
19,19,47,-20.315715789794922,221.32406616210938,821.194091796875,0.6298
19,19,48,-20.676822662353516,222.29086303710938,823.1163940429688,0.6573
19,19,49,-20.139739990234375,222.87826538085938,825.0322875976562,0.6403
19,19,50,-18.87174415588379,223.2082977294922,826.5726928710938,0.4175
19,19,51,-17.31369400024414,223.3199005126953,827.810791015625,0.295
19,19,52,-16.085407257080078,223.44793701171875,829.366943359375,0.2489
19,19,53,-15.54722785949707,223.7103729248047,831.2601318359375,0.1244
19,19,54,-15.968473434448242,224.25379943847656,833.1755981445312,0.1285
19,19,55,-17.220911026000977,224.79734802246094,834.6976318359375,0.1998
19,19,56,-18.882047653198242,225.1693878173828,835.7808837890625,0.1772
19,19,57,-20.656190872192383,225.45648193359375,836.6913452148438,0.172
19,19,58,-22.240585327148438,225.8394012451172,837.8751831054688,0.2085
19,19,59,-23.108861923217773,226.32968139648438,839.6117553710938,0.2063
19,19,60,-22.870834350585938,226.62770080566406,841.5562133789062,0.1843
19,19,61,-21.981468200683594,226.6909637451172,843.3334350585938,0.1399
19,19,62,-21.1243896484375,226.70608520507812,845.1345825195312,0.1567
19,19,63,-20.635787963867188,226.70655822753906,847.0553588867188,0.0887
19,19,64,-20.781082153320312,226.81153869628906,849.01123046875,0.112
19,19,65,-21.710975646972656,227.0731201171875,850.7230834960938,0.3265
19,19,66,-23.29486083984375,227.22677612304688,851.8616333007812,0.4249
19,19,67,-25.20083236694336,227.42623901367188,852.349853515625,0.5866
19,19,68,-27.188518524169922,227.5134735107422,852.4159545898438,0.5788
19,19,69,-29.17521095275879,227.4378204345703,852.4944458007812,0.5628
19,19,70,-31.037328720092773,227.1900634765625,853.0912475585938,0.5634
19,19,71,-32.378074645996094,226.85202026367188,854.4814453125,0.4874
19,19,72,-32.97510528564453,226.47238159179688,856.3536376953125,0.5258
19,19,73,-33.303348541259766,226.21482849121094,858.3215942382812,0.4282
19,19,74,-33.76621627807617,225.99267578125,860.2568359375,0.4355
19,19,75,-34.5157470703125,225.89454650878906,862.0953369140625,0.4351
19,19,76,-35.58633041381836,225.96954345703125,863.7683715820312,0.3336
19,19,77,-36.953983306884766,226.0709991455078,865.2103881835938,0.2971
19,19,78,-38.58536911010742,226.2330780029297,866.349365234375,0.2112
19,19,79,-40.425987243652344,226.3619384765625,867.1168212890625,0.2293
19,19,80,-42.38060760498047,226.56044006347656,867.5169067382812,0.1814
19,19,81,-44.35356521606445,226.68087768554688,867.8125610351562,0.1589
19,19,82,-46.20855712890625,226.84715270996094,868.5293579101562,0.1621
19,19,83,-47.61418151855469,227.01388549804688,869.9241333007812,0.1334
19,19,84,-48.269222259521484,227.18836975097656,871.8031616210938,0.1673
19,19,85,-48.41747283935547,227.37103271484375,873.7918701171875,0.2767
19,19,86,-48.69403839111328,227.57644653320312,875.767333984375,0.4392
19,19,87,-49.3792610168457,227.6717071533203,877.6303100585938,0.4801
19,19,88,-50.58723068237305,227.82232666015625,879.1858520507812,0.5521
19,19,89,-52.26030349731445,228.09762573242188,880.2057495117188,0.5724
19,19,90,-54.18922805786133,228.43919372558594,880.5280151367188,0.3788
19,19,91,-56.092716217041016,228.86331176757812,880.0921020507812,0.3653
19,19,92,-57.66495895385742,229.1591033935547,878.9391479492188,0.2482
19,19,93,-58.632991790771484,229.31491088867188,877.2449951171875,0.1863
19,19,94,-58.92570877075195,229.27076721191406,875.2987670898438,0.2604
19,19,95,-58.789100646972656,229.2443084716797,873.3114624023438,0.2412
19,19,96,-58.73689270019531,229.328125,871.3389892578125,0.3685
19,19,97,-59.200321197509766,229.53785705566406,869.418701171875,0.3918
19,19,98,-60.31155776977539,229.77613830566406,867.76171875,0.31
19,19,99,-62.0389404296875,230.0438232421875,866.791748046875,0.3197
19,19,100,-63.96847915649414,230.2650909423828,866.4332275390625,0.1915
19,19,101,-65.94634246826172,230.4687957763672,866.5183715820312,0.1234
19,19,102,-67.88078308105469,230.7112579345703,866.9663696289062,0.0648
19,19,103,-69.69890594482422,230.83489990234375,867.7843017578125,0.1898
19,19,104,-71.39431762695312,230.83438110351562,868.8321533203125,0.1617
19,19,105,-72.55077362060547,230.86785888671875,870.4580078125,0.1543
19,19,106,-72.93657684326172,231.06430053710938,872.3930053710938,0.2651
19,19,107,-72.7447280883789,231.2544403076172,874.3515625,0.306
19,19,108,-72.08309936523438,231.2769775390625,876.2147216796875,0.4578
19,19,109,-71.62295532226562,231.3781280517578,878.0938720703125,0.5693
19,19,110,-72.12397003173828,231.53811645507812,879.947265625,0.7421
19,19,111,-73.49127197265625,231.78662109375,881.303955078125,0.6875
19,19,112,-75.34674835205078,232.0620880126953,881.820068359375,0.6379
19,19,113,-77.15286254882812,232.1998748779297,881.2634887695312,0.5761
19,19,114,-78.4295654296875,232.21803283691406,879.773681640625,0.6264
19,19,115,-78.86385345458984,232.207763671875,877.8263549804688,0.708
19,19,116,-78.90802764892578,232.18663024902344,875.846923828125,0.6135
19,19,117,-78.88232421875,232.07106018066406,873.8596801757812,0.5884
19,19,118,-79.2244644165039,231.9992218017578,871.8941040039062,0.5187
19,19,119,-80.51392364501953,232.15176391601562,870.528564453125,0.4276
19,19,120,-82.38932037353516,232.21014404296875,870.2769165039062,0.4058
19,19,121,-84.18395233154297,232.25265502929688,870.958740234375,0.4352
19,19,122,-85.63843536376953,232.23287963867188,872.27294921875,0.3241
19,19,123,-86.57958221435547,232.0706787109375,874.0322265625,0.2019
19,19,124,-87.0262451171875,231.84767150878906,875.9755859375,0.1317
19,19,125,-87.867919921875,231.60992431640625,877.7784423828125,0.1216
19,19,126,-89.353515625,231.43658447265625,879.0779418945312,0.1363
19,19,127,-91.23432922363281,231.36424255371094,879.70068359375,0.1759
19,19,128,-93.03701782226562,231.1797637939453,880.5475463867188,0.3254
19,19,129,-94.56684112548828,231.07064819335938,881.8013305664062,0.5054
19,19,130,-95.7535171508789,230.93617248535156,883.376953125,0.4721
19,19,131,-96.57386779785156,230.83694458007812,885.1778564453125,0.5847
19,19,132,-97.00659942626953,230.69049072265625,887.12548828125,0.484
19,19,133,-96.9672622680664,230.56417846679688,889.1182250976562,0.2876
19,19,134,-96.55411529541016,230.546630859375,891.0524291992188,0.3585
19,19,135,-95.66007232666016,230.5459747314453,892.7957153320312,0.2896
19,19,136,-94.29547882080078,230.55169677734375,894.2393798828125,0.2842
19,19,137,-92.66043090820312,230.60020446777344,895.3401489257812,0.3888
19,19,138,-90.76580810546875,230.80886840820312,895.9488525390625,0.4689
19,19,139,-88.78216552734375,230.87916564941406,896.162841796875,0.373
19,19,140,-86.79627990722656,230.90713500976562,895.9878540039062,0.2067
19,19,141,-84.80413818359375,231.07455444335938,895.8806762695312,0.0703
19,19,142,-82.80957794189453,231.2852783203125,895.8372192382812,0.1576
19,19,143,-80.86216735839844,231.3787384033203,896.227294921875,0.24
19,19,144,-79.23340606689453,231.33209228515625,897.333740234375,0.286
19,19,145,-78.34231567382812,231.21482849121094,899.0891723632812,0.2892
19,19,146,-78.23563385009766,231.0148468017578,901.0674438476562,0.2807
19,19,147,-78.51605224609375,230.75743103027344,903.0380859375,0.2112
19,19,148,-78.6777572631836,230.55909729003906,905.0233154296875,0.2143
19,19,149,-78.33261108398438,230.32418823242188,906.9579467773438,0.1445
19,19,150,-77.09510803222656,230.18922424316406,908.4151611328125,0.0785
19,19,151,-75.22319793701172,230.11558532714844,908.9148559570312,0.2141
19,19,152,-73.23973083496094,230.069091796875,908.8369750976562,0.231
19,19,153,-71.24944305419922,229.9874725341797,908.753662109375,0.4515
19,19,154,-69.30298614501953,229.7554931640625,909.0559692382812,0.4135
19,19,155,-67.6201171875,229.45840454101562,910.0307006835938,0.3942
19,19,156,-66.55903625488281,229.0665283203125,911.65869140625,0.4638
19,19,157,-66.19242858886719,228.64866638183594,913.59375,0.4096
19,19,158,-66.25122833251953,228.1767578125,915.5852661132812,0.3428
19,19,159,-66.39057922363281,227.67343139648438,917.5701904296875,0.2083
19,19,160,-66.18338775634766,227.0933837890625,919.54931640625,0.1409
19,19,161,-65.25119018554688,226.4259490966797,921.3133544921875,0.0619
19,19,162,-63.63420104980469,225.9311065673828,922.4645385742188,0.2531
19,19,163,-61.66374206542969,225.72610473632812,922.5235595703125,0.3841
19,19,164,-59.921146392822266,225.8979034423828,921.5931396484375,0.3427
19,19,165,-58.39408493041992,226.16734313964844,920.3173217773438,0.3606
19,19,166,-56.71448516845703,226.3522186279297,919.2601318359375,0.2621
19,19,167,-54.81594467163086,226.37107849121094,918.7947998046875,0.1271
19,19,168,-52.933589935302734,226.18226623535156,919.2398071289062,0.0738
19,19,169,-51.458770751953125,225.82254028320312,920.5183715820312,0.0689
19,19,170,-50.51118087768555,225.38267517089844,922.2509765625,0.131
19,19,171,-49.517730712890625,224.94546508789062,923.973388671875,0.2498
19,19,172,-48.156558990478516,224.56219482421875,925.39990234375,0.2872
19,19,173,-46.446937561035156,224.18202209472656,926.3522338867188,0.2679
19,19,174,-44.512733459472656,223.90621948242188,926.7274169921875,0.1282
19,19,175,-42.538936614990234,223.8399658203125,926.5205078125,0.1697
19,19,176,-40.748775482177734,223.91758728027344,925.6396484375,0.3031
19,19,177,-39.4157600402832,224.12037658691406,924.171630859375,0.5983
19,19,178,-38.68656921386719,224.3933868408203,922.3438720703125,0.764
19,19,179,-38.64884948730469,224.74928283691406,920.3826293945312,0.7907
19,19,180,-39.18074035644531,225.12942504882812,918.4804077148438,0.6377
19,19,181,-40.052101135253906,225.46652221679688,916.6904907226562,0.3674
19,19,182,-40.94088363647461,225.7607879638672,914.9114379882812,0.2586
19,19,183,-41.429012298583984,226.0181121826172,913.0030517578125,0.2843
19,19,184,-41.196048736572266,226.2203826904297,911.05859375,0.2932
19,19,185,-40.21892166137695,226.4259490966797,909.3507080078125,0.301
19,19,186,-38.78071594238281,226.54214477539062,907.9765625,0.2801
19,19,187,-37.22971725463867,226.56939697265625,906.7282104492188,0.1507
19,19,188,-35.941444396972656,226.5891876220703,905.22802734375,0.2214
19,19,189,-35.23499298095703,226.63890075683594,903.3855590820312,0.1217
19,19,190,-35.16356658935547,226.6630859375,901.3989868164062,0.1066
19,19,191,-35.395870208740234,226.682373046875,899.4187622070312,0.1532
19,19,192,-35.4145393371582,226.68487548828125,897.4285278320312,0.2105
19,19,193,-34.95317459106445,226.68409729003906,895.48876953125,0.2439
19,19,194,-33.943851470947266,226.67674255371094,893.7677001953125,0.2051
19,19,195,-32.52366256713867,226.66751098632812,892.3724365234375,0.0977
19,19,196,-30.832456588745117,226.65675354003906,891.3284301757812,0.3155
19,19,197,-28.97077178955078,226.587158203125,890.6370239257812,0.3302
19,19,198,-27.01504135131836,226.37681579589844,890.2954711914062,0.4986
19,19,199,-25.029651641845703,226.27667236328125,890.301025390625,0.7381
19,19,200,-23.07415008544922,226.11932373046875,890.64892578125,0.7085
19,19,201,-21.20676612854004,225.97735595703125,891.3300170898438,0.5158
19,19,202,-19.48577308654785,225.83169555664062,892.3302001953125,0.4888
19,19,203,-17.972763061523438,225.63143920898438,893.6307373046875,0.3848
19,19,204,-16.785614013671875,225.40980529785156,895.2342529296875,0.4254
19,19,205,-15.978955268859863,225.17437744140625,897.0521850585938,0.2973
19,19,206,-15.651716232299805,224.94927978515625,899.0068969726562,0.1686
19,19,207,-15.887447357177734,224.8321990966797,900.9683227539062,0.15
19,19,208,-16.66204833984375,224.8021697998047,902.7863159179688,0.2216
19,19,209,-17.778118133544922,224.90692138671875,904.4328002929688,0.1201
19,19,210,-18.882251739501953,224.83448791503906,906.0888671875,0.1586
19,19,211,-19.62775230407715,224.77137756347656,907.9151611328125,0.1129
19,19,212,-19.77651596069336,224.57142639160156,909.8729248046875,0.1336
19,19,213,-19.264705657958984,224.2904052734375,911.7731323242188,0.114
19,19,214,-18.196073532104492,223.9007110595703,913.4381103515625,0.1297
19,19,215,-16.71828269958496,223.44317626953125,914.77099609375,0.1911
19,19,216,-14.930776596069336,223.07257080078125,915.6572265625,0.2016
19,19,217,-12.9725980758667,222.9154052734375,915.9878540039062,0.1927
19,19,218,-11.070655822753906,222.9664306640625,915.5250244140625,0.2323
19,19,219,-9.563204765319824,223.18862915039062,914.2916259765625,0.2252
19,19,220,-8.520790100097656,223.45140075683594,912.6182861328125,0.3468
19,19,221,-7.741573810577393,223.68148803710938,910.782958984375,0.3934
19,19,222,-6.912191867828369,223.76626586914062,908.98193359375,0.4204
19,19,223,-5.645190715789795,223.791259765625,907.4796142578125,0.3974
19,19,224,-3.877474546432495,223.7581787109375,906.6356811523438,0.2391
19,19,225,-1.9170008897781372,223.5606231689453,906.65576171875,0.1607
19,19,226,-0.1364307999610901,223.23043823242188,907.4888916015625,0.0998
19,19,227,1.2315906286239624,222.83758544921875,908.9194946289062,0.1285
19,19,228,2.210348129272461,222.32354736328125,910.6572875976562,0.2967
19,19,229,3.0966291427612305,221.73825073242188,912.439208984375,0.2991
19,19,230,4.532413959503174,221.20065307617188,913.8245849609375,0.3154
19,19,231,6.341777801513672,220.71804809570312,914.597900390625,0.3639
19,19,232,8.27330493927002,220.467041015625,914.6182861328125,0.3178
19,19,233,9.985779762268066,220.36569213867188,913.7755737304688,0.3911
19,19,234,11.192158699035645,220.4218292236328,912.233154296875,0.5361
19,19,235,11.830517768859863,220.5925750732422,910.3544921875,0.4606
19,19,236,11.818377494812012,220.9678955078125,908.3593139648438,0.3688
19,19,237,11.108786582946777,221.48048400878906,906.5076293945312,0.1214
19,19,238,10.21059513092041,222.10101318359375,904.72802734375,0.1456
19,19,239,9.530563354492188,222.67901611328125,902.8681640625,0.3554
19,19,240,9.496668815612793,223.02516174316406,900.9217529296875,0.1391
19,19,241,10.390499114990234,223.16651916503906,899.2150268554688,0.1482
19,19,242,12.046916961669922,223.1600341796875,898.22802734375,0.2333
19,19,243,13.76806354522705,222.88291931152344,899.710205078125,0.0873
19,19,244,14.534476280212402,222.4711456298828,901.456298828125,0.081
19,19,245,16.5124454498291,222.4229278564453,901.1793212890625,0.2688
19,19,246,19.026988983154297,222.45205688476562,901.1376953125,0.4084
19,19,247,20.725614547729492,222.26600646972656,902.1500244140625,0.2838
19,19,248,22.79830551147461,222.65994262695312,900.6280517578125,0.119
19,19,249,24.638376235961914,222.1937255859375,902.4384155273438,0.1834
19,19,250,26.3240966796875,222.34365844726562,901.3712158203125,0.0818
19,19,251,27.573909759521484,222.53778076171875,899.8433227539062,0.1562
19,19,252,28.023540496826172,222.85189819335938,897.9340209960938,0.197
19,19,253,26.075410842895508,223.25987243652344,895.9573974609375,0.0931
19,19,254,26.182193756103516,223.41966247558594,894.7764892578125,0.1355
19,19,255,27.787120819091797,223.64328002929688,892.3428344726562,0.1192
19,19,256,28.300765991210938,223.79823303222656,888.8858032226562,0.3296
19,19,257,26.029529571533203,223.81582641601562,887.1813354492188,0.4996
19,19,258,23.093664169311523,223.82386779785156,888.6912841796875,0.4439
19,19,259,20.574480056762695,223.8187255859375,891.0759887695312,0.2669
19,19,260,17.944889068603516,223.90908813476562,890.970703125,0.4144
19,19,261,16.846698760986328,224.1389617919922,887.9004516601562,0.5174
19,19,262,18.23025131225586,224.10775756835938,885.0145874023438,0.4902
19,19,263,19.162872314453125,223.93099975585938,883.9993896484375,0.4221
19,19,264,17.918569564819336,224.0294647216797,882.2904663085938,0.3783
19,19,265,16.201631546020508,224.20733642578125,879.3424072265625,0.1987
19,19,266,15.658197402954102,224.31375122070312,877.308349609375,0.1838
19,19,267,17.259679794311523,224.17466735839844,876.3480224609375,0.1647
19,19,268,19.59153938293457,223.93206787109375,873.8964233398438,0.0633
19,19,269,19.075241088867188,223.89642333984375,870.60791015625,0.1745
19,19,270,16.09076690673828,224.18048095703125,870.2003784179688,0.3484
19,19,271,13.409021377563477,224.51449584960938,872.5533447265625,0.4794
19,19,272,11.085731506347656,224.77015686035156,874.3800659179688,0.2882
19,19,273,8.825359344482422,224.83645629882812,873.231689453125,0.2639
19,19,274,8.083429336547852,224.66961669921875,869.84521484375,0.4416
19,19,275,8.53091812133789,224.2229766845703,867.1170043945312,0.4538
19,19,276,7.6862592697143555,224.17555236816406,866.0816040039062,0.5033
19,19,277,4.796480178833008,224.45574951171875,865.1949462890625,0.5822
19,19,278,2.0725514888763428,224.64129638671875,863.2485961914062,0.7398
19,19,279,2.0511791706085205,224.7312774658203,860.8074340820312,0.6085
19,19,280,4.814409255981445,224.42466735839844,859.1704711914062,0.4591
19,19,281,8.002862930297852,224.20201110839844,858.5161743164062,0.2416
19,19,282,9.345763206481934,224.2345428466797,857.5034790039062,0.1639
19,19,283,8.93125057220459,224.40573120117188,854.89990234375,0.1187
19,19,284,8.827169418334961,224.36557006835938,851.4004516601562,0.4221
19,19,285,10.60949993133545,223.8804931640625,849.3489990234375,0.5373
19,19,286,13.447047233581543,223.70721435546875,850.4052734375,0.6112
19,19,287,15.386862754821777,223.68893432617188,853.2307739257812,0.6222
19,19,288,16.276025772094727,223.50393676757812,854.8641967773438,0.5273
19,19,289,18.051776885986328,223.17449951171875,854.3811645507812,0.6212
19,19,290,21.44520378112793,222.6178436279297,854.1734619140625,0.385
19,19,291,23.876859664916992,222.36709594726562,855.8945922851562,0.3311
19,19,292,23.23936653137207,222.447509765625,858.289306640625,0.1543
19,19,293,20.79161834716797,222.8733673095703,860.78759765625,0.1414
19,19,294,19.925077438354492,223.302490234375,863.9495849609375,0.2191
19,19,295,22.422941207885742,223.30587768554688,865.6467895507812,0.1748
19,19,296,25.669185638427734,223.09877014160156,864.1947021484375,0.1955
19,19,297,27.79413414001465,222.90762329101562,862.2611694335938,0.1015
19,19,298,29.49538803100586,222.91995239257812,862.5454711914062,0.1208
19,19,299,31.484092712402344,223.04913330078125,865.0241088867188,0.0923
19,19,300,34.29794692993164,222.8028106689453,866.9760131835938,0.1428
19,19,301,36.82947540283203,222.72991943359375,865.7535400390625,0.1414
19,19,302,36.7438850402832,222.7373809814453,862.3868408203125,0.237
19,19,303,35.480709075927734,222.6746368408203,859.3421020507812,0.2479
19,19,304,38.36878204345703,222.61468505859375,858.6754150390625,0.1741
19,19,305,39.10765075683594,222.41064453125,856.8242797851562,0.2464
19,19,306,39.617774963378906,222.15504455566406,854.902099609375,0.2087
19,19,307,39.668758392333984,222.0243377685547,852.93310546875,0.2342
19,19,308,39.077327728271484,222.01177978515625,851.0565795898438,0.0844
19,19,309,36.688209533691406,222.04188537597656,850.5018310546875,0.1028
19,19,310,34.44485092163086,222.04283142089844,850.2089233398438,0.1818
19,19,311,33.85020446777344,222.0054931640625,847.6876831054688,0.116
19,19,312,35.21988296508789,221.87742614746094,844.5555419921875,0.1489
19,19,313,33.70858383178711,221.67750549316406,843.0452270507812,0.0685
19,19,314,34.09274673461914,221.5011444091797,841.08740234375,0.0534
20,20,0,34.25347137451172,224.4184112548828,841.534423828125,0.1985
20,20,1,35.08537673950195,224.18768310546875,839.7160034179688,0.3069
20,20,2,35.631309509277344,223.93153381347656,837.79541015625,0.2283
20,20,3,35.585174560546875,223.6431427001953,835.8062133789062,0.143
20,20,4,34.84010696411133,223.35528564453125,833.9647827148438,0.1867
20,20,5,33.50128936767578,223.07574462890625,832.4978637695312,0.361
20,20,6,31.736530303955078,222.94712829589844,831.56640625,0.4247
20,20,7,29.865192413330078,222.7322998046875,830.12158203125,0.4065
20,20,8,27.10002326965332,222.55078125,828.4091796875,0.4552
20,20,9,24.819324493408203,223.07521057128906,830.2547607421875,0.3689
20,20,10,24.915040969848633,223.5987091064453,833.804443359375,0.1647
20,20,11,25.059595108032227,224.0225830078125,836.879150390625,0.1462
20,20,12,22.76333999633789,224.3067169189453,838.2180786132812,0.1271
20,20,13,19.738134384155273,224.27378845214844,836.5084838867188,0.2384
20,20,14,19.02096939086914,223.7854461669922,833.9690551757812,0.1968
20,20,15,18.56891632080078,223.678466796875,833.5093994140625,0.1919
20,20,16,15.916040420532227,223.4571990966797,833.1531982421875,0.2108
20,20,17,13.260028839111328,223.0355682373047,831.0425415039062,0.1121
20,20,18,13.220420837402344,222.51626586914062,828.7223510742188,0.0723
20,20,19,15.754983901977539,222.15676879882812,827.2094116210938,0.1123
20,20,20,18.704391479492188,221.611572265625,825.158203125,0.1221
20,20,21,18.723392486572266,220.48028564453125,822.0720825195312,0.1478
20,20,22,15.548123359680176,219.91143798828125,821.04638671875,0.0825
20,20,23,12.651917457580566,220.50180053710938,822.6907958984375,0.223
20,20,24,11.458698272705078,220.86700439453125,823.7696533203125,0.1757
20,20,25,9.904703140258789,220.4975128173828,822.6011352539062,0.3287
20,20,26,6.7974534034729,220.33787536621094,821.3199462890625,0.3851
20,20,27,4.529506683349609,220.51416015625,821.177490234375,0.4699
20,20,28,4.015503883361816,221.0190887451172,822.75537109375,0.4247
20,20,29,2.0346529483795166,221.85487365722656,825.3392944335938,0.3252
20,20,30,-1.4421465396881104,221.9540252685547,824.8670043945312,0.208
20,20,31,-1.7999897003173828,221.24252319335938,821.8807373046875,0.3812
20,20,32,0.5747159123420715,220.29580688476562,819.222412109375,0.3434
20,20,33,1.7389878034591675,219.30787658691406,816.0582275390625,0.3424
20,20,34,-0.70883709192276,219.09005737304688,814.0731811523438,0.332
20,20,35,-3.888364791870117,219.82089233398438,815.6817016601562,0.1356
20,20,36,-5.677810192108154,220.59762573242188,818.04833984375,0.1764
20,20,37,-7.2546563148498535,220.81893920898438,818.289306640625,0.0869
20,20,38,-9.732499122619629,220.48147583007812,816.2604370117188,0.3147
20,20,39,-12.26716423034668,220.1324920654297,814.5241088867188,0.2705
20,20,40,-13.590554237365723,221.10025024414062,817.2978515625,0.1962
20,20,41,-15.483111381530762,221.55755615234375,817.8846435546875,0.1929
20,20,42,-17.18762969970703,222.4333038330078,818.9085693359375,0.3491
20,20,43,-18.623336791992188,223.425048828125,820.3003540039062,0.5455
20,20,44,-19.590974807739258,224.40460205078125,822.0504150390625,0.4934
20,20,45,-19.58584976196289,225.21902465820312,824.0192260742188,0.5003
20,20,46,-18.82759666442871,225.7032470703125,825.8199462890625,0.2816
20,20,47,-17.599233627319336,225.93826293945312,827.3773803710938,0.2878
20,20,48,-16.369672775268555,226.0891571044922,828.9299926757812,0.3526
20,20,49,-15.649650573730469,226.28480529785156,830.7547607421875,0.1127
20,20,50,-15.802495002746582,226.71331787109375,832.685791015625,0.1142
20,20,51,-16.933229446411133,227.21731567382812,834.2739868164062,0.2194
20,20,52,-18.602041244506836,227.61041259765625,835.3539428710938,0.1985
20,20,53,-20.39691925048828,227.85653686523438,836.2295532226562,0.1117
20,20,54,-22.020336151123047,228.1536102294922,837.3635864257812,0.2578
20,20,55,-23.079608917236328,228.60769653320312,839.0106201171875,0.3225
20,20,56,-23.20779037475586,228.96701049804688,840.9657592773438,0.2477
20,20,57,-22.586034774780273,229.10260009765625,842.8546142578125,0.0531
20,20,58,-21.69174575805664,229.1361846923828,844.6414184570312,0.0261
20,20,59,-21.009035110473633,229.1105499267578,846.5111083984375,0.1593
20,20,60,-20.919925689697266,229.16445922851562,848.494873046875,0.1688
20,20,61,-21.68899154663086,229.37686157226562,850.3202514648438,0.3892
20,20,62,-23.19297218322754,229.5229949951172,851.61572265625,0.5057
20,20,63,-25.076705932617188,229.69268798828125,852.2763061523438,0.5357
20,20,64,-27.069135665893555,229.769775390625,852.4469604492188,0.6145
20,20,65,-29.068222045898438,229.7135467529297,852.4903564453125,0.6639
20,20,66,-30.99079704284668,229.50128173828125,853.0160522460938,0.6739
20,20,67,-32.49027633666992,229.19415283203125,854.320068359375,0.5973
20,20,68,-33.32552719116211,228.85980224609375,856.1364135742188,0.4822
20,20,69,-33.82196807861328,228.62901306152344,858.0736083984375,0.4557
20,20,70,-34.543304443359375,228.448486328125,859.9383544921875,0.4228
20,20,71,-35.61936950683594,228.4170684814453,861.6210327148438,0.3248
20,20,72,-36.92466735839844,228.50445556640625,863.1341552734375,0.2268
20,20,73,-38.21525955200195,228.5985565185547,864.66162109375,0.2802
20,20,74,-39.7109260559082,228.74386596679688,865.9874877929688,0.2
20,20,75,-41.48392105102539,228.85940551757812,866.9074096679688,0.2377
20,20,76,-43.399967193603516,228.9833526611328,867.47412109375,0.1404
20,20,77,-45.2661018371582,229.08026123046875,868.1907348632812,0.0787
20,20,78,-46.89345932006836,229.25804138183594,869.3375244140625,0.0397
20,20,79,-48.03594970703125,229.39788818359375,870.958251953125,0.1393
20,20,80,-48.623111724853516,229.62818908691406,872.8557739257812,0.3368
20,20,81,-48.91947937011719,229.8006591796875,874.8305053710938,0.4593
20,20,82,-49.41255569458008,229.9185028076172,876.7606811523438,0.4195
20,20,83,-50.406002044677734,230.00306701660156,878.4629516601562,0.4038
20,20,84,-51.94248962402344,230.24388122558594,879.6781616210938,0.4682
20,20,85,-53.829742431640625,230.5282745361328,880.1942138671875,0.3506
20,20,86,-55.761051177978516,230.89785766601562,879.9057006835938,0.3347
20,20,87,-57.37482833862305,231.17355346679688,878.8174438476562,0.1997
20,20,88,-58.36928176879883,231.30230712890625,877.135986328125,0.2414
20,20,89,-58.78208541870117,231.30947875976562,875.1963500976562,0.2246
20,20,90,-58.93825912475586,231.3764190673828,873.2034301757812,0.3196
20,20,91,-59.20161056518555,231.5266571044922,871.2239379882812,0.5407
20,20,92,-60.12635040283203,231.7718505859375,869.450927734375,0.5919
20,20,93,-61.72895431518555,232.02938842773438,868.3179931640625,0.6022
20,20,94,-63.62848663330078,232.19102478027344,867.8317260742188,0.3996
20,20,95,-65.61161804199219,232.42666625976562,867.8084106445312,0.1811
20,20,96,-67.57994842529297,232.61663818359375,868.1375732421875,0.2254
20,20,97,-69.4249038696289,232.7324676513672,868.908935546875,0.1915
20,20,98,-70.90302276611328,232.74761962890625,870.2252807617188,0.0814
20,20,99,-71.87665557861328,232.81484985351562,871.9498901367188,0.1439
20,20,100,-71.87386322021484,233.0244140625,873.8971557617188,0.182
20,20,101,-71.4238510131836,233.0928497314453,875.8368530273438,0.3665
20,20,102,-71.11186218261719,233.17822265625,877.7763671875,0.45
20,20,103,-71.53022766113281,233.32412719726562,879.6718139648438,0.5885
20,20,104,-72.92377471923828,233.5272216796875,880.9789428710938,0.6977
20,20,105,-74.85539245605469,233.76571655273438,881.1573486328125,0.6777
20,20,106,-76.68824768066406,233.96437072753906,880.4190673828125,0.6753
20,20,107,-78.1160888671875,233.9923095703125,879.01904296875,0.6778
20,20,108,-78.62659454345703,233.98876953125,877.1094970703125,0.7518
20,20,109,-78.91776275634766,233.95486450195312,875.1339111328125,0.6534
20,20,110,-79.55040740966797,233.90377807617188,873.3128051757812,0.6021
20,20,111,-81.0202407836914,233.9881591796875,872.1697387695312,0.4442
20,20,112,-82.95802307128906,234.00521850585938,872.1834716796875,0.4027
20,20,113,-84.72341918945312,233.98348999023438,873.1227416992188,0.2778
20,20,114,-85.87609100341797,233.78530883789062,874.7545166015625,0.245
20,20,115,-86.82239532470703,233.61329650878906,876.5111694335938,0.2728
20,20,116,-87.99822998046875,233.4334259033203,878.1052856445312,0.113
20,20,117,-89.54608917236328,233.27090454101562,879.3400268554688,0.1526
20,20,118,-91.16307067871094,233.13031005859375,880.5067138671875,0.2249
20,20,119,-92.56396484375,232.9134521484375,881.9150390625,0.2266
20,20,120,-93.72486877441406,232.7474365234375,883.5427856445312,0.396
20,20,121,-94.71732330322266,232.63233947753906,885.2628784179688,0.5858
20,20,122,-95.27454376220703,232.49066162109375,887.1759033203125,0.4516
20,20,123,-95.3078384399414,232.4213409423828,889.1753540039062,0.2736
20,20,124,-94.73725128173828,232.43572998046875,891.0784301757812,0.1372
20,20,125,-93.68414306640625,232.48922729492188,892.7426147460938,0.1121
20,20,126,-92.25049591064453,232.52281188964844,894.1053466796875,0.3198
20,20,127,-90.53430938720703,232.66607666015625,895.1115112304688,0.3495
20,20,128,-88.61094665527344,232.78909301757812,895.658935546875,0.263
20,20,129,-86.61380767822266,232.84298706054688,895.72802734375,0.1131
20,20,130,-84.61551666259766,233.0067901611328,895.8040161132812,0.0777
20,20,131,-82.6165542602539,233.18646240234375,895.85693359375,0.1124
20,20,132,-80.68692779541016,233.24722290039062,896.3722534179688,0.1753
20,20,133,-79.13566589355469,233.19039916992188,897.6215209960938,0.2549
20,20,134,-78.33490753173828,233.08456420898438,899.449462890625,0.3027
20,20,135,-78.23181915283203,232.88511657714844,901.4464721679688,0.3366
20,20,136,-78.47196960449219,232.65972900390625,903.4308471679688,0.3063
20,20,137,-78.48465728759766,232.49366760253906,905.42822265625,0.1105
20,20,138,-77.87300109863281,232.253662109375,907.30810546875,0.0692
20,20,139,-76.3439712524414,232.171142578125,908.5260620117188,0.1382
20,20,140,-74.39221954345703,232.09963989257812,908.8916015625,0.322
20,20,141,-72.39680480957031,232.04730224609375,908.8475952148438,0.4046
20,20,142,-70.40287017822266,231.92137145996094,908.9578857421875,0.3439
20,20,143,-68.52899932861328,231.66220092773438,909.5850830078125,0.3291
20,20,144,-67.1183853149414,231.35398864746094,910.9380493164062,0.3056
20,20,145,-66.48208618164062,230.967529296875,912.7968139648438,0.3558
20,20,146,-66.39644622802734,230.59242248535156,914.7833251953125,0.2508
20,20,147,-66.34795379638672,230.1022186279297,916.7814331054688,0.1758
20,20,148,-66.02354431152344,229.5867156982422,918.7388305664062,0.1085
20,20,149,-65.1607894897461,229.04312133789062,920.4905395507812,0.0884
20,20,150,-63.57609176635742,228.5823974609375,921.54345703125,0.2145
20,20,151,-61.64716339111328,228.4309844970703,921.4479370117188,0.2444
20,20,152,-59.84811782836914,228.53683471679688,920.5935668945312,0.3345
20,20,153,-58.16206359863281,228.73846435546875,919.5218505859375,0.3178
20,20,154,-56.36049270629883,228.84910583496094,918.6624145507812,0.1624
20,20,155,-54.379512786865234,228.8267364501953,918.48046875,0.162
20,20,156,-52.570926666259766,228.57334899902344,919.2785034179688,0.2249
20,20,157,-51.248313903808594,228.19509887695312,920.766845703125,0.1268
20,20,158,-50.18678283691406,227.80401611328125,922.456787109375,0.0135
20,20,159,-48.87873458862305,227.40316772460938,923.9693603515625,0.0835
20,20,160,-47.234100341796875,227.08734130859375,925.1023559570312,0.0469
20,20,161,-45.34651565551758,226.818115234375,925.6716918945312,0.0546
20,20,162,-43.37974166870117,226.6918182373047,925.6512451171875,0.1775
20,20,163,-41.52347946166992,226.69659423828125,925.021240234375,0.2808
20,20,164,-40.05633544921875,226.82852172851562,923.7435302734375,0.4046
20,20,165,-39.28533172607422,227.05661010742188,921.9238891601562,0.541
20,20,166,-39.17589569091797,227.38653564453125,919.9317626953125,0.5895
20,20,167,-39.61049270629883,227.73805236816406,917.9798583984375,0.5785
20,20,168,-40.35772705078125,228.02450561523438,916.1272583007812,0.4741
20,20,169,-40.9716911315918,228.28895568847656,914.2258911132812,0.4182
20,20,170,-41.145076751708984,228.48284912109375,912.2495727539062,0.2817
20,20,171,-40.64823913574219,228.68946838378906,910.3425903320312,0.3296
20,20,172,-39.52006912231445,228.8533935546875,908.7206420898438,0.3275
20,20,173,-38.062171936035156,228.92103576660156,907.3607177734375,0.2964
20,20,174,-36.6636848449707,228.94569396972656,905.9393310546875,0.2129
20,20,175,-35.651187896728516,228.97703552246094,904.243896484375,0.1065
20,20,176,-35.1771354675293,229.0072479248047,902.3250122070312,0.2217
20,20,177,-35.15522766113281,229.0175018310547,900.333740234375,0.1409
20,20,178,-35.1500244140625,229.02685546875,898.3439331054688,0.222
20,20,179,-34.655635833740234,229.025390625,896.42919921875,0.3032
20,20,180,-33.63252639770508,229.0206298828125,894.7354125976562,0.3808
20,20,181,-32.20611572265625,229.01174926757812,893.3565673828125,0.2593
20,20,182,-30.505115509033203,229.0001678466797,892.326904296875,0.1069
20,20,183,-28.628129959106445,228.93026733398438,891.6580200195312,0.1593
20,20,184,-26.654266357421875,228.734375,891.3541870117188,0.3728
20,20,185,-24.656328201293945,228.63192749023438,891.4380493164062,0.6198
20,20,186,-22.714139938354492,228.44985961914062,891.9044189453125,0.6571
20,20,187,-20.894624710083008,228.31448364257812,892.7179565429688,0.4624
20,20,188,-19.268455505371094,228.14932250976562,893.8638305664062,0.3311
20,20,189,-17.914180755615234,227.92665100097656,895.3161010742188,0.2392
20,20,190,-16.920400619506836,227.71018981933594,897.031494140625,0.314
20,20,191,-16.382705688476562,227.50289916992188,898.93701171875,0.1771
20,20,192,-16.374645233154297,227.40447998046875,900.917724609375,0.1716
20,20,193,-16.882476806640625,227.35208129882812,902.8406982421875,0.1521
20,20,194,-17.760469436645508,227.4138641357422,904.63623046875,0.1521
20,20,195,-18.737747192382812,227.33392333984375,906.3770141601562,0.2274
20,20,196,-19.33104133605957,227.2509002685547,908.2827758789062,0.2661
20,20,197,-19.234458923339844,227.04788208007812,910.2802124023438,0.2114
20,20,198,-18.411401748657227,226.78359985351562,912.1012573242188,0.27
20,20,199,-17.066537857055664,226.40647888183594,913.5685424804688,0.3633
20,20,200,-15.369951248168945,226.0269012451172,914.59326171875,0.4052
20,20,201,-13.455486297607422,225.83033752441406,915.0530395507812,0.4466
20,20,202,-11.545280456542969,225.8775177001953,914.729736328125,0.4836
20,20,203,-9.935636520385742,226.02749633789062,913.62890625,0.5066
20,20,204,-8.779423713684082,226.2202606201172,912.0226440429688,0.4667
20,20,205,-7.902859687805176,226.3907928466797,910.2283325195312,0.443
20,20,206,-6.766922473907471,226.41915893554688,908.60302734375,0.3997
20,20,207,-5.185868263244629,226.39703369140625,907.421875,0.3142
20,20,208,-3.274897336959839,226.307373046875,906.9468383789062,0.2755
20,20,209,-1.3333730697631836,226.0802001953125,907.2884521484375,0.2736
20,20,210,0.36025482416152954,225.75350952148438,908.3253173828125,0.1962
20,20,211,1.7245526313781738,225.35134887695312,909.78662109375,0.0858
20,20,212,2.8860702514648438,224.81655883789062,911.4144897460938,0.1945
20,20,213,4.27059268951416,224.32965087890625,912.8512573242188,0.2329
20,20,214,6.006633281707764,223.87429809570312,913.74365234375,0.2664
20,20,215,7.931758403778076,223.5703887939453,913.7896118164062,0.2753
20,20,216,9.59325122833252,223.47265625,912.8555297851562,0.3045
20,20,217,10.613580703735352,223.5588836669922,911.1937255859375,0.3027
20,20,218,10.932122230529785,223.8231201171875,909.2481689453125,0.2282
20,20,219,10.631534576416016,224.2496337890625,907.27490234375,0.2662
20,20,220,9.968769073486328,224.76278686523438,905.3882446289062,0.3384
20,20,221,9.479964256286621,225.31980895996094,903.4498291015625,0.3556
20,20,222,9.465554237365723,225.66146850585938,901.4641723632812,0.3652
20,20,223,10.176752090454102,225.83306884765625,899.6328735351562,0.1387
20,20,224,11.65449047088623,225.86277770996094,898.353759765625,0.0655
20,20,225,13.619580268859863,226.28887939453125,894.95751953125,0.1051
20,20,226,16.117137908935547,225.98739624023438,896.924560546875,0.1749
20,20,227,16.54389190673828,225.33090209960938,900.5453491210938,0.2103
20,20,228,17.668760299682617,224.70037841796875,903.129638671875,0.3398
20,20,229,20.296310424804688,224.81275939941406,903.032958984375,0.4164
20,20,230,22.719396591186523,225.4164581298828,900.57373046875,0.1176
20,20,231,23.44505500793457,225.71469116210938,898.3994750976562,0.2361
20,20,232,24.522384643554688,225.67681884765625,898.416259765625,0.2115
20,20,233,27.558860778808594,225.5627899169922,898.2341918945312,0.1858
20,20,234,30.220306396484375,225.640380859375,896.29443359375,0.1574
20,20,235,29.767690658569336,226.0478057861328,893.6353759765625,0.2195
20,20,236,26.572019577026367,226.3318634033203,892.3582763671875,0.4245
20,20,237,23.62758445739746,226.2670135498047,892.9080200195312,0.3949
20,20,238,22.39121437072754,226.3453826904297,892.387451171875,0.4859
20,20,239,21.498327255249023,226.46058654785156,889.6915893554688,0.5215
20,20,240,20.501487731933594,226.4936065673828,886.6827392578125,0.5817
20,20,241,19.76973533630371,226.57040405273438,885.6820068359375,0.5524
20,20,242,17.454477310180664,226.7565155029297,886.01611328125,0.6441
20,20,243,14.318230628967285,226.88002014160156,884.4885864257812,0.4227
20,20,244,13.821672439575195,227.0157470703125,881.6566772460938,0.3496
20,20,245,16.346900939941406,226.7738800048828,880.1915283203125,0.4455
20,20,246,19.854305267333984,226.4985809326172,879.4230346679688,0.445
20,20,247,21.746225357055664,226.4212188720703,877.1115112304688,0.21
20,20,248,19.9757022857666,226.5142059326172,874.4559936523438,0.0847
20,20,249,16.50714111328125,226.8552703857422,874.2993774414062,0.0643
20,20,250,14.514941215515137,227.02658081054688,875.0278930664062,0.2221
20,20,251,13.385762214660645,227.08331298828125,873.6367797851562,0.2777
20,20,252,12.08397388458252,227.0625,870.536376953125,0.3099
20,20,253,11.20718002319336,226.78237915039062,868.1715087890625,0.324
20,20,254,9.764636993408203,226.84054565429688,868.0262451171875,0.3509
20,20,255,6.598243713378906,227.2109832763672,868.4313354492188,0.3859
20,20,256,3.556589365005493,227.29714965820312,867.2160034179688,0.4538
20,20,257,3.2862496376037598,227.09152221679688,864.669921875,0.5594
20,20,258,5.808570861816406,226.7591094970703,862.422119140625,0.5867
20,20,259,8.56588363647461,226.48403930664062,861.1045532226562,0.587
20,20,260,9.228139877319336,226.5841064453125,859.6924438476562,0.4494
20,20,261,8.035354614257812,226.9473876953125,857.0452270507812,0.3291
20,20,262,7.306839942932129,227.12139892578125,853.6900634765625,0.1216
20,20,263,8.804802894592285,226.961669921875,851.6456298828125,0.1824
20,20,264,11.895577430725098,226.70382690429688,852.2411499023438,0.3762
20,20,265,14.410987854003906,226.41571044921875,854.4146728515625,0.4591
20,20,266,15.670337677001953,226.2729949951172,855.3329467773438,0.3656
20,20,267,17.43876838684082,225.94761657714844,854.0615234375,0.5528
20,20,268,20.793582916259766,225.46104431152344,853.1323852539062,0.6185
20,20,269,23.31416893005371,225.16690063476562,854.6925048828125,0.2502
20,20,270,22.650943756103516,225.2308349609375,857.3995971679688,0.1789
20,20,271,20.43609619140625,225.59852600097656,860.2373657226562,0.1995
20,20,272,20.314876556396484,225.89088439941406,863.3681030273438,0.206
20,20,273,23.14145851135254,225.8232421875,864.3565673828125,0.1762
20,20,274,26.221012115478516,225.6419219970703,862.5802612304688,0.2014
20,20,275,28.26503562927246,225.42568969726562,860.9588012695312,0.1485
20,20,276,29.982891082763672,225.54486083984375,861.7112426757812,0.1319
20,20,277,31.980627059936523,225.74159240722656,864.447265625,0.0785
20,20,278,34.92457580566406,225.52183532714844,865.9998779296875,0.2274
20,20,279,37.072628021240234,225.475830078125,864.3698120117188,0.0221
20,20,280,36.949981689453125,225.4596710205078,861.0170288085938,0.239
20,20,281,37.975486755371094,225.40933227539062,859.3169555664062,0.2833
20,20,282,38.71713638305664,225.26771545410156,857.4642944335938,0.2871
20,20,283,39.2420539855957,225.04302978515625,855.5383911132812,0.1311
20,20,284,39.44435119628906,224.86587524414062,853.5623779296875,0.1669
20,20,285,39.16069793701172,224.82601928710938,851.6070556640625,0.2628
20,20,286,38.25689697265625,224.82192993164062,849.8660278320312,0.3984
20,20,287,35.438934326171875,224.84683227539062,849.9441528320312,0.1128
20,20,288,33.100650787353516,224.8260040283203,849.0308227539062,0.066
20,20,289,33.23112487792969,224.7783203125,845.8876342773438,0.2171
20,20,290,33.93230056762695,224.551025390625,843.5082397460938,0.3043
20,20,291,34.25347137451172,224.4184112548828,841.534423828125,0.1985
21,21,0,32.043724060058594,227.21966552734375,840.8750610351562,0.3652
21,21,1,35.087928771972656,227.11024475097656,840.0731811523438,0.4913
21,21,2,35.64691925048828,226.8905487060547,838.1604614257812,0.288
21,21,3,35.688514709472656,226.63296508789062,836.1762084960938,0.1855
21,21,4,34.973541259765625,226.39041137695312,834.3541259765625,0.0762
21,21,5,33.48323059082031,226.161865234375,833.0327758789062,0.2226
21,21,6,31.108015060424805,226.32638549804688,834.0057373046875,0.1708
21,21,7,29.50933837890625,226.50701904296875,834.8478393554688,0.1615
21,21,8,28.058149337768555,226.32553100585938,833.3257446289062,0.0581
21,21,9,25.128023147583008,226.24627685546875,831.5396118164062,0.207
21,21,10,22.48613929748535,226.40521240234375,831.8634643554688,0.167
21,21,11,21.97004508972168,226.72555541992188,833.9883422851562,0.137
21,21,12,21.587158203125,227.17086791992188,837.4198608398438,0.1573
21,21,13,18.953128814697266,227.53204345703125,839.5418701171875,0.2424
21,21,14,16.290307998657227,227.34596252441406,837.5572509765625,0.3034
21,21,15,16.953481674194336,226.65478515625,834.0547485351562,0.2012
21,21,16,18.58279037475586,226.34010314941406,832.06591796875,0.1136
21,21,17,18.091102600097656,225.99334716796875,830.6510620117188,0.1373
21,21,18,15.749093055725098,225.5291748046875,828.506103515625,0.1296
21,21,19,13.366226196289062,225.19207763671875,827.1267700195312,0.1068
21,21,20,13.130953788757324,224.95509338378906,826.327880859375,0.1494
21,21,21,13.566838264465332,224.08860778808594,823.6757202148438,0.0473
21,21,22,11.98986530303955,223.20443725585938,820.6399536132812,0.2099
21,21,23,9.257673263549805,223.19464111328125,820.4398193359375,0.2874
21,21,24,7.665984153747559,224.09918212890625,823.299560546875,0.3541
21,21,25,6.907604217529297,225.19097900390625,826.7675170898438,0.3854
21,21,26,4.179187297821045,225.55767822265625,828.146728515625,0.3153
21,21,27,1.824527382850647,225.04266357421875,825.5130615234375,0.1941
21,21,28,2.671558141708374,224.26068115234375,822.3236083984375,0.2161
21,21,29,3.3612306118011475,223.77218627929688,820.5721435546875,0.292
21,21,30,1.2923660278320312,223.49835205078125,818.9413452148438,0.1995
21,21,31,-1.978464961051941,223.66900634765625,818.6429443359375,0.1845
21,21,32,-3.630955219268799,223.98507690429688,819.397216796875,0.3015
21,21,33,-4.670156955718994,223.74761962890625,817.9215698242188,0.1495
21,21,34,-6.545090675354004,223.29461669921875,815.0571899414062,0.1446
21,21,35,-8.959734916687012,223.06787109375,813.5322875976562,0.0233
21,21,36,-10.91543960571289,223.48666381835938,814.8916015625,0.2473
21,21,37,-12.08710765838623,224.47348022460938,818.1422119140625,0.3588
21,21,38,-14.195324897766113,224.66062927246094,818.0994262695312,0.1341
21,21,39,-15.908003807067871,225.30157470703125,819.1231079101562,0.1267
21,21,40,-17.25414276123047,226.20977783203125,820.5775146484375,0.2205
21,21,41,-18.146162033081055,227.07891845703125,822.3311157226562,0.2087
21,21,42,-18.461719512939453,227.87985229492188,824.253662109375,0.166
21,21,43,-18.171411514282227,228.44692993164062,826.2125244140625,0.1711
21,21,44,-17.357816696166992,228.7381591796875,828.0343627929688,0.1187
21,21,45,-16.152559280395508,228.84547424316406,829.6217651367188,0.2182
21,21,46,-15.489206314086914,229.02059936523438,831.48095703125,0.0977
21,21,47,-15.994665145874023,229.4629669189453,833.3624267578125,0.0876
21,21,48,-17.379697799682617,229.89991760253906,834.7648315429688,0.0426
21,21,49,-19.116426467895508,230.17935180664062,835.7425537109375,0.1917
21,21,50,-20.9027099609375,230.4077911376953,836.6180419921875,0.2553
21,21,51,-22.415719985961914,230.72897338867188,837.8877563476562,0.2622
21,21,52,-23.209728240966797,231.1168670654297,839.6834716796875,0.2348
21,21,53,-23.12434196472168,231.3916473388672,841.6586303710938,0.1713
21,21,54,-22.460657119750977,231.49790954589844,843.5383911132812,0.0908
21,21,55,-21.601537704467773,231.51007080078125,845.3380126953125,0.0981
21,21,56,-21.099319458007812,231.49436950683594,847.26904296875,0.2199
21,21,57,-21.372947692871094,231.608154296875,849.2410888671875,0.3809
21,21,58,-22.568513870239258,231.78616333007812,850.8267822265625,0.565
21,21,59,-24.334087371826172,231.9278564453125,851.7477416992188,0.5452
21,21,60,-26.301267623901367,232.03488159179688,852.0813598632812,0.5779
21,21,61,-28.294029235839844,232.04615783691406,852.1702880859375,0.6806
21,21,62,-30.237607955932617,231.90570068359375,852.604248046875,0.6619
21,21,63,-31.87604522705078,231.62005615234375,853.7146606445312,0.6447
21,21,64,-32.89876937866211,231.35545349121094,855.4164428710938,0.5425
21,21,65,-33.47801208496094,231.07615661621094,857.323974609375,0.5543
21,21,66,-34.214141845703125,230.923583984375,859.177978515625,0.5435
21,21,67,-35.313236236572266,230.83432006835938,860.8382568359375,0.4678
21,21,68,-36.684471130371094,230.90301513671875,862.2833862304688,0.3107
21,21,69,-38.026695251464844,230.98666381835938,863.7593383789062,0.3218
21,21,70,-39.30088806152344,231.0817413330078,865.29443359375,0.2994
21,21,71,-40.77972412109375,231.18310546875,866.6266479492188,0.3126
21,21,72,-42.521453857421875,231.2849884033203,867.581787109375,0.3293
21,21,73,-44.38772964477539,231.35874938964844,868.2804565429688,0.2235
21,21,74,-46.15277862548828,231.48477172851562,869.197265625,0.1771
21,21,75,-47.53208541870117,231.63137817382812,870.6085815429688,0.1525
21,21,76,-48.33945846557617,231.83477783203125,872.4118041992188,0.1964
21,21,77,-48.772743225097656,232.00827026367188,874.3541259765625,0.2571
21,21,78,-49.325294494628906,232.15147399902344,876.2664794921875,0.2675
21,21,79,-50.30885696411133,232.22500610351562,877.9745483398438,0.3208
21,21,80,-51.80318832397461,232.421875,879.2376708984375,0.2687
21,21,81,-53.663429260253906,232.6573028564453,879.8295288085938,0.2774
21,21,82,-55.6018180847168,232.980712890625,879.6257934570312,0.1991
21,21,83,-57.282310485839844,233.24468994140625,878.6408081054688,0.1201
21,21,84,-58.47157669067383,233.41702270507812,877.08056640625,0.3187
21,21,85,-59.215789794921875,233.53396606445312,875.2373046875,0.3406
21,21,86,-59.73591232299805,233.6667022705078,873.3123168945312,0.4858
21,21,87,-60.483619689941406,233.85009765625,871.4624633789062,0.6736
21,21,88,-61.87394332885742,234.05487060546875,870.0676879882812,0.6744
21,21,89,-63.68423843383789,234.25216674804688,869.39013671875,0.4993
21,21,90,-65.64459991455078,234.41993713378906,869.3433837890625,0.2866
21,21,91,-67.57789611816406,234.58929443359375,869.7894287109375,0.2777
21,21,92,-69.3060302734375,234.67105102539062,870.7867431640625,0.1791
21,21,93,-70.66150665283203,234.70797729492188,872.2237548828125,0.0658
21,21,94,-71.36582946777344,234.89169311523438,874.0146484375,0.1955
21,21,95,-71.50435638427734,234.99583435058594,875.987548828125,0.3223
21,21,96,-71.20027160644531,235.08250427246094,877.9583129882812,0.4204
21,21,97,-71.27265167236328,235.17764282226562,879.9501342773438,0.5396
21,21,98,-72.59168243408203,235.35122680664062,881.3046264648438,0.6783
21,21,99,-74.49250030517578,235.5386962890625,881.119873046875,0.7083
21,21,100,-76.09037780761719,235.69813537597656,879.9866943359375,0.7031
21,21,101,-77.30928802490234,235.7171630859375,878.41748046875,0.7794
21,21,102,-78.08091735839844,235.7249755859375,876.577392578125,0.6939
21,21,103,-79.18840789794922,235.76036071777344,874.9364624023438,0.5915
21,21,104,-80.74988555908203,235.78077697753906,873.8909912109375,0.5642
21,21,105,-82.65127563476562,235.7852325439453,873.9159545898438,0.4781
21,21,106,-84.39411926269531,235.63824462890625,874.8526000976562,0.2894
21,21,107,-85.7774887084961,235.49301147460938,876.2904052734375,0.2674
21,21,108,-86.87599182128906,235.320068359375,877.9521484375,0.2479
21,21,109,-88.22760772705078,235.18263244628906,879.4098510742188,0.2046
21,21,110,-89.86785888671875,235.0237274169922,880.534423828125,0.1825
21,21,111,-91.32166290283203,234.870361328125,881.8911743164062,0.2997
21,21,112,-92.4736557006836,234.67587280273438,883.5043334960938,0.2431
21,21,113,-93.3066177368164,234.49978637695312,885.3001098632812,0.4006
21,21,114,-93.77120971679688,234.37661743164062,887.22607421875,0.5596
21,21,115,-93.66496276855469,234.24375915527344,889.2185668945312,0.3994
21,21,116,-92.934326171875,234.32664489746094,891.060791015625,0.2499
21,21,117,-91.8085708618164,234.44068908691406,892.6815795898438,0.0413
21,21,118,-90.35002136230469,234.523193359375,894.0117797851562,0.0846
21,21,119,-88.60175323486328,234.69564819335938,894.9450073242188,0.1383
21,21,120,-86.6534194946289,234.77000427246094,895.37353515625,0.1019
21,21,121,-84.680908203125,234.907958984375,895.6709594726562,0.1943
21,21,122,-82.69950866699219,235.06150817871094,895.8768920898438,0.2424
21,21,123,-80.81202697753906,235.10678100585938,896.4969482421875,0.3043
21,21,124,-79.29889678955078,235.0558319091797,897.775634765625,0.3253
21,21,125,-78.45056915283203,234.96334838867188,899.5698852539062,0.3337
21,21,126,-78.24212646484375,234.79078674316406,901.553466796875,0.3127
21,21,127,-78.381591796875,234.59568786621094,903.5438842773438,0.238
21,21,128,-78.27661895751953,234.45144653320312,905.5350952148438,0.1764
21,21,129,-77.55268096923828,234.24185180664062,907.37646484375,0.1126
21,21,130,-75.97380065917969,234.15777587890625,908.544189453125,0.1176
21,21,131,-74.02590942382812,234.09176635742188,908.93017578125,0.2436
21,21,132,-72.0338134765625,234.0306396484375,908.9656982421875,0.284
21,21,133,-70.0553970336914,233.89231872558594,909.1951293945312,0.2096
21,21,134,-68.24304962158203,233.6567840576172,909.9678344726562,0.2963
21,21,135,-66.92992401123047,233.3575439453125,911.416015625,0.2533
21,21,136,-66.30907440185547,233.0053253173828,913.2821655273438,0.2775
21,21,137,-66.13134002685547,232.62184143066406,915.2615966796875,0.1449
21,21,138,-65.94361877441406,232.18353271484375,917.2448120117188,0.1125
21,21,139,-65.39238739013672,231.73013305664062,919.1365356445312,0.1607
21,21,140,-64.1780014038086,231.243896484375,920.63037109375,0.2207
21,21,141,-62.34919357299805,230.96224975585938,921.124267578125,0.2048
21,21,142,-60.4361686706543,230.93441772460938,920.6661987304688,0.2645
21,21,143,-58.63504409790039,231.07765197753906,919.81201171875,0.2522
21,21,144,-56.83714294433594,231.16665649414062,918.970947265625,0.2474
21,21,145,-54.90116500854492,231.16021728515625,918.6678466796875,0.2758
21,21,146,-53.06025314331055,230.95474243164062,919.296630859375,0.2568
21,21,147,-51.624813079833984,230.66897583007812,920.6527709960938,0.1876
21,21,148,-50.32143020629883,230.3409423828125,922.1570434570312,0.0808
21,21,149,-48.82958984375,230.01649475097656,923.4661254882812,0.1336
21,21,150,-47.10274124145508,229.73110961914062,924.4657592773438,0.2612
21,21,151,-45.15085220336914,229.53897094726562,924.8677978515625,0.2845
21,21,152,-43.197940826416016,229.4508056640625,924.6565551757812,0.3599
21,21,153,-41.49692916870117,229.49240112304688,923.74462890625,0.4464
21,21,154,-40.333343505859375,229.63552856445312,922.1992797851562,0.5462
21,21,155,-39.81992721557617,229.88168334960938,920.2832641601562,0.5395
21,21,156,-39.724365234375,230.19082641601562,918.300537109375,0.5117
21,21,157,-40.015045166015625,230.44580078125,916.3301391601562,0.435
21,21,158,-40.50284194946289,230.68138122558594,914.3972778320312,0.4172
21,21,159,-40.7348518371582,230.8704071044922,912.4216918945312,0.3992
21,21,160,-40.398494720458984,231.05050659179688,910.4613647460938,0.356
21,21,161,-39.43950271606445,231.21533203125,908.7144775390625,0.2211
21,21,162,-38.062618255615234,231.28524780273438,907.2703857421875,0.1906
21,21,163,-36.57730484008789,231.2929229736328,905.9381103515625,0.1276
21,21,164,-35.454566955566406,231.3155975341797,904.2909545898438,0.068
21,21,165,-34.98152160644531,231.3489990234375,902.3536987304688,0.1161
21,21,166,-34.920772552490234,231.35830688476562,900.3593139648438,0.237
21,21,167,-34.6474494934082,231.3690185546875,898.383056640625,0.1103
21,21,168,-33.913551330566406,231.36781311035156,896.5330810546875,0.1668
21,21,169,-32.70569610595703,231.3599395751953,894.9586791992188,0.2959
21,21,170,-31.133426666259766,231.34571838378906,893.7520751953125,0.25
21,21,171,-29.32575798034668,231.34742736816406,892.9397583007812,0.1509
21,21,172,-27.38833999633789,231.17294311523438,892.5193481445312,0.1918
21,21,173,-25.40511703491211,231.0288543701172,892.4818725585938,0.2438
21,21,174,-23.448776245117188,230.89239501953125,892.819091796875,0.3607
21,21,175,-21.590137481689453,230.77601623535156,893.5238037109375,0.3192
21,21,176,-19.90513038635254,230.60385131835938,894.5867309570312,0.2625
21,21,177,-18.505050659179688,230.40664672851562,896.00830078125,0.1299
21,21,178,-17.508134841918945,230.1913604736328,897.7324829101562,0.1556
21,21,179,-17.003952026367188,230.0316162109375,899.652099609375,0.1598
21,21,180,-17.05039405822754,229.95567321777344,901.6314697265625,0.1866
21,21,181,-17.572378158569336,229.94082641601562,903.5441284179688,0.144
21,21,182,-18.321882247924805,229.9002227783203,905.3917846679688,0.1447
21,21,183,-18.901634216308594,229.82699584960938,907.2882080078125,0.1968
21,21,184,-18.93897247314453,229.6859130859375,909.25048828125,0.2167
21,21,185,-18.29456901550293,229.46974182128906,911.1019287109375,0.3025
21,21,186,-17.072046279907227,229.2017822265625,912.6452026367188,0.3344
21,21,187,-15.446895599365234,228.8763885498047,913.7703247070312,0.4304
21,21,188,-13.56538200378418,228.64035034179688,914.3917236328125,0.4998
21,21,189,-11.58549976348877,228.6483612060547,914.3480224609375,0.6927
21,21,190,-9.832117080688477,228.73268127441406,913.4100341796875,0.8351
21,21,191,-8.54382038116455,228.8841552734375,911.8863525390625,0.7458
21,21,192,-7.54440450668335,229.01068115234375,910.1597290039062,0.7289
21,21,193,-6.225044250488281,229.01361083984375,908.6676025390625,0.5859
21,21,194,-4.533992290496826,228.97601318359375,907.6449584960938,0.552
21,21,195,-2.593207597732544,228.84902954101562,907.3773193359375,0.3705
21,21,196,-0.7145243883132935,228.6197509765625,907.9393310546875,0.3734
21,21,197,0.908330500125885,228.3233184814453,909.0675048828125,0.2097
21,21,198,2.353806734085083,227.90721130371094,910.4388427734375,0.135
21,21,199,3.8427670001983643,227.4150390625,911.75390625,0.2035
21,21,200,5.5696516036987305,227.027099609375,912.69189453125,0.2458
21,21,201,7.489880561828613,226.6761016845703,912.8363037109375,0.2529
21,21,202,9.20064640045166,226.56814575195312,911.91650390625,0.0834
21,21,203,10.292896270751953,226.6431427001953,910.2962646484375,0.1092
21,21,204,10.65318775177002,226.92526245117188,908.3505859375,0.1173
21,21,205,10.44882583618164,227.32073974609375,906.3670043945312,0.1852
21,21,206,9.9368896484375,227.80889892578125,904.4385375976562,0.2848
21,21,207,9.666906356811523,228.216552734375,902.4632568359375,0.2373
21,21,208,9.946044921875,228.4536590576172,900.504638671875,0.2138
21,21,209,10.993535041809082,228.5562744140625,898.8464965820312,0.1049
21,21,210,13.003792762756348,228.4298095703125,899.2553100585938,0.1292
21,21,211,13.983263969421387,228.12835693359375,900.9786987304688,0.1995
21,21,212,15.788419723510742,228.09262084960938,900.6436157226562,0.0529
21,21,213,18.668048858642578,228.38717651367188,898.753173828125,0.1961
21,21,214,20.686492919921875,228.62359619140625,897.2427978515625,0.3369
21,21,215,21.90580177307129,228.50424194335938,897.9945678710938,0.341
21,21,216,24.45138168334961,228.23336791992188,899.92529296875,0.4539
21,21,217,27.80262565612793,228.1460418701172,899.1875610351562,0.1843
21,21,218,28.37664031982422,228.4718780517578,896.4048461914062,0.4206
21,21,219,25.808589935302734,228.82723999023438,894.1135864257812,0.435
21,21,220,23.00429916381836,228.89431762695312,893.4977416992188,0.5689
21,21,221,22.262649536132812,228.9718475341797,892.7147216796875,0.619
21,21,222,22.15535545349121,229.08468627929688,889.9617919921875,0.7135
21,21,223,21.454002380371094,229.095703125,886.7886962890625,0.5162
21,21,224,20.325359344482422,229.13296508789062,885.6573486328125,0.5121
21,21,225,17.849327087402344,229.35031127929688,886.2361450195312,0.5176
21,21,226,14.47375202178955,229.43075561523438,885.2067260742188,0.4762
21,21,227,13.734831809997559,229.57864379882812,882.292236328125,0.3165
21,21,228,16.260290145874023,229.36929321289062,880.6405029296875,0.297
21,21,229,19.723854064941406,229.1265411376953,879.748046875,0.3116
21,21,230,21.521587371826172,229.0679931640625,877.4864501953125,0.1115
21,21,231,19.77473258972168,229.16506958007812,874.8760375976562,0.1884
21,21,232,16.338483810424805,229.45928955078125,874.5993041992188,0.2642
21,21,233,14.339832305908203,229.6007080078125,875.1725463867188,0.1771
21,21,234,13.27561092376709,229.6496124267578,873.6115112304688,0.1466
21,21,235,12.328325271606445,229.59860229492188,870.3580932617188,0.2347
21,21,236,11.796061515808105,229.3330841064453,867.958251953125,0.0615
21,21,237,10.33752727508545,229.34288024902344,867.6575927734375,0.0742
21,21,238,7.108982086181641,229.62493896484375,867.66796875,0.3755
21,21,239,4.247128963470459,229.69815063476562,866.1062622070312,0.5961
21,21,240,4.346210956573486,229.5196075439453,863.524658203125,0.4279
21,21,241,7.137877464294434,229.2391357421875,861.5946044921875,0.3668
21,21,242,9.982617378234863,229.09844970703125,860.5966796875,0.2826
21,21,243,10.724623680114746,229.1707305908203,859.2520751953125,0.2983
21,21,244,9.822224617004395,229.43792724609375,856.4613647460938,0.2408
21,21,245,9.590140342712402,229.5107421875,853.0440063476562,0.1331
21,21,246,11.47887134552002,229.2864227294922,851.2879638671875,0.232
21,21,247,14.44518756866455,229.0203857421875,852.4844970703125,0.3347
21,21,248,16.372480392456055,228.81048583984375,855.096435546875,0.2811
21,21,249,17.219614028930664,228.67752075195312,856.2202758789062,0.2005
21,21,250,19.317068099975586,228.45321655273438,855.5274658203125,0.2624
21,21,251,22.783639907836914,227.97445678710938,855.4856567382812,0.2579
21,21,252,24.766862869262695,227.89401245117188,856.8910522460938,0.127
21,21,253,24.186832427978516,228.0261688232422,859.0765380859375,0.0937
21,21,254,23.476194381713867,228.3251953125,862.4601440429688,0.1578
21,21,255,25.015117645263672,228.56747436523438,865.0968627929688,0.364
21,21,256,27.754425048828125,228.57936096191406,864.5448608398438,0.2277
21,21,257,29.983478546142578,228.2855224609375,861.7808227539062,0.0329
21,21,258,31.686542510986328,228.0868682861328,859.8521728515625,0.1847
21,21,259,33.18463134765625,228.189453125,860.3511962890625,0.1769
21,21,260,36.003868103027344,228.22718811035156,861.9431762695312,0.2263
21,21,261,39.2691650390625,228.18959045410156,861.7630615234375,0.0693
21,21,262,38.067962646484375,228.1148681640625,858.3594360351562,0.1747
21,21,263,38.60395050048828,227.9370574951172,856.4683837890625,0.0693
21,21,264,38.65998458862305,227.7645721435547,854.4816284179688,0.137
21,21,265,35.78685760498047,227.79464721679688,853.1773681640625,0.1822
21,21,266,37.44445037841797,227.65573120117188,850.7706298828125,0.4477
21,21,267,38.475921630859375,227.62252807617188,847.5178833007812,0.7047
21,21,268,37.511192321777344,227.61209106445312,845.8416748046875,0.7035
21,21,269,34.894710540771484,227.58352661132812,845.5768432617188,0.5982
21,21,270,31.820131301879883,227.41921997070312,843.8486328125,0.412
21,21,271,31.363128662109375,227.2540283203125,841.3723754882812,0.3695
22,22,0,36.61335754394531,230.23727416992188,842.9603271484375,0.7138
22,22,1,34.523223876953125,230.00509643554688,840.2880249023438,0.6064
22,22,2,35.53215026855469,229.8287811279297,838.4752197265625,0.4825
22,22,3,35.18830871582031,229.60177612304688,836.5415649414062,0.3516
22,22,4,34.59361267089844,229.377685546875,834.5748901367188,0.2438
22,22,5,34.37343978881836,228.9459686279297,831.1923828125,0.1211
22,22,6,31.674758911132812,228.81959533691406,830.1759033203125,0.2669
22,22,7,29.051979064941406,229.145751953125,832.4268188476562,0.1504
22,22,8,27.864957809448242,229.5383758544922,835.1682739257812,0.2641
22,22,9,26.7822208404541,229.66397094726562,835.9580078125,0.3448
22,22,10,24.03266143798828,229.68814086914062,835.208251953125,0.2347
22,22,11,21.111129760742188,229.66983032226562,834.0664672851562,0.1313
22,22,12,20.05991554260254,229.62393188476562,833.8284301757812,0.0834
22,22,13,18.737699508666992,229.8992462158203,835.6058959960938,0.0443
22,22,14,15.361385345458984,229.96693420410156,836.4528198242188,0.1064
22,22,15,13.126975059509277,229.65121459960938,834.511962890625,0.3723
22,22,16,14.208105087280273,229.12490844726562,831.7154541015625,0.3221
22,22,17,16.854145050048828,228.71926879882812,829.2732543945312,0.2514
22,22,18,17.64667510986328,228.24209594726562,826.5442504882812,0.2793
22,22,19,15.156641006469727,227.72732543945312,824.78515625,0.1737
22,22,20,11.904988288879395,227.93492126464844,825.8411254882812,0.1382
22,22,21,10.487439155578613,228.37478637695312,827.3414306640625,0.1966
22,22,22,9.089118957519531,228.2059326171875,826.6088256835938,0.2051
22,22,23,6.442619800567627,227.79513549804688,824.7317504882812,0.3476
22,22,24,5.116424560546875,227.46585083007812,823.0198974609375,0.3227
22,22,25,4.451541900634766,227.5802001953125,823.3118896484375,0.323
22,22,26,1.4920604228973389,227.8251953125,823.58984375,0.1196
22,22,27,-1.3467625379562378,227.81146240234375,822.792236328125,0.263
22,22,28,-1.934522032737732,227.57400512695312,821.3917236328125,0.3715
22,22,29,-1.320136547088623,226.8958740234375,818.4532470703125,0.1303
22,22,30,-2.2348031997680664,226.32711791992188,815.1895751953125,0.131
22,22,31,-4.6841840744018555,226.39797973632812,814.4158935546875,0.1477
22,22,32,-7.0540690422058105,226.99050903320312,816.6419067382812,0.2566
22,22,33,-8.488247871398926,227.74258422851562,819.6060791015625,0.3223
22,22,34,-9.974478721618652,228.151123046875,820.671875,0.379
22,22,35,-12.393509864807129,228.05459594726562,819.4380493164062,0.3275
22,22,36,-14.465919494628906,228.3680419921875,819.6967163085938,0.2395
22,22,37,-15.867274284362793,229.06329345703125,821.079345703125,0.1055
22,22,38,-16.807086944580078,229.8724365234375,822.8270874023438,0.1152
22,22,39,-17.05518913269043,230.57630920410156,824.8087158203125,0.1035
22,22,40,-16.777223587036133,231.09434509277344,826.7720947265625,0.2522
22,22,41,-16.05108070373535,231.3118133544922,828.6088256835938,0.1064
22,22,42,-15.312491416931152,231.47967529296875,830.4541625976562,0.1419
22,22,43,-15.37444019317627,231.79856872558594,832.402099609375,0.1913
22,22,44,-16.476049423217773,232.2082061767578,834.02587890625,0.2306
22,22,45,-18.136369705200195,232.55239868164062,835.11572265625,0.1708
22,22,46,-19.943693161010742,232.74887084960938,835.960693359375,0.1485
22,22,47,-21.614469528198242,232.96148681640625,837.0418701171875,0.1927
22,22,48,-22.79781723022461,233.30079650878906,838.612060546875,0.2234
22,22,49,-23.136049270629883,233.5992431640625,840.543212890625,0.1747
22,22,50,-22.71332359313965,233.75474548339844,842.474853515625,0.0405
22,22,51,-21.950838088989258,233.8145294189453,844.31640625,0.0911
22,22,52,-21.33966636657715,233.83169555664062,846.2102661132812,0.1495
22,22,53,-21.285751342773438,233.88455200195312,848.1735229492188,0.264
22,22,54,-22.05971336364746,234.03387451171875,849.9581909179688,0.3942
22,22,55,-23.56723976135254,234.16046142578125,851.1968994140625,0.5466
22,22,56,-25.44169044494629,234.2710418701172,851.80810546875,0.5571
22,22,57,-27.420654296875,234.32711791992188,852.0382080078125,0.6446
22,22,58,-29.387069702148438,234.25303649902344,852.333984375,0.6308
22,22,59,-31.170841217041016,234.05322265625,853.147705078125,0.6551
22,22,60,-32.473114013671875,233.8198699951172,854.6069946289062,0.6505
22,22,61,-33.26084899902344,233.54991149902344,856.4277954101562,0.6426
22,22,62,-33.95582580566406,233.39508056640625,858.2978515625,0.4943
22,22,63,-34.92125701904297,233.26324462890625,860.0323486328125,0.4588
22,22,64,-36.202362060546875,233.28854370117188,861.5546875,0.3505
22,22,65,-37.58774948120117,233.36167907714844,862.9922485351562,0.2965
22,22,66,-38.886173248291016,233.43162536621094,864.5079956054688,0.3619
22,22,67,-40.227874755859375,233.54150390625,865.978271484375,0.3465
22,22,68,-41.8227653503418,233.59945678710938,867.1575927734375,0.2606
22,22,69,-43.61826705932617,233.68434143066406,868.0226440429688,0.2126
22,22,70,-45.41767120361328,233.7499237060547,868.8718872070312,0.2238
22,22,71,-46.95808410644531,233.89183044433594,870.1023559570312,0.211
22,22,72,-48.02725601196289,234.04135131835938,871.7615966796875,0.2119
22,22,73,-48.66933822631836,234.22674560546875,873.6477661132812,0.1854
22,22,74,-49.21451950073242,234.38111877441406,875.563232421875,0.1714
22,22,75,-50.107391357421875,234.4449005126953,877.3297119140625,0.1267
22,22,76,-51.528385162353516,234.59060668945312,878.7015991210938,0.19
22,22,77,-53.370853424072266,234.79115295410156,879.41455078125,0.2021
22,22,78,-55.345237731933594,235.05413818359375,879.32080078125,0.0809
22,22,79,-57.1197509765625,235.30908203125,878.4368896484375,0.2557
22,22,80,-58.48173904418945,235.50180053710938,876.9799194335938,0.2521
22,22,81,-59.471527099609375,235.68409729003906,875.2454223632812,0.3217
22,22,82,-60.5121955871582,235.90557861328125,873.5409545898438,0.5901
22,22,83,-61.813194274902344,236.07139587402344,872.0335083007812,0.6631
22,22,84,-63.58237838745117,236.26971435546875,871.2304077148438,0.5365
22,22,85,-65.53115844726562,236.39898681640625,871.103759765625,0.3029
22,22,86,-67.43224334716797,236.55517578125,871.5787353515625,0.2049
22,22,87,-69.09015655517578,236.61770629882812,872.6845092773438,0.1105
22,22,88,-69.92841339111328,236.747314453125,874.4971313476562,0.1928
22,22,89,-70.10929870605469,236.858154296875,876.4609985351562,0.2576
22,22,90,-70.23768615722656,236.91156005859375,878.4528198242188,0.3881
22,22,91,-70.7807388305664,237.0313720703125,880.3429565429688,0.5038
22,22,92,-72.15341186523438,237.1737823486328,881.6746215820312,0.682
22,22,93,-74.05255126953125,237.34432983398438,881.510986328125,0.7106
22,22,94,-75.45975494384766,237.4286346435547,880.0960083007812,0.6805
22,22,95,-76.57874298095703,237.45306396484375,878.4418334960938,0.804
22,22,96,-78.0712890625,237.53919982910156,877.1278686523438,0.745
22,22,97,-79.84275817871094,237.58653259277344,876.3079223632812,0.6113
22,22,98,-81.77521514892578,237.52890014648438,876.0953369140625,0.5485
22,22,99,-83.70841217041016,237.36392211914062,876.596435546875,0.4119
22,22,100,-85.30545806884766,237.23501586914062,877.7951049804688,0.3292
22,22,101,-86.78006744384766,237.107421875,879.1362915039062,0.2296
22,22,102,-88.25640869140625,236.94381713867188,880.4783935546875,0.1188
22,22,103,-89.70712280273438,236.82643127441406,881.843017578125,0.2188
22,22,104,-90.91373443603516,236.6475830078125,883.4172973632812,0.2592
22,22,105,-91.76274108886719,236.45260620117188,885.21484375,0.2074
22,22,106,-92.06294250488281,236.2978057861328,887.1892700195312,0.2666
22,22,107,-91.78802490234375,236.2156982421875,889.1534423828125,0.2421
22,22,108,-91.08642578125,236.2870330810547,890.9996337890625,0.1475
22,22,109,-89.99476623535156,236.4193115234375,892.6470947265625,0.0911
22,22,110,-88.52371215820312,236.572509765625,893.983642578125,0.0415
22,22,111,-86.72274780273438,236.689697265625,894.8455810546875,0.1802
22,22,112,-84.83541107177734,236.80404663085938,895.4954223632812,0.3014
22,22,113,-82.88684844970703,236.9296875,895.9281616210938,0.3296
22,22,114,-81.0331802368164,236.9635772705078,896.6672973632812,0.3779
22,22,115,-79.51049041748047,236.92405700683594,897.9577026367188,0.3567
22,22,116,-78.57465362548828,236.84292602539062,899.7219848632812,0.4052
22,22,117,-78.2543716430664,236.6966552734375,901.6921997070312,0.3951
22,22,118,-78.2369384765625,236.53250122070312,903.6873168945312,0.2901
22,22,119,-77.99869537353516,236.40673828125,905.6668090820312,0.1248
22,22,120,-77.14179229736328,236.23269653320312,907.44140625,0.1703
22,22,121,-75.51475524902344,236.15631103515625,908.5222778320312,0.1634
22,22,122,-73.57504272460938,236.08517456054688,908.9307250976562,0.1094
22,22,123,-71.5855712890625,236.01461791992188,909.0819091796875,0.1594
22,22,124,-69.6368408203125,235.86598205566406,909.4700927734375,0.193
22,22,125,-67.9352035522461,235.6501922607422,910.4446411132812,0.2116
22,22,126,-66.77893829345703,235.3582000732422,912.0230102539062,0.1979
22,22,127,-66.20266723632812,235.05015563964844,913.9127197265625,0.1308
22,22,128,-65.94278717041016,234.6776123046875,915.8903198242188,0.0738
22,22,129,-65.62435913085938,234.29055786132812,917.8508911132812,0.1413
22,22,130,-64.8084716796875,233.8889923095703,919.6244506835938,0.0538
22,22,131,-63.23982238769531,233.49620056152344,920.7151489257812,0.0459
22,22,132,-61.29563522338867,233.3614501953125,920.7114868164062,0.1657
22,22,133,-59.461849212646484,233.45033264160156,919.9496459960938,0.0305
22,22,134,-57.6826171875,233.54888916015625,919.0719604492188,0.1671
22,22,135,-55.74735641479492,233.5518035888672,918.7178344726562,0.2961
22,22,136,-53.82887268066406,233.3721160888672,919.1099853515625,0.3932
22,22,137,-52.1542854309082,233.20233154296875,920.1663208007812,0.1955
22,22,138,-50.675537109375,232.9351806640625,921.50830078125,0.071
22,22,139,-49.1461296081543,232.65585327148438,922.7879638671875,0.095
22,22,140,-47.40074157714844,232.40170288085938,923.7584838867188,0.1498
22,22,141,-45.4660530090332,232.22743225097656,924.2219848632812,0.1977
22,22,142,-43.57237243652344,232.178955078125,923.7842407226562,0.3659
22,22,143,-42.04598617553711,232.25912475585938,922.5963134765625,0.5672
22,22,144,-40.94667053222656,232.38584899902344,920.9481201171875,0.5769
22,22,145,-40.22758102416992,232.59619140625,919.1000366210938,0.5056
22,22,146,-39.9311637878418,232.81045532226562,917.1344604492188,0.2984
22,22,147,-40.03532028198242,233.02682495117188,915.141357421875,0.3797
22,22,148,-40.314292907714844,233.23196411132812,913.165771484375,0.493
22,22,149,-40.20195007324219,233.36062622070312,911.1766357421875,0.3938
22,22,150,-39.43336868286133,233.51837158203125,909.3385620117188,0.3175
22,22,151,-38.16349792480469,233.60626220703125,907.7979736328125,0.4147
22,22,152,-36.72897720336914,233.6265106201172,906.4098510742188,0.2557
22,22,153,-35.607791900634766,233.65576171875,904.760498046875,0.1828
22,22,154,-35.03231430053711,233.69105529785156,902.8493041992188,0.1425
22,22,155,-34.828460693359375,233.69854736328125,900.8626708984375,0.1598
22,22,156,-34.412330627441406,233.7098846435547,898.9094848632812,0.169
22,22,157,-33.55107879638672,233.7121124267578,897.1122436523438,0.1259
22,22,158,-32.243247985839844,233.69981384277344,895.6157836914062,0.0585
22,22,159,-30.599748611450195,233.67469787597656,894.5034790039062,0.1955
22,22,160,-28.746185302734375,233.6602783203125,893.7965087890625,0.2047
22,22,161,-26.785890579223633,233.49729919433594,893.4912719726562,0.2556
22,22,162,-24.80353546142578,233.35983276367188,893.5811157226562,0.2513
22,22,163,-22.877567291259766,233.22866821289062,894.062744140625,0.3114
22,22,164,-21.092050552368164,233.10394287109375,894.935302734375,0.2493
22,22,165,-19.546905517578125,232.94252014160156,896.1914672851562,0.0363
22,22,166,-18.367074966430664,232.73411560058594,897.8028564453125,0.147
22,22,167,-17.719051361083984,232.59786987304688,899.69140625,0.3542
22,22,168,-17.625272750854492,232.52188110351562,901.679931640625,0.3756
22,22,169,-17.982606887817383,232.4958038330078,903.6372680664062,0.4085
22,22,170,-18.52910041809082,232.42926025390625,905.5569458007812,0.4297
22,22,171,-18.82303237915039,232.3450927734375,907.521484375,0.4783
22,22,172,-18.54371452331543,232.2017822265625,909.4690551757812,0.3903
22,22,173,-17.634302139282227,232.0062713623047,911.2108764648438,0.1549
22,22,174,-16.22618865966797,231.7752685546875,912.587646484375,0.2731
22,22,175,-14.47040843963623,231.5218963623047,913.4758911132812,0.3644
22,22,176,-12.5328369140625,231.43902587890625,913.663330078125,0.3713
22,22,177,-10.704090118408203,231.50439453125,912.9564208984375,0.5495
22,22,178,-9.226147651672363,231.5988006591797,911.618896484375,0.5689
22,22,179,-7.975086212158203,231.68243408203125,910.062255859375,0.5524
22,22,180,-6.534200668334961,231.6705780029297,908.6798095703125,0.599
22,22,181,-4.773804187774658,231.6266326904297,907.7598876953125,0.5781
22,22,182,-2.8069543838500977,231.50440979003906,907.5765380859375,0.3516
22,22,183,-0.9205692410469055,231.30470275878906,908.1676635742188,0.2185
22,22,184,0.7255961298942566,231.04701232910156,909.2761840820312,0.2067
22,22,185,2.2557449340820312,230.6768341064453,910.557861328125,0.0652
22,22,186,3.9101223945617676,230.25946044921875,911.6542358398438,0.1341
22,22,187,5.783169269561768,229.93948364257812,912.2427978515625,0.1713
22,22,188,7.725229263305664,229.66522216796875,912.0780029296875,0.1159
22,22,189,9.353745460510254,229.5736846923828,911.0442504882812,0.2196
22,22,190,10.269739151000977,229.72032165527344,909.3369140625,0.2594
22,22,191,10.472314834594727,230.0030975341797,907.3748168945312,0.2043
22,22,192,10.239031791687012,230.3681640625,905.39501953125,0.3231
22,22,193,9.883713722229004,230.7906494140625,903.4339599609375,0.3381
22,22,194,9.877771377563477,231.06253051757812,901.4481811523438,0.2248
22,22,195,10.615212440490723,231.20480346679688,899.6148681640625,0.1307
22,22,196,11.536663055419922,231.3637237548828,897.0886840820312,0.2968
22,22,197,13.988287925720215,231.59552001953125,894.9818115234375,0.478
22,22,198,16.481229782104492,231.43240356445312,896.4985961914062,0.6013
22,22,199,17.690643310546875,230.93081665039062,899.9188232421875,0.3442
22,22,200,20.040788650512695,230.6035919189453,902.1229248046875,0.3142
22,22,201,22.731969833374023,230.89639282226562,900.6721801757812,0.5357
22,22,202,22.960355758666992,231.27874755859375,897.1649169921875,0.4303
22,22,203,21.742908477783203,231.47415161132812,895.0494384765625,0.5416
22,22,204,22.218425750732422,231.51243591308594,894.28515625,0.5797
22,22,205,24.156991958618164,231.6341552734375,892.0482788085938,0.6654
22,22,206,24.55133056640625,231.71389770507812,888.715087890625,0.487
22,22,207,22.62618064880371,231.7156982421875,887.2255859375,0.5805
22,22,208,19.558895111083984,231.79322814941406,888.1644287109375,0.5153
22,22,209,16.10527801513672,231.94070434570312,888.6701049804688,0.5172
22,22,210,14.210680961608887,232.0116729736328,886.4290771484375,0.5713
22,22,211,15.87951946258545,231.97531127929688,883.471435546875,0.4616
22,22,212,18.927854537963867,231.77491760253906,882.1302490234375,0.466
22,22,213,20.369915008544922,231.72117614746094,880.66015625,0.2656
22,22,214,19.237905502319336,231.80728149414062,877.9576416015625,0.1236
22,22,215,16.47653579711914,231.99737548828125,876.2041625976562,0.1494
22,22,216,15.054319381713867,232.13125610351562,875.8949584960938,0.1038
22,22,217,15.157355308532715,232.1385955810547,874.02099609375,0.078
22,22,218,14.692880630493164,232.07528686523438,870.6629028320312,0.1959
22,22,219,13.680534362792969,231.98094177246094,868.5578002929688,0.1461
22,22,220,11.758902549743652,232.0199432373047,868.7632446289062,0.0762
22,22,221,8.397839546203613,232.24501037597656,869.2779541015625,0.2213
22,22,222,5.616247177124023,232.3462371826172,867.9028930664062,0.4202
22,22,223,5.842796802520752,232.0804901123047,865.2156982421875,0.4348
22,22,224,8.567082405090332,231.7371063232422,863.0305786132812,0.1135
22,22,225,10.98318099975586,231.62049865722656,861.7876586914062,0.1932
22,22,226,11.142451286315918,231.6977081298828,860.2199096679688,0.1416
22,22,227,9.855124473571777,231.98252868652344,857.3134155273438,0.1796
22,22,228,9.590242385864258,232.09397888183594,854.02490234375,0.1106
22,22,229,11.636995315551758,231.92919921875,852.5317993164062,0.1561
22,22,230,14.717899322509766,231.66366577148438,853.8053588867188,0.3631
22,22,231,16.732772827148438,231.42214965820312,856.0851440429688,0.2944
22,22,232,17.763608932495117,231.29202270507812,856.6126708984375,0.3052
22,22,233,20.019746780395508,231.09954833984375,855.3953857421875,0.1373
22,22,234,23.445003509521484,230.7086181640625,855.0447387695312,0.1003
22,22,235,25.23954963684082,230.63400268554688,856.3780517578125,0.2473
22,22,236,24.76908302307129,230.76463317871094,858.9503784179688,0.2537
22,22,237,24.592443466186523,231.05223083496094,862.4813232421875,0.1628
22,22,238,26.584796905517578,231.26223754882812,864.5687255859375,0.3319
22,22,239,29.292530059814453,231.13328552246094,863.3197021484375,0.2488
22,22,240,30.980649948120117,230.8677215576172,860.2919311523438,0.1083
22,22,241,31.940763473510742,230.7265167236328,858.3323974609375,0.0311
22,22,242,33.89577865600586,230.83364868164062,858.6511840820312,0.1449
22,22,243,37.2426643371582,230.9154815673828,859.5026245117188,0.059
22,22,244,40.1236686706543,230.77053833007812,858.1273193359375,0.0459
22,22,245,39.88645935058594,230.58340454101562,855.3630981445312,0.1584
22,22,246,37.11705780029297,230.5420379638672,853.2572021484375,0.2884
22,22,247,34.69239044189453,230.54624938964844,852.216796875,0.3627
22,22,248,34.422584533691406,230.47598266601562,850.7326049804688,0.4027
22,22,249,35.44084930419922,230.44708251953125,847.7339477539062,0.5575
22,22,250,36.74113082885742,230.39695739746094,845.3333129882812,0.5826
22,22,251,36.59349060058594,230.35211181640625,844.551513671875,0.5675
22,22,252,34.864105224609375,230.18040466308594,842.4156494140625,0.6141
23,23,0,33.86185836791992,233.02813720703125,842.2985229492188,0.7908
23,23,1,36.72376251220703,232.93589782714844,840.3352661132812,0.8946
23,23,2,36.903846740722656,232.67800903320312,837.6065063476562,0.684
23,23,3,33.953826904296875,232.48928833007812,836.18115234375,0.4928
23,23,4,30.718292236328125,232.5949249267578,836.7422485351562,0.4629
23,23,5,29.20581817626953,232.62283325195312,836.8721923828125,0.5498
23,23,6,28.355241775512695,232.4324188232422,834.8135375976562,0.4538
23,23,7,25.7971134185791,232.2736053466797,832.4821166992188,0.2993
23,23,8,23.20611000061035,232.38671875,832.492431640625,0.1976
23,23,9,22.39929962158203,232.63482666015625,834.6741333007812,0.4225
23,23,10,21.165477752685547,232.966552734375,837.9346923828125,0.4351
23,23,11,18.160064697265625,233.19790649414062,839.2125244140625,0.1426
23,23,12,16.134838104248047,232.92575073242188,836.7395629882812,0.131
23,23,13,17.144454956054688,232.41470336914062,833.3147583007812,0.2593
23,23,14,18.384599685668945,232.09512329101562,830.9451904296875,0.3633
23,23,15,17.04180145263672,231.76925659179688,829.1876220703125,0.4132
23,23,16,13.706140518188477,231.66970825195312,828.4466552734375,0.4481
23,23,17,11.17392349243164,231.72885131835938,828.6673583984375,0.2089
23,23,18,10.660889625549316,231.62339782714844,828.0220947265625,0.1833
23,23,19,9.357239723205566,231.012451171875,825.4168701171875,0.1603
23,23,20,6.842110633850098,230.6900634765625,823.4254150390625,0.212
23,23,21,5.461617946624756,230.82774353027344,823.7542724609375,0.303
23,23,22,3.750239372253418,231.27383422851562,825.7379150390625,0.2102
23,23,23,0.3853505253791809,231.43994140625,825.8427124023438,0.4252
23,23,24,-1.0506384372711182,231.21385192871094,824.2649536132812,0.4179
23,23,25,-0.359078586101532,230.74542236328125,821.5674438476562,0.252
23,23,26,0.238091841340065,230.02804565429688,818.090087890625,0.2166
23,23,27,-1.4704047441482544,229.77247619628906,815.86865234375,0.2797
23,23,28,-4.452125072479248,230.15225219726562,816.8532104492188,0.3312
23,23,29,-6.578883171081543,230.76559448242188,819.554443359375,0.5094
23,23,30,-7.940732955932617,231.1494140625,821.0195922851562,0.5942
23,23,31,-9.932015419006348,231.1636962890625,820.0889892578125,0.5896
23,23,32,-13.00914478302002,231.01919555664062,818.4622192382812,0.6372
23,23,33,-13.859313011169434,231.69717407226562,820.8302612304688,0.506
23,23,34,-15.203258514404297,232.31472778320312,822.2853393554688,0.2923
23,23,35,-15.990610122680664,232.98867797851562,824.1218872070312,0.0268
23,23,36,-16.17760467529297,233.53004455566406,826.0968017578125,0.3042
23,23,37,-15.814685821533203,233.86465454101562,828.028076171875,0.1663
23,23,38,-15.270537376403809,234.07521057128906,829.9488525390625,0.102
23,23,39,-15.283212661743164,234.32635498046875,831.9111938476562,0.2587
23,23,40,-16.219940185546875,234.69650268554688,833.6246337890625,0.2906
23,23,41,-17.789976119995117,235.01333618164062,834.8245239257812,0.33
23,23,42,-19.57444953918457,235.19520568847656,835.714599609375,0.2143
23,23,43,-21.271570205688477,235.37274169921875,836.7559204101562,0.0764
23,23,44,-22.54877281188965,235.63429260253906,838.2478637695312,0.1956
23,23,45,-23.03706932067871,235.898681640625,840.1380615234375,0.1344
23,23,46,-22.740203857421875,236.0604705810547,842.0867309570312,0.0512
23,23,47,-22.0456600189209,236.13168334960938,843.9547729492188,0.0929
23,23,48,-21.43864631652832,236.16310119628906,845.85107421875,0.2168
23,23,49,-21.338237762451172,236.20675659179688,847.8140258789062,0.2869
23,23,50,-22.026634216308594,236.32659912109375,849.6348266601562,0.4014
23,23,51,-23.455202102661133,236.4454345703125,850.9624633789062,0.4097
23,23,52,-25.292518615722656,236.53399658203125,851.6758422851562,0.558
23,23,53,-27.263296127319336,236.58575439453125,851.9735717773438,0.6635
23,23,54,-29.231929779052734,236.53211975097656,852.2662353515625,0.5699
23,23,55,-31.041893005371094,236.37220764160156,853.031494140625,0.6231
23,23,56,-32.40944290161133,236.1663818359375,854.4359130859375,0.5727
23,23,57,-33.26485061645508,235.9409942626953,856.2283325195312,0.5109
23,23,58,-33.9752197265625,235.7965087890625,858.0934448242188,0.4818
23,23,59,-34.93812942504883,235.68441772460938,859.8313598632812,0.4735
23,23,60,-36.221412658691406,235.70094299316406,861.3548583984375,0.3534
23,23,61,-37.61858367919922,235.76239013671875,862.7816162109375,0.3822
23,23,62,-38.90584945678711,235.81948852539062,864.30810546875,0.4445
23,23,63,-40.19766616821289,235.91456604003906,865.8250732421875,0.3995
23,23,64,-41.73775863647461,235.9580535888672,867.0794677734375,0.2074
23,23,65,-43.49554443359375,236.02951049804688,868.0225219726562,0.342
23,23,66,-45.27583312988281,236.08059692382812,868.9146118164062,0.2336
23,23,67,-46.808837890625,236.1995849609375,870.1632690429688,0.2742
23,23,68,-47.90822982788086,236.3309326171875,871.813720703125,0.3066
23,23,69,-48.63289260864258,236.49569702148438,873.6741943359375,0.2411
23,23,70,-49.28346633911133,236.63336181640625,875.5570678710938,0.1066
23,23,71,-50.32500076293945,236.69442749023438,877.247802734375,0.0654
23,23,72,-51.8828239440918,236.83303833007812,878.4791259765625,0.1882
23,23,73,-53.79237747192383,237.00486755371094,879.0316772460938,0.1309
23,23,74,-55.77326583862305,237.24407958984375,878.8192138671875,0.191
23,23,75,-57.545562744140625,237.46839904785156,877.8963012695312,0.3059
23,23,76,-58.96354293823242,237.67030334472656,876.4916381835938,0.2969
23,23,77,-60.212974548339844,237.92347717285156,874.9352416992188,0.3795
23,23,78,-61.589298248291016,238.108642578125,873.4967651367188,0.4613
23,23,79,-63.23626708984375,238.26171875,872.4465942382812,0.3543
23,23,80,-65.15210723876953,238.35418701171875,872.0617065429688,0.4025
23,23,81,-67.09160614013672,238.4923858642578,872.5075073242188,0.2343
23,23,82,-68.59390258789062,238.56431579589844,873.8250122070312,0.0538
23,23,83,-69.3481674194336,238.69786071777344,875.6415405273438,0.1257
23,23,84,-69.74937438964844,238.7655029296875,877.5916137695312,0.2772
23,23,85,-70.24092102050781,238.8218994140625,879.5159301757812,0.451
23,23,86,-71.22949981689453,238.9561767578125,881.2033081054688,0.5641
23,23,87,-72.91282653808594,239.10791015625,882.0776977539062,0.6831
23,23,88,-74.7359619140625,239.22238159179688,881.523681640625,0.738
23,23,89,-76.179931640625,239.319091796875,880.1683349609375,0.6465
23,23,90,-77.74100494384766,239.3634033203125,878.9386596679688,0.6264
23,23,91,-79.53994750976562,239.38197326660156,878.1671752929688,0.5839
23,23,92,-81.49811553955078,239.30087280273438,877.9766845703125,0.3919
23,23,93,-83.44638061523438,239.15870666503906,878.4205932617188,0.2909
23,23,94,-85.23359680175781,239.01919555664062,879.3134155273438,0.2391
23,23,95,-86.78006744384766,238.90830993652344,880.5596923828125,0.2381
23,23,96,-88.15833282470703,238.76170349121094,882.0030517578125,0.0813
23,23,97,-89.24198150634766,238.60610961914062,883.6618041992188,0.1367
23,23,98,-89.94371032714844,238.4353485107422,885.5115356445312,0.1784
23,23,99,-90.23075103759766,238.2752685546875,887.4815673828125,0.165
23,23,100,-89.975830078125,238.23744201660156,889.4634399414062,0.1899
23,23,101,-89.24893188476562,238.36077880859375,891.3143920898438,0.177
23,23,102,-88.22480773925781,238.4923553466797,893.0248413085938,0.1775
23,23,103,-86.73081970214844,238.60775756835938,894.3232421875,0.2358
23,23,104,-84.9823989868164,238.70579528808594,895.2780151367188,0.3475
23,23,105,-83.13153076171875,238.7984619140625,896.0252075195312,0.315
23,23,106,-81.3514175415039,238.82046508789062,896.91845703125,0.3034
23,23,107,-79.85964965820312,238.79006958007812,898.210693359375,0.3241
23,23,108,-78.84313201904297,238.71923828125,899.8970947265625,0.4095
23,23,109,-78.30330657958984,238.60549926757812,901.8053588867188,0.4041
23,23,110,-78.09815979003906,238.47264099121094,903.7903442382812,0.3256
23,23,111,-77.86231231689453,238.35891723632812,905.7532958984375,0.1832
23,23,112,-76.8503189086914,238.2254180908203,907.3950805664062,0.2311
23,23,113,-75.12763214111328,238.15843200683594,908.332275390625,0.1961
23,23,114,-73.18091583251953,238.10060119628906,908.7459106445312,0.1414
23,23,115,-71.20963287353516,238.02012634277344,909.0488891601562,0.1914
23,23,116,-69.33649444580078,237.86866760253906,909.681884765625,0.2429
23,23,117,-67.78810119628906,237.66860961914062,910.89453125,0.1167
23,23,118,-66.7872314453125,237.40234375,912.6014404296875,0.2756
23,23,119,-66.26437377929688,237.12954711914062,914.5277709960938,0.1432
23,23,120,-65.94195556640625,236.79159545898438,916.4989013671875,0.1917
23,23,121,-65.29871368408203,236.44110107421875,918.3907470703125,0.2108
23,23,122,-64.06637573242188,236.08888244628906,919.9525756835938,0.2008
23,23,123,-62.19249725341797,235.82632446289062,920.576416015625,0.2819
23,23,124,-60.26463317871094,235.82801818847656,920.0653076171875,0.2911
23,23,125,-58.48180389404297,235.92996215820312,919.165283203125,0.1595
23,23,126,-56.558414459228516,235.95098876953125,918.6412353515625,0.3249
23,23,127,-54.58604049682617,235.8806915283203,918.734130859375,0.364
23,23,128,-52.758941650390625,235.72393798828125,919.4683837890625,0.2892
23,23,129,-51.156681060791016,235.51907348632812,920.6409912109375,0.1257
23,23,130,-49.56022262573242,235.30191040039062,921.83251953125,0.1974
23,23,131,-47.76446533203125,235.095703125,922.661865234375,0.2195
23,23,132,-45.814842224121094,234.96302795410156,922.9505615234375,0.1753
23,23,133,-43.92302322387695,234.9230499267578,922.51123046875,0.2815
23,23,134,-42.33292770385742,234.96995544433594,921.3336181640625,0.4249
23,23,135,-41.119384765625,235.05934143066406,919.762939453125,0.4368
23,23,136,-40.371334075927734,235.2362060546875,917.917724609375,0.2813
23,23,137,-40.142677307128906,235.40713500976562,915.93310546875,0.2373
23,23,138,-40.2677116394043,235.5797882080078,913.9387817382812,0.2239
23,23,139,-40.16783905029297,235.69859313964844,911.94384765625,0.1468
23,23,140,-39.560951232910156,235.83566284179688,910.04736328125,0.3145
23,23,141,-38.43928146362305,235.9381866455078,908.40380859375,0.3879
23,23,142,-37.0687255859375,235.96978759765625,906.9527587890625,0.3406
23,23,143,-35.8922233581543,235.99722290039062,905.341796875,0.1768
23,23,144,-35.1602897644043,236.03179931640625,903.4923095703125,0.2212
23,23,145,-34.770591735839844,236.04156494140625,901.536376953125,0.3208
23,23,146,-34.236610412597656,236.0491485595703,899.613525390625,0.2476
23,23,147,-33.30462646484375,236.05435180664062,897.8603515625,0.2557
23,23,148,-31.952899932861328,236.04183959960938,896.4130859375,0.2084
23,23,149,-30.280288696289062,236.00128173828125,895.3521728515625,0.2095
23,23,150,-28.40726661682129,235.94296264648438,894.7012939453125,0.0723
23,23,151,-26.436769485473633,235.8391876220703,894.4588012695312,0.0994
23,23,152,-24.455535888671875,235.714599609375,894.6205444335938,0.1378
23,23,153,-22.547422409057617,235.60643005371094,895.1906127929688,0.1048
23,23,154,-20.810386657714844,235.47129821777344,896.1767578125,0.1182
23,23,155,-19.41181182861328,235.31149291992188,897.6039428710938,0.189
23,23,156,-18.482938766479492,235.17559814453125,899.3654174804688,0.2327
23,23,157,-18.11713981628418,235.0852508544922,901.3174438476562,0.5237
23,23,158,-18.245269775390625,235.0329132080078,903.3006591796875,0.5894
23,23,159,-18.582250595092773,234.97500610351562,905.26904296875,0.5276
23,23,160,-18.700613021850586,234.8921661376953,907.2523803710938,0.5137
23,23,161,-18.284265518188477,234.7646942138672,909.1765747070312,0.4
23,23,162,-17.26253318786621,234.600341796875,910.8560180664062,0.2089
23,23,163,-15.750161170959473,234.43019104003906,912.116455078125,0.1883
23,23,164,-13.912156105041504,234.2494659423828,912.8168334960938,0.2541
23,23,165,-11.958211898803711,234.2030029296875,912.7814331054688,0.2894
23,23,166,-10.143211364746094,234.23800659179688,911.9824829101562,0.3857
23,23,167,-8.55736255645752,234.30055236816406,910.7688598632812,0.3667
23,23,168,-7.091508865356445,234.30169677734375,909.4114990234375,0.347
23,23,169,-5.394335746765137,234.2670135498047,908.3568725585938,0.3212
23,23,170,-3.4409778118133545,234.17330932617188,907.9570922851562,0.2616
23,23,171,-1.488767385482788,234.02130126953125,908.3634033203125,0.1307
23,23,172,0.2449268400669098,233.8001251220703,909.3502807617188,0.0336
23,23,173,1.8486539125442505,233.49742126464844,910.5398559570312,0.1076
23,23,174,3.58801007270813,233.15512084960938,911.5125732421875,0.3262
23,23,175,5.5048723220825195,232.8810577392578,911.9918212890625,0.3319
23,23,176,7.452619552612305,232.65481567382812,911.7697143554688,0.3072
23,23,177,9.08236026763916,232.57037353515625,910.718505859375,0.312
23,23,178,10.023831367492676,232.70297241210938,909.0183715820312,0.3294
23,23,179,10.284326553344727,232.9401092529297,907.0640869140625,0.3146
23,23,180,10.12972354888916,233.25790405273438,905.0776977539062,0.2972
23,23,181,9.91493034362793,233.59628295898438,903.0961303710938,0.3559
23,23,182,9.16943073272705,233.89715576171875,900.8779907226562,0.1955
23,23,183,12.38912582397461,233.73622131347656,900.5872192382812,0.0525
23,23,184,13.705349922180176,233.64083862304688,900.9533081054688,0.0984
23,23,185,14.509916305541992,233.8066864013672,899.1785888671875,0.2329
23,23,186,16.63789939880371,234.10411071777344,896.5150146484375,0.5686
23,23,187,18.578760147094727,234.24215698242188,895.381591796875,0.5119
23,23,188,19.956064224243164,234.06610107421875,896.6451416015625,0.5406
23,23,189,22.894275665283203,233.87570190429688,898.2759399414062,0.5222
23,23,190,26.064010620117188,233.91259765625,897.0253295898438,0.2728
23,23,191,25.644550323486328,234.1764373779297,893.7794799804688,0.3312
23,23,192,22.3104190826416,234.27308654785156,892.4639892578125,0.5043
23,23,193,19.6854190826416,234.3321533203125,892.3735961914062,0.4446
23,23,194,18.844253540039062,234.3770751953125,890.8583374023438,0.4681
23,23,195,19.113853454589844,234.45286560058594,887.5974731445312,0.4793
23,23,196,19.887434005737305,234.39727783203125,884.934326171875,0.4582
23,23,197,19.355375289916992,234.39913940429688,883.9798583984375,0.4022
23,23,198,16.87671661376953,234.52801513671875,882.5205078125,0.3121
23,23,199,14.930371284484863,234.64059448242188,879.8323974609375,0.1205
23,23,200,15.324965476989746,234.6569061279297,878.0117797851562,0.0751
23,23,201,17.79599952697754,234.53665161132812,876.76220703125,0.155
23,23,202,19.728750228881836,234.39964294433594,873.7775268554688,0.3564
23,23,203,18.381717681884766,234.46902465820312,871.1112060546875,0.218
23,23,204,15.236773490905762,234.65737915039062,871.4238891601562,0.3324
23,23,205,12.028529167175293,234.8311767578125,873.0101928710938,0.246
23,23,206,9.340739250183105,234.94387817382812,872.4130249023438,0.29
23,23,207,8.96886920928955,234.78688049316406,869.3804931640625,0.1823
23,23,208,10.780119895935059,234.42236328125,866.4246826171875,0.1695
23,23,209,11.940133094787598,234.29054260253906,864.7239990234375,0.4021
23,23,210,10.687082290649414,234.26658630371094,863.1546020507812,0.2353
23,23,211,8.340047836303711,234.39064025878906,860.6287841796875,0.1809
23,23,212,7.6400465965271,234.637451171875,857.7677612304688,0.0753
23,23,213,9.775476455688477,234.62225341796875,856.2431030273438,0.0353
23,23,214,13.23388671875,234.39926147460938,856.684814453125,0.2232
23,23,215,15.621012687683105,234.21652221679688,857.5751342773438,0.2361
23,23,216,16.64386749267578,234.11080932617188,856.6790771484375,0.2
23,23,217,18.37432289123535,233.9278564453125,854.0595092773438,0.3662
23,23,218,21.42163848876953,233.63641357421875,852.711181640625,0.1903
23,23,219,23.27188491821289,233.4869842529297,854.1566162109375,0.1279
23,23,220,23.470558166503906,233.49314880371094,857.3556518554688,0.1179
23,23,221,23.99473762512207,233.66082763671875,860.7271728515625,0.1772
23,23,222,26.32733726501465,233.7418670654297,861.8380126953125,0.1947
23,23,223,28.918670654296875,233.56063842773438,859.8865966796875,0.4051
23,23,224,30.333057403564453,233.35870361328125,857.071044921875,0.1861
23,23,225,31.23530387878418,233.33462524414062,855.903564453125,0.1444
23,23,226,33.68427658081055,233.47250366210938,856.5677490234375,0.1023
23,23,227,37.287498474121094,233.51580810546875,856.6322021484375,0.1261
23,23,228,36.16658401489258,233.39138793945312,853.7955932617188,0.1844
23,23,229,37.56401062011719,233.28805541992188,851.7418823242188,0.3684
23,23,230,34.37555694580078,233.2803192138672,850.4326782226562,0.3605
23,23,231,32.24851608276367,233.2598114013672,849.3541259765625,0.3329
23,23,232,32.642982482910156,233.23818969726562,846.7246704101562,0.5289
23,23,233,35.11144256591797,233.1568603515625,844.2929077148438,0.8161
23,23,234,37.1130256652832,233.07766723632812,842.7449340820312,0.8221
24,24,0,32.262237548828125,235.8848876953125,842.5117797851562,0.5425
24,24,1,35.059974670410156,235.76681518554688,840.4100341796875,0.6269
24,24,2,35.3651008605957,235.55673217773438,837.6036987304688,0.5227
24,24,3,32.39052200317383,235.4449920654297,836.2576904296875,0.5589
24,24,4,29.1423397064209,235.55703735351562,837.0894165039062,0.4184
24,24,5,27.640295028686523,235.6295166015625,837.6096801757812,0.3891
24,24,6,26.574161529541016,235.5157470703125,835.9329833984375,0.3748
24,24,7,24.02008819580078,235.41244506835938,833.6925048828125,0.4761
24,24,8,21.71735382080078,235.41004943847656,833.060791015625,0.2291
24,24,9,20.638927459716797,235.5784454345703,834.6580810546875,0.296
24,24,10,18.446828842163086,235.84579467773438,837.2400512695312,0.4754
24,24,11,15.10609245300293,235.80577087402344,837.1779174804688,0.298
24,24,12,14.29010009765625,235.476806640625,834.4248046875,0.2114
24,24,13,15.99892807006836,235.06942749023438,831.3250732421875,0.3362
24,24,14,16.859272003173828,234.72808837890625,828.3134765625,0.3493
24,24,15,14.848249435424805,234.49649047851562,826.5869140625,0.3212
24,24,16,11.499835968017578,234.598388671875,827.4317626953125,0.2732
24,24,17,9.395010948181152,234.8985137939453,829.2249145507812,0.1509
24,24,18,8.160221099853516,234.9141845703125,829.2083740234375,0.2006
24,24,19,5.867561340332031,234.64102172851562,827.3030395507812,0.3726
24,24,20,4.819382190704346,234.2324981689453,824.7600708007812,0.2955
24,24,21,4.581483364105225,234.1387176513672,824.0639038085938,0.3394
24,24,22,1.9962186813354492,234.20704650878906,823.792236328125,0.415
24,24,23,-1.2268948554992676,234.27346801757812,823.5596923828125,0.4414
24,24,24,-2.6019043922424316,234.2993927001953,823.06396484375,0.4297
24,24,25,-2.78083872795105,233.96630859375,820.7340087890625,0.5091
24,24,26,-4.155032157897949,233.55209350585938,817.5484619140625,0.5252
24,24,27,-6.5938029289245605,233.55596923828125,816.4475708007812,0.5699
24,24,28,-8.556367874145508,233.9486083984375,818.4129028320312,0.7819
24,24,29,-9.772208213806152,234.57005310058594,821.595947265625,0.5492
24,24,30,-10.477489471435547,234.96817016601562,823.5585327148438,0.4243
24,24,31,-13.601572036743164,235.05856323242188,822.2178344726562,0.3918
24,24,32,-14.828226089477539,235.58294677734375,823.7540893554688,0.1948
24,24,33,-15.552864074707031,236.10415649414062,825.6113891601562,0.1377
24,24,34,-15.47242546081543,236.45755004882812,827.59912109375,0.1218
24,24,35,-15.154903411865234,236.69149780273438,829.5640258789062,0.1411
24,24,36,-15.229680061340332,236.9059295654297,831.5347290039062,0.2396
24,24,37,-16.06110191345215,237.2162628173828,833.3031005859375,0.2602
24,24,38,-17.528181076049805,237.4923095703125,834.6097412109375,0.3458
24,24,39,-19.2746524810791,237.6641845703125,835.55615234375,0.3057
24,24,40,-20.988861083984375,237.8059844970703,836.5632934570312,0.1698
24,24,41,-22.342321395874023,238.00503540039062,837.97900390625,0.1722
24,24,42,-22.94339370727539,238.2324981689453,839.824951171875,0.1878
24,24,43,-22.74334144592285,238.3813018798828,841.7775268554688,0.0674
24,24,44,-22.114164352416992,238.45428466796875,843.6636352539062,0.1315
24,24,45,-21.533111572265625,238.49252319335938,845.5628051757812,0.1954
24,24,46,-21.427730560302734,238.5313262939453,847.5222778320312,0.2781
24,24,47,-22.07483673095703,238.62994384765625,849.3577880859375,0.315
24,24,48,-23.4455623626709,238.73468017578125,850.743896484375,0.4736
24,24,49,-25.24401092529297,238.8016815185547,851.544677734375,0.6324
24,24,50,-27.198362350463867,238.84490966796875,851.9178466796875,0.7141
24,24,51,-29.159269332885742,238.80299377441406,852.233154296875,0.6158
24,24,52,-30.973913192749023,238.67303466796875,852.9913940429688,0.5022
24,24,53,-32.37255096435547,238.49920654296875,854.3709716796875,0.5047
24,24,54,-33.27136993408203,238.31460571289062,856.14111328125,0.4691
24,24,55,-33.98431396484375,238.18955993652344,858.0,0.5041
24,24,56,-34.94343185424805,238.09677124023438,859.7373046875,0.3633
24,24,57,-36.233489990234375,238.10879516601562,861.251953125,0.3563
24,24,58,-37.66464614868164,238.16131591796875,862.637939453125,0.2333
24,24,59,-38.97085952758789,238.20901489257812,864.142333984375,0.3215
24,24,60,-40.222389221191406,238.28907775878906,865.6891479492188,0.0812
24,24,61,-41.70932388305664,238.32101440429688,867.0054931640625,0.1854
24,24,62,-43.42622375488281,238.37777709960938,868.015625,0.3142
24,24,63,-45.18050003051758,238.41787719726562,868.9483032226562,0.3216
24,24,64,-46.65496063232422,238.51039123535156,870.2636108398438,0.1864
24,24,65,-47.66918182373047,238.61766052246094,871.970458984375,0.2047
24,24,66,-48.412349700927734,238.7513427734375,873.819091796875,0.0982
24,24,67,-49.3321418762207,238.88470458984375,875.581787109375,0.2466
24,24,68,-50.63678741455078,238.94363403320312,877.0863037109375,0.2899
24,24,69,-52.346405029296875,239.07241821289062,878.1118774414062,0.2179
24,24,70,-54.2984504699707,239.21810913085938,878.4966430664062,0.2613
24,24,71,-56.25342559814453,239.41302490234375,878.1575317382812,0.3684
24,24,72,-57.9814453125,239.60916137695312,877.18798828125,0.483
24,24,73,-59.490272521972656,239.82957458496094,875.8952026367188,0.5379
24,24,74,-61.039791107177734,240.0889434814453,874.6461181640625,0.4548
24,24,75,-62.784847259521484,240.25001525878906,873.7681884765625,0.4949
24,24,76,-64.72433471679688,240.34735107421875,873.5591430664062,0.5448
24,24,77,-66.58341979980469,240.45606994628906,874.1900634765625,0.3849
24,24,78,-67.91162872314453,240.52511596679688,875.672119140625,0.1377
24,24,79,-68.89366149902344,240.6352996826172,877.406982421875,0.1465
24,24,80,-69.6648941040039,240.67921447753906,879.2454223632812,0.3524
24,24,81,-70.70965576171875,240.79165649414062,880.9402465820312,0.5195
24,24,82,-72.22786712646484,240.89752197265625,882.20556640625,0.6045
24,24,83,-74.15995788574219,241.04522705078125,882.5814208984375,0.6224
24,24,84,-76.0101547241211,241.13165283203125,881.8590087890625,0.6998
24,24,85,-77.60418701171875,241.17288208007812,880.6649780273438,0.6398
24,24,86,-79.43254089355469,241.17523193359375,879.8702392578125,0.4952
24,24,87,-81.38771057128906,241.10342407226562,879.5841674804688,0.4501
24,24,88,-83.31754302978516,240.9630584716797,879.8470458984375,0.3827
24,24,89,-85.12112426757812,240.83154296875,880.64892578125,0.3992
24,24,90,-86.62467193603516,240.71910095214844,881.9580688476562,0.2147
24,24,91,-87.77242279052734,240.58395385742188,883.5752563476562,0.0348
24,24,92,-88.59175109863281,240.4539794921875,885.3699951171875,0.0912
24,24,93,-88.97980499267578,240.3211669921875,887.30029296875,0.2423
24,24,94,-88.76898956298828,240.2869110107422,889.2801513671875,0.2195
24,24,95,-88.26457977294922,240.36587524414062,891.2089233398438,0.3324
24,24,96,-87.3550796508789,240.48220825195312,892.9821166992188,0.231
24,24,97,-85.97498321533203,240.57525634765625,894.4066772460938,0.2365
24,24,98,-84.37296295166016,240.63665771484375,895.5905151367188,0.2299
24,24,99,-82.57605743408203,240.69232177734375,896.4529418945312,0.3131
24,24,100,-80.88463592529297,240.69061279296875,897.5076293945312,0.3554
24,24,101,-79.49646759033203,240.65341186523438,898.9322509765625,0.2826
24,24,102,-78.54651641845703,240.58645629882812,900.674072265625,0.2864
24,24,103,-78.01383209228516,240.48651123046875,902.5858154296875,0.2357
24,24,104,-77.66877746582031,240.38079833984375,904.5482788085938,0.1888
24,24,105,-77.0507583618164,240.27105712890625,906.4273071289062,0.1765
24,24,106,-75.75228118896484,240.1871337890625,907.8673095703125,0.1464
24,24,107,-73.95755767822266,240.119873046875,908.6708374023438,0.1173
24,24,108,-72.01284790039062,240.05911254882812,909.0846557617188,0.1784
24,24,109,-70.0903091430664,239.95851135253906,909.584716796875,0.1732
24,24,110,-68.39767456054688,239.809326171875,910.5731201171875,0.1198
24,24,111,-67.22283172607422,239.59927368164062,912.1333618164062,0.1829
24,24,112,-66.5696792602539,239.37535095214844,914.0015258789062,0.3101
24,24,113,-66.06403350830078,239.09722900390625,915.9285888671875,0.2426
24,24,114,-65.3194351196289,238.81027221679688,917.759033203125,0.2831
24,24,115,-64.01642608642578,238.55255126953125,919.17919921875,0.3486
24,24,116,-62.141109466552734,238.34327697753906,919.6294555664062,0.5322
24,24,117,-60.196537017822266,238.3287353515625,919.2334594726562,0.3968
24,24,118,-58.31801986694336,238.36715698242188,918.5718383789062,0.3273
24,24,119,-56.375450134277344,238.37249755859375,918.1536254882812,0.4342
24,24,120,-54.39799118041992,238.3153839111328,918.3548583984375,0.4918
24,24,121,-52.59729766845703,238.16477966308594,919.2083740234375,0.422
24,24,122,-50.98905563354492,237.97509765625,920.3865356445312,0.3723
24,24,123,-49.25662612915039,237.81224060058594,921.371826171875,0.314
24,24,124,-47.345245361328125,237.66339111328125,921.9086303710938,0.2039
24,24,125,-45.373016357421875,237.5928497314453,921.8219604492188,0.1297
24,24,126,-43.525508880615234,237.58050537109375,921.1318359375,0.0511
24,24,127,-41.9710807800293,237.60166931152344,919.9222412109375,0.121
24,24,128,-40.858734130859375,237.70526123046875,918.30029296875,0.1055
24,24,129,-40.26361846923828,237.82476806640625,916.4207153320312,0.1437
24,24,130,-40.078243255615234,237.96376037597656,914.44189453125,0.0814
24,24,131,-39.95050811767578,238.08087158203125,912.4570922851562,0.0853
24,24,132,-39.47119140625,238.1815948486328,910.5391845703125,0.2012
24,24,133,-38.525360107421875,238.28070068359375,908.7979736328125,0.2936
24,24,134,-37.281005859375,238.32530212402344,907.241455078125,0.2864
24,24,135,-36.08968734741211,238.34695434570312,905.6574096679688,0.2354
24,24,136,-35.30350875854492,238.37962341308594,903.8377685546875,0.1198
24,24,137,-34.75517654418945,238.38894653320312,901.921875,0.202
24,24,138,-34.026611328125,238.3905487060547,900.0755004882812,0.2633
24,24,139,-32.93882369995117,238.3917694091797,898.4181518554688,0.246
24,24,140,-31.483976364135742,238.38327026367188,897.0654907226562,0.3016
24,24,141,-29.747386932373047,238.3219451904297,896.0874633789062,0.1522
24,24,142,-27.825143814086914,238.255126953125,895.5587768554688,0.1414
24,24,143,-25.840797424316406,238.18209838867188,895.4368286132812,0.0871
24,24,144,-23.8784122467041,238.06863403320312,895.72216796875,0.0972
24,24,145,-22.03255271911621,237.969970703125,896.4318237304688,0.1198
24,24,146,-20.434358596801758,237.84588623046875,897.5845947265625,0.2234
24,24,147,-19.263532638549805,237.72842407226562,899.16064453125,0.3389
24,24,148,-18.671974182128906,237.63461303710938,901.0352172851562,0.3481
24,24,149,-18.599567413330078,237.569580078125,903.0181884765625,0.5856
24,24,150,-18.71721649169922,237.516357421875,905.0062866210938,0.6492
24,24,151,-18.600690841674805,237.4369354248047,906.9866333007812,0.5827
24,24,152,-18.015939712524414,237.32672119140625,908.8825073242188,0.5384
24,24,153,-16.888418197631836,237.1919403076172,910.5219116210938,0.3739
24,24,154,-15.276301383972168,237.06837463378906,911.6947631835938,0.2464
24,24,155,-13.358495712280273,236.941162109375,912.2265625,0.0731
24,24,156,-11.382770538330078,236.90521240234375,912.0410766601562,0.1825
24,24,157,-9.576416015625,236.9376678466797,911.2239379882812,0.2045
24,24,158,-7.956978797912598,236.95230102539062,910.0698852539062,0.2311
24,24,159,-6.271792411804199,236.9207305908203,909.009765625,0.1917
24,24,160,-4.399000644683838,236.85806274414062,908.3875732421875,0.1075
24,24,161,-2.4372520446777344,236.75038146972656,908.4425048828125,0.1666
24,24,162,-0.5885358452796936,236.59002685546875,909.1284790039062,0.2793
24,24,163,1.12284255027771,236.37289428710938,910.143798828125,0.2581
24,24,164,2.8693907260894775,236.10693359375,911.0877075195312,0.3353
24,24,165,4.767788410186768,235.8628387451172,911.603271484375,0.4304
24,24,166,6.7210187911987305,235.6705322265625,911.4630126953125,0.538
24,24,167,8.464455604553223,235.57191467285156,910.5855102539062,0.5921
24,24,168,9.660453796386719,235.6329803466797,909.0528564453125,0.5261
24,24,169,10.155532836914062,235.80657958984375,907.14404296875,0.5276
24,24,170,10.161296844482422,236.05648803710938,905.153076171875,0.4259
24,24,171,9.986289978027344,236.3386993408203,903.169677734375,0.3623
24,24,172,12.554441452026367,236.32095336914062,901.9428100585938,0.1714
24,24,173,11.121513366699219,236.60427856445312,899.4299926757812,0.2484
24,24,174,11.975021362304688,236.81210327148438,896.0335693359375,0.16
24,24,175,14.742969512939453,236.874267578125,895.4192504882812,0.3577
24,24,176,16.821449279785156,236.61273193359375,897.94189453125,0.3381
24,24,177,19.08534049987793,236.35972595214844,900.5743408203125,0.33
24,24,178,22.16124725341797,236.427001953125,900.2952880859375,0.3202
24,24,179,22.754005432128906,236.69549560546875,896.7811279296875,0.3863
24,24,180,20.588890075683594,236.8695831298828,894.3231811523438,0.3749
24,24,181,19.553539276123047,236.9468994140625,893.2550659179688,0.3144
24,24,182,20.6487979888916,236.97113037109375,891.3377685546875,0.4291
24,24,183,21.74484634399414,236.98147583007812,888.077392578125,0.4304
24,24,184,21.358694076538086,236.98342895507812,885.7744140625,0.3734
24,24,185,19.234359741210938,237.06866455078125,885.3910522460938,0.3926
24,24,186,15.860340118408203,237.16229248046875,884.614990234375,0.4374
24,24,187,14.085636138916016,237.2626953125,882.0989990234375,0.2271
24,24,188,15.63572883605957,237.1884765625,879.9251098632812,0.1264
24,24,189,18.9694766998291,237.04574584960938,878.6692504882812,0.0979
24,24,190,21.02337074279785,236.9744873046875,876.0266723632812,0.2119
24,24,191,19.22260284423828,237.05377197265625,873.4539184570312,0.2181
24,24,192,15.65347957611084,237.25030517578125,873.7357788085938,0.3787
24,24,193,12.714783668518066,237.3485107421875,874.535400390625,0.272
24,24,194,10.995295524597168,237.45089721679688,872.8858642578125,0.1653
24,24,195,11.456964492797852,237.25897216796875,869.5162963867188,0.0636
24,24,196,12.914554595947266,237.07809448242188,866.9076538085938,0.2582
24,24,197,12.718430519104004,236.97219848632812,865.5084228515625,0.2697
24,24,198,10.344515800476074,236.9379119873047,863.891357421875,0.3245
24,24,199,8.086005210876465,237.02578735351562,861.3191528320312,0.2321
24,24,200,8.427143096923828,237.13079833984375,858.8316040039062,0.1088
24,24,201,11.398892402648926,237.0828857421875,857.8900756835938,0.1436
24,24,202,14.692370414733887,236.89364624023438,858.3670043945312,0.3569
24,24,203,16.352155685424805,236.79489135742188,858.2985229492188,0.2615
24,24,204,17.055828094482422,236.73709106445312,856.1178588867188,0.3621
24,24,205,18.94466209411621,236.6068115234375,853.1541137695312,0.4765
24,24,206,21.803098678588867,236.35704040527344,852.5372924804688,0.3629
24,24,207,23.14059066772461,236.2703094482422,854.8736572265625,0.1209
24,24,208,23.921363830566406,236.2806396484375,858.294921875,0.0313
24,24,209,26.06258201599121,236.373046875,860.462646484375,0.195
24,24,210,28.630861282348633,236.268798828125,859.140380859375,0.2573
24,24,211,29.680519104003906,236.1031951904297,855.79638671875,0.2428
24,24,212,29.87700080871582,236.07867431640625,853.4378662109375,0.3119
24,24,213,31.149917602539062,236.08673095703125,852.933837890625,0.2282
24,24,214,34.31937026977539,236.146240234375,852.418701171875,0.0987
24,24,215,36.8678092956543,236.08358764648438,850.3851928710938,0.1635
24,24,216,36.30881881713867,236.069091796875,847.8790283203125,0.3751
24,24,217,33.23456954956055,236.05384826660156,846.4656982421875,0.4027
24,24,218,30.23272705078125,235.97509765625,844.8458862304688,0.471
24,24,219,30.161087036132812,235.87503051757812,842.462158203125,0.5011
25,25,0,34.97443389892578,238.72189331054688,842.1473999023438,0.3526
25,25,1,34.49177551269531,238.60426330566406,839.8760375976562,0.3417
25,25,2,31.337753295898438,238.53567504882812,838.5869750976562,0.2816
25,25,3,28.448049545288086,238.5882568359375,838.9785766601562,0.4102
25,25,4,27.407012939453125,238.58511352539062,838.5458374023438,0.2944
25,25,5,26.502241134643555,238.4427490234375,835.967529296875,0.2199
25,25,6,24.346128463745117,238.33154296875,833.4033813476562,0.0829
25,25,7,22.195703506469727,238.35275268554688,833.0732421875,0.1788
25,25,8,20.60319709777832,238.54066467285156,835.3793334960938,0.3488
25,25,9,17.85853385925293,238.74810791015625,837.6830444335938,0.4716
25,25,10,14.893620491027832,238.61895751953125,836.699462890625,0.3455
25,25,11,14.921980857849121,238.32008361816406,833.5877685546875,0.0974
25,25,12,16.586790084838867,237.99777221679688,830.3935546875,0.2436
25,25,13,16.306299209594727,237.72769165039062,827.53759765625,0.5183
25,25,14,13.339218139648438,237.62501525878906,826.8698120117188,0.3102
25,25,15,10.364484786987305,237.8873291015625,828.76025390625,0.0894
25,25,16,8.72525691986084,238.05625915527344,830.2660522460938,0.2493
25,25,17,6.9063801765441895,237.97964477539062,829.4723510742188,0.3637
25,25,18,4.916322231292725,237.67144775390625,826.7781372070312,0.3725
25,25,19,4.878372669219971,237.39552307128906,824.6351318359375,0.2412
25,25,20,3.826291561126709,237.362060546875,824.0445556640625,0.3234
25,25,21,0.6251368522644043,237.40728759765625,823.6116943359375,0.493
25,25,22,-2.0710437297821045,237.53732299804688,824.0365600585938,0.4451
25,25,23,-3.0424561500549316,237.49920654296875,823.1759033203125,0.3951
25,25,24,-3.9299356937408447,237.18846130371094,820.28564453125,0.548
25,25,25,-6.32512092590332,237.0050811767578,817.7919921875,0.6844
25,25,26,-9.034945487976074,237.23028564453125,818.5709838867188,0.7371
25,25,27,-9.63476848602295,237.70285034179688,821.8228149414062,0.5138
25,25,28,-9.576645851135254,238.15724182128906,825.0811767578125,0.3351
25,25,29,-10.372413635253906,238.44888305664062,826.556884765625,0.3148
25,25,30,-13.679052352905273,238.7847442626953,826.22509765625,0.1083
25,25,31,-14.427255630493164,239.12716674804688,828.0702514648438,0.1453
25,25,32,-14.540875434875488,239.35568237304688,830.0609130859375,0.0969
25,25,33,-15.094179153442383,239.58041381835938,831.9618530273438,0.2435
25,25,34,-16.249065399169922,239.84014892578125,833.5701293945312,0.2351
25,25,35,-17.80252456665039,240.05299377441406,834.814453125,0.3601
25,25,36,-19.54012107849121,240.17425537109375,835.798583984375,0.3644
25,25,37,-21.263154983520508,240.29324340820312,836.791015625,0.2974
25,25,38,-22.522632598876953,240.46810913085938,838.3017578125,0.2791
25,25,39,-22.890472412109375,240.63706970214844,840.232666015625,0.1693
25,25,40,-22.530231475830078,240.73641967773438,842.1896362304688,0.1128
25,25,41,-21.907150268554688,240.79220581054688,844.0848388671875,0.0973
25,25,42,-21.528827667236328,240.82882690429688,846.03955078125,0.1086
25,25,43,-21.736581802368164,240.8875274658203,848.0202026367188,0.1397
25,25,44,-22.695470809936523,240.9754638671875,849.7651977539062,0.1806
25,25,45,-24.271501541137695,241.04299926757812,850.9866943359375,0.4137
25,25,46,-26.163063049316406,241.0919189453125,851.626953125,0.6753
25,25,47,-28.132362365722656,241.10006713867188,851.954345703125,0.6616
25,25,48,-30.03948211669922,241.02842712402344,852.5401000976562,0.5539
25,25,49,-31.678058624267578,240.88658142089844,853.6605224609375,0.4481
25,25,50,-32.82371520996094,240.75497436523438,855.2808837890625,0.437
25,25,51,-33.5909423828125,240.61387634277344,857.1203002929688,0.3996
25,25,52,-34.48421096801758,240.5400390625,858.9049682617188,0.2913
25,25,53,-35.69427490234375,240.50120544433594,860.486083984375,0.2272
25,25,54,-37.12956237792969,240.54220581054688,861.8702392578125,0.217
25,25,55,-38.48724365234375,240.5796661376953,863.3327026367188,0.159
25,25,56,-39.69257736206055,240.62799072265625,864.9229736328125,0.0711
25,25,57,-41.04704284667969,240.67730712890625,866.3861694335938,0.1837
25,25,58,-42.669742584228516,240.71385192871094,867.537109375,0.3096
25,25,59,-44.441349029541016,240.7429656982422,868.45361328125,0.354
25,25,60,-46.08592224121094,240.8029022216797,869.5770874023438,0.2714
25,25,61,-47.35191345214844,240.87625122070312,871.1038208007812,0.273
25,25,62,-48.250091552734375,240.98971557617188,872.880126953125,0.1497
25,25,63,-49.21047592163086,241.10848999023438,874.6292114257812,0.3103
25,25,64,-50.487281799316406,241.16867065429688,876.1473388671875,0.2907
25,25,65,-52.12138366699219,241.2605743408203,877.2540893554688,0.28
25,25,66,-54.00965881347656,241.36862182617188,877.8125610351562,0.3813
25,25,67,-55.98160934448242,241.5167694091797,877.7914428710938,0.5304
25,25,68,-57.896759033203125,241.7064208984375,877.27734375,0.5638
25,25,69,-59.689918518066406,241.94125366210938,876.406494140625,0.5975
25,25,70,-61.36735153198242,242.16439819335938,875.3260498046875,0.6056
25,25,71,-63.229366302490234,242.2734375,874.6044311523438,0.5583
25,25,72,-65.21160888671875,242.36056518554688,874.6531372070312,0.5896
25,25,73,-66.90728759765625,242.41366577148438,875.6329345703125,0.3587
25,25,74,-68.29400634765625,242.51092529296875,877.0609130859375,0.1363
25,25,75,-69.44514465332031,242.5574951171875,878.68798828125,0.1339
25,25,76,-70.52273559570312,242.63204956054688,880.3692016601562,0.3684
25,25,77,-71.86112213134766,242.71701049804688,881.82763671875,0.4357
25,25,78,-73.62998962402344,242.8367919921875,882.6627197265625,0.467
25,25,79,-75.59564208984375,242.9298095703125,882.6887817382812,0.5727
25,25,80,-77.52628326416016,242.95877075195312,882.2122802734375,0.6935
25,25,81,-79.46704864501953,242.95330810546875,881.752685546875,0.5503
25,25,82,-81.44470977783203,242.87237548828125,881.6129760742188,0.4742
25,25,83,-83.39633178710938,242.75961303710938,881.9247436523438,0.33
25,25,84,-85.17965698242188,242.6318817138672,882.756591796875,0.1812
25,25,85,-86.61991882324219,242.51162719726562,884.1324462890625,0.1724
25,25,86,-87.58479309082031,242.40338134765625,885.880859375,0.1731
25,25,87,-87.8893051147461,242.3016357421875,887.83447265625,0.2938
25,25,88,-87.75818634033203,242.30426025390625,889.8187866210938,0.2835
25,25,89,-87.23208618164062,242.3880157470703,891.7329711914062,0.2516
25,25,90,-86.25554656982422,242.48269653320312,893.4488525390625,0.2623
25,25,91,-84.91349029541016,242.526123046875,894.91455078125,0.3039
25,25,92,-83.37422180175781,242.56500244140625,896.1837768554688,0.3604
25,25,93,-81.81549835205078,242.5635986328125,897.426513671875,0.3156
25,25,94,-80.40946197509766,242.53236389160156,898.8422241210938,0.3178
25,25,95,-79.24771118164062,242.4829559326172,900.4483032226562,0.3172
25,25,96,-78.4867935180664,242.4184112548828,902.2832641601562,0.2804
25,25,97,-77.87994384765625,242.3443603515625,904.1842651367188,0.2043
25,25,98,-77.02647399902344,242.26812744140625,905.9736938476562,0.1871
25,25,99,-75.73506927490234,242.19256591796875,907.4653930664062,0.1901
25,25,100,-74.04444122314453,242.1304931640625,908.4944458007812,0.1376
25,25,101,-72.14720153808594,242.07443237304688,909.1090087890625,0.1052
25,25,102,-70.22730255126953,241.9960174560547,909.6329956054688,0.0498
25,25,103,-68.4912109375,241.87744140625,910.5784301757812,0.0771
25,25,104,-67.18737030029297,241.70860290527344,912.0686645507812,0.2254
25,25,105,-66.35082244873047,241.52413940429688,913.8789672851562,0.327
25,25,106,-65.73095703125,241.29859924316406,915.7757568359375,0.3638
25,25,107,-64.82575225830078,241.0673828125,917.5555419921875,0.3774
25,25,108,-63.331111907958984,240.8601837158203,918.86962890625,0.55
25,25,109,-61.36824417114258,240.72537231445312,919.2163696289062,0.425
25,25,110,-59.39060592651367,240.7053680419922,918.9391479492188,0.5391
25,25,111,-57.45442199707031,240.71168518066406,918.451416015625,0.5975
25,25,112,-55.4649772644043,240.6939697265625,918.3238525390625,0.4892
25,25,113,-53.542633056640625,240.60311889648438,918.8251342773438,0.526
25,25,114,-51.798763275146484,240.48776245117188,919.787841796875,0.5153
25,25,115,-50.011993408203125,240.35565185546875,920.6781616210938,0.4898
25,25,116,-48.094390869140625,240.24185180664062,921.2018432617188,0.4174
25,25,117,-46.11542892456055,240.17225646972656,921.2135620117188,0.2905
25,25,118,-44.21508026123047,240.14663696289062,920.6759033203125,0.2303
25,25,119,-42.54844665527344,240.15562438964844,919.6206665039062,0.2349
25,25,120,-41.26554489135742,240.2124786376953,918.1242065429688,0.164
25,25,121,-40.4637336730957,240.29542541503906,916.3179931640625,0.1125
25,25,122,-40.08122634887695,240.40200805664062,914.364013671875,0.215
25,25,123,-39.796566009521484,240.49058532714844,912.39208984375,0.1857
25,25,124,-39.1591911315918,240.56787109375,910.5171508789062,0.0729
25,25,125,-38.06122970581055,240.63487243652344,908.86083984375,0.1144
25,25,126,-36.78352737426758,240.66217041015625,907.328369140625,0.1554
25,25,127,-35.70867156982422,240.69027709960938,905.6560668945312,0.1448
25,25,128,-34.94778060913086,240.72314453125,903.81396484375,0.0931
25,25,129,-34.31040573120117,240.73110961914062,901.9248657226562,0.2172
25,25,130,-33.40285110473633,240.724609375,900.156982421875,0.135
25,25,131,-32.1036262512207,240.7276153564453,898.6510009765625,0.1766
25,25,132,-30.472585678100586,240.68917846679688,897.5028686523438,0.0887
25,25,133,-28.613388061523438,240.63327026367188,896.7738647460938,0.125
25,25,134,-26.645849227905273,240.59178161621094,896.4544677734375,0.1401
25,25,135,-24.65882682800293,240.50747680664062,896.5303955078125,0.2862
25,25,136,-22.73770523071289,240.4163360595703,897.0225830078125,0.2167
25,25,137,-21.0009765625,240.31640625,897.9653930664062,0.205
25,25,138,-19.626068115234375,240.22146606445312,899.37255859375,0.3766
25,25,139,-18.79671287536621,240.13558959960938,901.1554565429688,0.4933
25,25,140,-18.496200561523438,240.07679748535156,903.1172485351562,0.6021
25,25,141,-18.393753051757812,240.02764892578125,905.1102905273438,0.5438
25,25,142,-18.076690673828125,239.9513702392578,907.071044921875,0.7253
25,25,143,-17.316091537475586,239.8594970703125,908.9021606445312,0.6682
25,25,144,-16.03786849975586,239.761474609375,910.4215087890625,0.502
25,25,145,-14.324373245239258,239.6597137451172,911.4346313476562,0.4298
25,25,146,-12.362905502319336,239.58045959472656,911.8088989257812,0.2684
25,25,147,-10.391413688659668,239.57086181640625,911.490966796875,0.182
25,25,148,-8.575037002563477,239.58370971679688,910.671630859375,0.1414
25,25,149,-6.869549751281738,239.56375122070312,909.6362915039062,0.1846
25,25,150,-5.046439170837402,239.52200317382812,908.8357543945312,0.0987
25,25,151,-3.081629991531372,239.44320678710938,908.6299438476562,0.0443
25,25,152,-1.1657112836837769,239.32688903808594,909.1154174804688,0.2233
25,25,153,0.6143232583999634,239.16964721679688,910.0068359375,0.3945
25,25,154,2.4307005405426025,238.97271728515625,910.828857421875,0.3104
25,25,155,4.360416889190674,238.7750701904297,911.2652587890625,0.4963
25,25,156,6.321732044219971,238.6224365234375,911.1235961914062,0.6176
25,25,157,8.100057601928711,238.5354461669922,910.3065795898438,0.5845
25,25,158,9.374786376953125,238.5699920654297,908.8392333984375,0.5502
25,25,159,9.982847213745117,238.69932556152344,906.9677734375,0.4851
25,25,160,7.690850257873535,239.06797790527344,904.9464111328125,0.5151
25,25,161,7.234766483306885,239.29562377929688,902.8390502929688,0.5256
25,25,162,9.703886985778809,239.2840576171875,900.8270263671875,0.3034
25,25,163,12.825163841247559,239.17626953125,900.7457885742188,0.1998
25,25,164,14.070945739746094,239.13632202148438,900.8872680664062,0.1672
25,25,165,14.991044998168945,239.2664031982422,898.7626342773438,0.2656
25,25,166,16.557357788085938,239.5189208984375,895.774658203125,0.2219
25,25,167,17.92109489440918,239.59292602539062,894.3082275390625,0.2252
25,25,168,19.757314682006836,239.50607299804688,895.2959594726562,0.2903
25,25,169,23.190502166748047,239.43917846679688,895.4701538085938,0.2301
25,25,170,25.135189056396484,239.53713989257812,892.8041381835938,0.1594
25,25,171,23.38601303100586,239.60240173339844,890.3535766601562,0.2426
25,25,172,19.88014030456543,239.62069702148438,889.8416137695312,0.3998
25,25,173,17.21517562866211,239.6952667236328,889.5328979492188,0.4773
25,25,174,16.482580184936523,239.74404907226562,887.2351684570312,0.5916
25,25,175,18.093320846557617,239.70957946777344,884.1807250976562,0.3092
25,25,176,20.113985061645508,239.61575317382812,882.5521850585938,0.2246
25,25,177,20.018421173095703,239.61746215820312,880.9345092773438,0.1903
25,25,178,17.890565872192383,239.71261596679688,878.4710083007812,0.163
25,25,179,15.517544746398926,239.8142547607422,877.086181640625,0.3289
25,25,180,15.143965721130371,239.84095764160156,876.1967163085938,0.3066
25,25,181,15.824533462524414,239.81723022460938,873.4478759765625,0.1004
25,25,182,16.06337547302246,239.75277709960938,870.2584228515625,0.2734
25,25,183,15.225959777832031,239.74258422851562,868.866455078125,0.3424
25,25,184,12.505245208740234,239.7734375,868.6712036132812,0.3161
25,25,185,9.207176208496094,239.7692108154297,867.56689453125,0.3401
25,25,186,8.116074562072754,239.68939208984375,865.1767578125,0.4425
25,25,187,10.174992561340332,239.56768798828125,862.929443359375,0.335
25,25,188,13.412898063659668,239.4854278564453,861.806640625,0.4163
25,25,189,15.115349769592285,239.45115661621094,860.9168090820312,0.4496
25,25,190,14.762965202331543,239.52963256835938,858.7443237304688,0.3548
25,25,191,14.475690841674805,239.591064453125,855.2601318359375,0.3229
25,25,192,16.258148193359375,239.48199462890625,852.8162841796875,0.2274
25,25,193,19.015384674072266,239.31072998046875,853.7029418945312,0.3058
25,25,194,20.822071075439453,239.16250610351562,856.775634765625,0.4164
25,25,195,22.512306213378906,239.1013641357422,858.9931030273438,0.3024
25,25,196,24.901140213012695,239.04429626464844,858.3786010742188,0.1942
25,25,197,26.750852584838867,238.91485595703125,855.4761962890625,0.0768
25,25,198,27.199386596679688,238.89212036132812,852.9410400390625,0.1029
25,25,199,28.360877990722656,238.88775634765625,852.5286254882812,0.1379
25,25,200,31.392253875732422,238.893798828125,852.3839721679688,0.1446
25,25,201,34.292362213134766,238.90118408203125,850.960205078125,0.2147
25,25,202,34.6236572265625,238.88760375976562,848.682861328125,0.269
25,25,203,32.282283782958984,238.8647003173828,846.414306640625,0.3044
25,25,204,29.645042419433594,238.7850341796875,844.339111328125,0.413
25,25,205,29.469833374023438,238.72544860839844,842.1878051757812,0.3559
26,26,0,33.49404525756836,241.58346557617188,842.478515625,0.2462
26,26,1,33.50605773925781,241.5023193359375,840.0992431640625,0.2436
26,26,2,30.546600341796875,241.44464111328125,838.7246704101562,0.2353
26,26,3,27.413949966430664,241.49420166015625,839.3743896484375,0.3035
26,26,4,25.962886810302734,241.5181427001953,839.5471801757812,0.1927
26,26,5,24.850669860839844,241.4537353515625,837.4000244140625,0.217
26,26,6,23.01312255859375,241.35560607910156,834.4523315429688,0.1748
26,26,7,21.209524154663086,241.3145751953125,833.3505249023438,0.1558
26,26,8,19.56340980529785,241.39840698242188,834.658203125,0.2962
26,26,9,16.397296905517578,241.47689819335938,836.0120849609375,0.3743
26,26,10,13.641105651855469,241.37928771972656,834.963623046875,0.4234
26,26,11,13.718713760375977,241.19757080078125,832.5053100585938,0.283
26,26,12,14.92412281036377,240.95875549316406,829.2261962890625,0.2241
26,26,13,14.028304100036621,240.68093872070312,826.1243286132812,0.2547
26,26,14,11.131816864013672,240.63414001464844,825.9916381835938,0.2131
26,26,15,8.753361701965332,240.95074462890625,828.6181030273438,0.2231
26,26,16,6.615178108215332,241.12478637695312,830.8458862304688,0.4668
26,26,17,4.059089660644531,241.0758514404297,830.0128784179688,0.4796
26,26,18,3.2387616634368896,240.78887939453125,826.6207885742188,0.323
26,26,19,3.6996400356292725,240.51463317871094,823.5966186523438,0.0831
26,26,20,2.2158825397491455,240.406005859375,821.95556640625,0.2383
26,26,21,-1.0469913482666016,240.5319366455078,822.5383911132812,0.3864
26,26,22,-3.424349308013916,240.7777099609375,824.4288940429688,0.3448
26,26,23,-4.61897087097168,240.85890197753906,824.7894287109375,0.2971
26,26,24,-6.660495281219482,240.78721618652344,823.133056640625,0.436
26,26,25,-9.767770767211914,240.80258178710938,821.6808471679688,0.5374
26,26,26,-12.045026779174805,240.99615478515625,822.35791015625,0.3215
26,26,27,-12.508149147033691,241.37704467773438,825.2428588867188,0.1163
26,26,28,-11.36267375946045,241.665771484375,828.4144287109375,0.1797
26,26,29,-13.672829627990723,241.92564392089844,829.3929443359375,0.344
26,26,30,-14.705323219299316,242.13589477539062,831.0924682617188,0.1923
26,26,31,-16.019302368164062,242.33558654785156,832.5902099609375,0.351
26,26,32,-17.468246459960938,242.5166015625,833.9548950195312,0.3836
26,26,33,-19.093549728393555,242.63778686523438,835.1084594726562,0.4651
26,26,34,-20.772871017456055,242.71759033203125,836.1778564453125,0.5129
26,26,35,-22.154178619384766,242.82418823242188,837.600830078125,0.4008
26,26,36,-22.82883071899414,242.9653778076172,839.45703125,0.204
26,26,37,-22.728038787841797,243.06399536132812,841.4413452148438,0.205
26,26,38,-22.222402572631836,243.11891174316406,843.3692626953125,0.2123
26,26,39,-21.860681533813477,243.16128540039062,845.3297119140625,0.039
26,26,40,-21.987689971923828,243.20556640625,847.3172607421875,0.1154
26,26,41,-22.746044158935547,243.2672119140625,849.1497192382812,0.0566
26,26,42,-24.123247146606445,243.3192596435547,850.5702514648438,0.2785
26,26,43,-25.900068283081055,243.34954833984375,851.4451293945312,0.5054
26,26,44,-27.82187843322754,243.36012268066406,851.9561767578125,0.5985
26,26,45,-29.710533142089844,243.30914306640625,852.5855102539062,0.5595
26,26,46,-31.383031845092773,243.20733642578125,853.6376342773438,0.5047
26,26,47,-32.645301818847656,243.1093292236328,855.1524047851562,0.32
26,26,48,-33.54426956176758,243.00140380859375,856.9236450195312,0.2227
26,26,49,-34.4771842956543,242.94549560546875,858.682373046875,0.2298
26,26,50,-35.681575775146484,242.91189575195312,860.2593383789062,0.1363
26,26,51,-37.1049919128418,242.94094848632812,861.6504516601562,0.0874
26,26,52,-38.48637771606445,242.96890258789062,863.0828857421875,0.1166
26,26,53,-39.69890213012695,243.00233459472656,864.6619262695312,0.1461
26,26,54,-40.98550033569336,243.04525756835938,866.1780395507812,0.1303
26,26,55,-42.53407669067383,243.06480407714844,867.414794921875,0.2178
26,26,56,-44.26369094848633,243.088134765625,868.3995361328125,0.2796
26,26,57,-45.92837142944336,243.12744140625,869.4827270507812,0.244
26,26,58,-47.299503326416016,243.18466186523438,870.9068603515625,0.3031
26,26,59,-48.3719482421875,243.2761993408203,872.580322265625,0.1173
26,26,60,-49.452938079833984,243.3675537109375,874.2500610351562,0.1983
26,26,61,-50.81414031982422,243.41366577148438,875.683837890625,0.2029
26,26,62,-52.48860168457031,243.48736572265625,876.7298583984375,0.2737
26,26,63,-54.37630081176758,243.56936645507812,877.3212280273438,0.3319
26,26,64,-56.354522705078125,243.68711853027344,877.4679565429688,0.4647
26,26,65,-58.32876968383789,243.85336303710938,877.2244873046875,0.5144
26,26,66,-60.24660110473633,244.0697021484375,876.6809692382812,0.6391
26,26,67,-62.13285827636719,244.2183074951172,876.0358276367188,0.6148
26,26,68,-64.11590576171875,244.30609130859375,875.832763671875,0.5751
26,26,69,-66.05264282226562,244.34429931640625,876.2930297851562,0.4666
26,26,70,-67.73399353027344,244.40882873535156,877.3566284179688,0.2103
26,26,71,-69.10363006591797,244.44639587402344,878.798583984375,0.1479
26,26,72,-70.32819366455078,244.49832153320312,880.3703002929688,0.2411
26,26,73,-71.77977752685547,244.56666564941406,881.7247924804688,0.4372
26,26,74,-73.58460235595703,244.65541076660156,882.51416015625,0.4377
26,26,75,-75.55618286132812,244.72763061523438,882.6110229492188,0.5314
26,26,76,-77.52090454101562,244.75131225585938,882.3058471679688,0.69
26,26,77,-79.49951171875,244.74073791503906,882.0942993164062,0.6442
26,26,78,-81.47208404541016,244.67425537109375,882.2326049804688,0.4636
26,26,79,-83.356201171875,244.59109497070312,882.81494140625,0.3031
26,26,80,-84.9944076538086,244.48219299316406,883.8983764648438,0.3768
26,26,81,-86.12081909179688,244.3980712890625,885.5315551757812,0.2695
26,26,82,-86.76705169677734,244.30906677246094,887.3977661132812,0.347
26,26,83,-86.7354736328125,244.29656982421875,889.3861694335938,0.3711
26,26,84,-86.31989288330078,244.35772705078125,891.3305053710938,0.4573
26,26,85,-85.4502944946289,244.42385864257812,893.1243896484375,0.4666
26,26,86,-84.25430297851562,244.4508056640625,894.71826171875,0.4004
26,26,87,-82.90033721923828,244.46775817871094,896.1793823242188,0.3404
26,26,88,-81.58643341064453,244.45106506347656,897.6781616210938,0.2921
26,26,89,-80.186279296875,244.427001953125,899.0962524414062,0.3174
26,26,90,-78.9491958618164,244.3945770263672,900.6571655273438,0.3487
26,26,91,-78.0367202758789,244.35025024414062,902.4237060546875,0.3059
26,26,92,-77.35076904296875,244.28953552246094,904.2933349609375,0.1918
26,26,93,-76.4628677368164,244.22854614257812,906.0724487304688,0.27
26,26,94,-75.1294174194336,244.17068481445312,907.5298461914062,0.1601
26,26,95,-73.41307830810547,244.12765502929688,908.5087280273438,0.1669
26,26,96,-71.53141021728516,244.07728576660156,909.1527099609375,0.1694
26,26,97,-69.69950103759766,244.00306701660156,909.9248046875,0.1206
26,26,98,-68.13765716552734,243.9013671875,911.1278076171875,0.1387
26,26,99,-67.00331115722656,243.76754760742188,912.74169921875,0.2423
26,26,100,-66.18624877929688,243.6241912841797,914.5552368164062,0.3697
26,26,101,-65.29063415527344,243.44482421875,916.3268432617188,0.4136
26,26,102,-63.970977783203125,243.28326416015625,917.7777099609375,0.4049
26,26,103,-62.206871032714844,243.15382385253906,918.6159057617188,0.3433
26,26,104,-60.24544143676758,243.09100341796875,918.7755737304688,0.5182
26,26,105,-58.27485275268555,243.0767059326172,918.5059204101562,0.7034
26,26,106,-56.30388641357422,243.06655883789062,918.2666015625,0.6308
26,26,107,-54.343040466308594,243.0294952392578,918.478515625,0.4976
26,26,108,-52.48249053955078,242.95523071289062,919.1683959960938,0.4566
26,26,109,-50.667503356933594,242.8557586669922,919.9864501953125,0.5035
26,26,110,-48.763458251953125,242.78395080566406,920.5289306640625,0.4512
26,26,111,-46.78721237182617,242.71185302734375,920.5943603515625,0.3635
26,26,112,-44.86143493652344,242.68490600585938,920.128173828125,0.3521
26,26,113,-43.11932373046875,242.68844604492188,919.1724243164062,0.4133
26,26,114,-41.673248291015625,242.71324157714844,917.80078125,0.3448
26,26,115,-40.65238571166992,242.76718139648438,916.0885009765625,0.254
26,26,116,-40.03885269165039,242.8414764404297,914.19580078125,0.1419
26,26,117,-39.657291412353516,242.90267944335938,912.240966796875,0.1367
26,26,118,-39.06802749633789,242.9652099609375,910.3404541015625,0.1264
26,26,119,-38.086029052734375,243.0205535888672,908.6162719726562,0.0731
26,26,120,-36.84348678588867,243.03994750976562,907.061279296875,0.0479
26,26,121,-35.7263069152832,243.05787658691406,905.4136962890625,0.1548
26,26,122,-34.85894012451172,243.07589721679688,903.6227416992188,0.1435
26,26,123,-33.91704559326172,243.0714111328125,901.8675537109375,0.2374
26,26,124,-32.6923942565918,243.05931091308594,900.3064575195312,0.2873
26,26,125,-31.163776397705078,243.05682373046875,899.0486450195312,0.0873
26,26,126,-29.400306701660156,243.01593017578125,898.1488647460938,0.1207
26,26,127,-27.4902286529541,242.9776611328125,897.6211547851562,0.1451
26,26,128,-25.512718200683594,242.930908203125,897.4707641601562,0.2319
26,26,129,-23.54296112060547,242.8646240234375,897.7173461914062,0.2979
26,26,130,-21.675806045532227,242.78457641601562,898.4014892578125,0.2641
26,26,131,-20.059505462646484,242.70904541015625,899.5685424804688,0.3097
26,26,132,-18.910255432128906,242.6370086669922,901.1968994140625,0.4723
26,26,133,-18.29273223876953,242.58441162109375,903.0874633789062,0.6572
26,26,134,-18.002601623535156,242.54840087890625,905.0567016601562,0.5588
26,26,135,-17.560749053955078,242.48367309570312,906.9981689453125,0.5533
26,26,136,-16.69986915588379,242.41366577148438,908.777587890625,0.5907
26,26,137,-15.334577560424805,242.34738159179688,910.18994140625,0.6918
26,26,138,-13.567115783691406,242.27578735351562,911.0391235351562,0.6464
26,26,139,-11.613656044006348,242.23728942871094,911.2399291992188,0.6643
26,26,140,-9.676671028137207,242.232177734375,910.8610229492188,0.4876
26,26,141,-7.836091041564941,242.21961975097656,910.1071166992188,0.2871
26,26,142,-6.009588718414307,242.19061279296875,909.3225708007812,0.1784
26,26,143,-4.079464435577393,242.13778686523438,908.8989868164062,0.1392
26,26,144,-2.1033823490142822,242.0679168701172,909.0027465820312,0.1329
26,26,145,-0.19037124514579773,241.97085571289062,909.548583984375,0.1466
26,26,146,1.660869836807251,241.84072875976562,910.2832641601562,0.2407
26,26,147,3.5845415592193604,241.69581604003906,910.7899780273438,0.3394
26,26,148,5.578017234802246,241.5703582763672,910.7730712890625,0.639
26,26,149,7.445376396179199,241.4881134033203,910.0761108398438,0.7433
26,26,150,8.931735038757324,241.48736572265625,908.7562255859375,0.638
26,26,151,12.413022994995117,241.3969268798828,907.8518676757812,0.2252
26,26,152,12.701598167419434,241.56771850585938,905.2826538085938,0.0707
26,26,153,10.246810913085938,241.85256958007812,903.0486450195312,0.1659
26,26,154,8.075523376464844,242.08279418945312,900.3341064453125,0.3534
26,26,155,9.312685012817383,242.12832641601562,897.5264282226562,0.3512
26,26,156,12.791933059692383,242.0511474609375,897.81689453125,0.2239
26,26,157,15.445394515991211,241.91741943359375,899.8974609375,0.3272
26,26,158,17.668428421020508,241.896484375,900.0120849609375,0.2662
26,26,159,19.082433700561523,242.06781005859375,897.3336181640625,0.3196
26,26,160,18.973915100097656,242.21633911132812,894.0933837890625,0.1965
26,26,161,18.613597869873047,242.24090576171875,892.89306640625,0.1429
26,26,162,20.347063064575195,242.232421875,892.0595703125,0.085
26,26,163,22.55479621887207,242.2382049560547,889.4175415039062,0.2643
26,26,164,22.53219985961914,242.238525390625,886.65478515625,0.4931
26,26,165,20.181467056274414,242.26351928710938,885.85498046875,0.4632
26,26,166,16.67487907409668,242.34197998046875,885.5449829101562,0.4312
26,26,167,14.373140335083008,242.38970947265625,883.4192504882812,0.2702
26,26,168,15.509943962097168,242.3618927001953,880.8685302734375,0.1937
26,26,169,18.74677848815918,242.28036499023438,879.3610229492188,0.068
26,26,170,20.98223304748535,242.239013671875,877.046630859375,0.2159
26,26,171,19.737905502319336,242.26792907714844,874.40478515625,0.106
26,26,172,16.228435516357422,242.38198852539062,873.9115600585938,0.0669
26,26,173,13.136794090270996,242.45428466796875,874.0845947265625,0.1679
26,26,174,11.778413772583008,242.48068237304688,872.143798828125,0.1719
26,26,175,12.897492408752441,242.3740234375,868.9710083007812,0.4341
26,26,176,14.821700096130371,242.2802734375,866.6058349609375,0.5649
26,26,177,14.905352592468262,242.21893310546875,865.1134033203125,0.6718
26,26,178,12.791447639465332,242.15773010253906,863.1923217773438,0.482
26,26,179,10.782797813415527,242.23330688476562,860.4022216796875,0.2187
26,26,180,11.31689739227295,242.30355834960938,857.9121704101562,0.1056
26,26,181,14.370767593383789,242.21685791015625,857.2556762695312,0.2673
26,26,182,17.51793098449707,242.06597900390625,858.3018798828125,0.4797
26,26,183,19.105514526367188,241.98779296875,858.71826171875,0.5545
26,26,184,20.381977081298828,241.92901611328125,856.83740234375,0.7079
26,26,185,22.293739318847656,241.8428497314453,854.0426635742188,0.4493
26,26,186,23.779664993286133,241.79318237304688,852.5843505859375,0.3372
26,26,187,25.5361328125,241.72799682617188,853.5167236328125,0.1544
26,26,188,28.700868606567383,241.702392578125,854.8348999023438,0.0633
26,26,189,31.553030014038086,241.71224975585938,854.0491333007812,0.2759
26,26,190,31.848312377929688,241.70291137695312,851.4751586914062,0.2328
26,26,191,29.963125228881836,241.69290161132812,848.5618896484375,0.1938
26,26,192,28.260087966918945,241.6898193359375,846.58740234375,0.2151
26,26,193,28.89069366455078,241.6438446044922,844.8546142578125,0.2753
26,26,194,31.569786071777344,241.58782958984375,842.8484497070312,0.1971
27,27,0,26.780715942382812,244.47128295898438,844.3683471679688,0.3571
27,27,1,26.81731414794922,244.43820190429688,842.4759521484375,0.3472
27,27,2,28.311349868774414,244.37330627441406,839.5935668945312,0.141
27,27,3,28.51856803894043,244.2835693359375,836.31298828125,0.1998
27,27,4,26.272706985473633,244.25576782226562,834.9539184570312,0.2183
27,27,5,23.2217960357666,244.34181213378906,836.4368896484375,0.1433
27,27,6,20.691083908081055,244.4277801513672,838.4661254882812,0.3814
27,27,7,18.368812561035156,244.4466552734375,838.0597534179688,0.3923
27,27,8,17.356517791748047,244.31231689453125,834.9371948242188,0.4611
27,27,9,17.925813674926758,244.157958984375,831.7486572265625,0.2374
27,27,10,17.39434051513672,244.04815673828125,829.902587890625,0.2364
27,27,11,14.47433853149414,244.0269775390625,829.39208984375,0.1509
27,27,12,11.442146301269531,244.09426879882812,830.5621337890625,0.2385
27,27,13,10.03658390045166,244.13287353515625,831.2168579101562,0.3884
27,27,14,8.461751937866211,244.05804443359375,829.5250244140625,0.3217
27,27,15,6.555244445800781,243.89483642578125,826.7432861328125,0.2181
27,27,16,5.4556756019592285,243.787841796875,825.1747436523438,0.2061
27,27,17,3.5424604415893555,243.8482666015625,825.7373657226562,0.2568
27,27,18,0.42317259311676025,243.9758758544922,827.103271484375,0.2444
27,27,19,-1.8331955671310425,244.06845092773438,827.8179931640625,0.0835
27,27,20,-2.946230411529541,244.00949096679688,826.3992309570312,0.1668
27,27,21,-4.579924583435059,243.86407470703125,823.45849609375,0.122
27,27,22,-7.2619757652282715,243.8322296142578,821.81689453125,0.2508
27,27,23,-9.42647933959961,244.01194763183594,823.3348388671875,0.1769
27,27,24,-9.763511657714844,244.27682495117188,826.7913208007812,0.2132
27,27,25,-9.535890579223633,244.47592163085938,829.71826171875,0.2528
27,27,26,-12.827532768249512,244.61288452148438,829.288330078125,0.4647
27,27,27,-14.259517669677734,244.758056640625,830.676025390625,0.4906
27,27,28,-15.691324234008789,244.89418029785156,832.0662231445312,0.4736
27,27,29,-17.084951400756836,245.01882934570312,833.49462890625,0.4783
27,27,30,-18.611759185791016,245.11708068847656,834.7754516601562,0.585
27,27,31,-20.247671127319336,245.17153930664062,835.9166259765625,0.4629
27,27,32,-21.71849822998047,245.23477172851562,837.2542724609375,0.4512
27,27,33,-22.669635772705078,245.3303985595703,838.9800415039062,0.375
27,27,34,-22.879940032958984,245.41001892089844,840.9398193359375,0.254
27,27,35,-22.57840919494629,245.4591827392578,842.904052734375,0.1236
27,27,36,-22.306640625,245.49526977539062,844.879638671875,0.1361
27,27,37,-22.404191970825195,245.52859497070312,846.8580932617188,0.3404
27,27,38,-23.0510196685791,245.56549072265625,848.7173461914062,0.2314
27,27,39,-24.26752281188965,245.5964813232422,850.2608032226562,0.1243
27,27,40,-25.90654754638672,245.611083984375,851.360107421875,0.3435
27,27,41,-27.756690979003906,245.6156005859375,852.0940551757812,0.5465
27,27,42,-29.62086296081543,245.57814025878906,852.79052734375,0.42
27,27,43,-31.29718589782715,245.5111541748047,853.8360595703125,0.2763
27,27,44,-32.610984802246094,245.44442749023438,855.3153686523438,0.1976
27,27,45,-33.5997428894043,245.37435913085938,857.0472412109375,0.153
27,27,46,-34.60293197631836,245.33840942382812,858.7625122070312,0.068
27,27,47,-35.92893600463867,245.3223419189453,860.2426147460938,0.0667
27,27,48,-37.40013122558594,245.3441619873047,861.5892333984375,0.1207
27,27,49,-38.71560287475586,245.36061096191406,863.08154296875,0.088
27,27,50,-39.866920471191406,245.38357543945312,864.7117309570312,0.0965
27,27,51,-41.12730407714844,245.40835571289062,866.2444458007812,0.185
27,27,52,-42.69966125488281,245.423095703125,867.45654296875,0.2419
27,27,53,-44.43118667602539,245.4368896484375,868.4483642578125,0.1688
27,27,54,-46.04599380493164,245.4656219482422,869.5991821289062,0.1811
27,27,55,-47.36012649536133,245.503662109375,871.0911254882812,0.177
27,27,56,-48.51062774658203,245.5684814453125,872.7196655273438,0.1051
27,27,57,-49.844181060791016,245.63027954101562,874.19189453125,0.0951
27,27,58,-51.47339630126953,245.6641845703125,875.3277587890625,0.1519
27,27,59,-53.33505630493164,245.71920776367188,876.0330200195312,0.2334
27,27,60,-55.30902099609375,245.78089904785156,876.3216552734375,0.2976
27,27,61,-57.30476760864258,245.86557006835938,876.32958984375,0.4359
27,27,62,-59.299354553222656,246.00137329101562,876.3659057617188,0.542
27,27,63,-61.28827667236328,246.15586853027344,876.2077026367188,0.4813
27,27,64,-63.283729553222656,246.23541259765625,876.2361450195312,0.5553
27,27,65,-65.232421875,246.27003479003906,876.6671142578125,0.5168
27,27,66,-67.03238677978516,246.3074188232422,877.521240234375,0.2429
27,27,67,-68.6063003540039,246.33766174316406,878.7389526367188,0.1822
27,27,68,-70.0179443359375,246.36312866210938,880.1466064453125,0.3128
27,27,69,-71.56433868408203,246.4140167236328,881.400146484375,0.3462
27,27,70,-73.36649322509766,246.47100830078125,882.2164306640625,0.3763
27,27,71,-75.32617950439453,246.52291870117188,882.4879760742188,0.5305
27,27,72,-77.31354522705078,246.5439453125,882.3834838867188,0.6483
27,27,73,-79.30451202392578,246.53790283203125,882.3140258789062,0.4482
27,27,74,-81.26798248291016,246.4932403564453,882.57666015625,0.4158
27,27,75,-83.09356689453125,246.44149780273438,883.3187866210938,0.4255
27,27,76,-84.55575561523438,246.36769104003906,884.6157836914062,0.4056
27,27,77,-85.46173095703125,246.310791015625,886.3748779296875,0.2874
27,27,78,-85.87842559814453,246.27371215820312,888.31787109375,0.358
27,27,79,-85.8155288696289,246.28652954101562,890.3116455078125,0.3528
27,27,80,-85.2400894165039,246.3256378173828,892.22265625,0.364
27,27,81,-84.2804946899414,246.35089111328125,893.96826171875,0.3265
27,27,82,-83.09856414794922,246.3589324951172,895.5737915039062,0.4278
27,27,83,-81.95853424072266,246.35020446777344,897.2114868164062,0.3306
27,27,84,-80.72589874267578,246.32920837402344,898.7802124023438,0.3143
27,27,85,-79.41609191894531,246.3084716796875,900.28564453125,0.4011
27,27,86,-78.31198120117188,246.2855682373047,901.9439697265625,0.2513
27,27,87,-77.48126220703125,246.24925231933594,903.7548217773438,0.281
27,27,88,-76.55146026611328,246.20892333984375,905.51904296875,0.2387
27,27,89,-75.28828430175781,246.16990661621094,907.0514526367188,0.1854
27,27,90,-73.68826293945312,246.13580322265625,908.2222290039062,0.3115
27,27,91,-71.8870849609375,246.1016082763672,909.0657958984375,0.2476
27,27,92,-70.07769775390625,246.0543212890625,909.9044189453125,0.188
27,27,93,-68.47504425048828,245.98861694335938,911.0620727539062,0.1493
27,27,94,-67.24417877197266,245.90054321289062,912.6083374023438,0.1528
27,27,95,-66.3196792602539,245.80638122558594,914.3724975585938,0.2025
27,27,96,-65.35162353515625,245.6864776611328,916.1077880859375,0.32
27,27,97,-63.993228912353516,245.57888793945312,917.5292358398438,0.3617
27,27,98,-62.22389221191406,245.4935760498047,918.3748168945312,0.5202
27,27,99,-60.26107406616211,245.44866943359375,918.587890625,0.6482
27,27,100,-58.27912521362305,245.43411254882812,918.38330078125,0.7916
27,27,101,-56.30170440673828,245.42515563964844,918.190673828125,0.7336
27,27,102,-54.33979034423828,245.3990478515625,918.4412231445312,0.705
27,27,103,-52.452117919921875,245.352294921875,919.0848388671875,0.4808
27,27,104,-50.570960998535156,245.2907257080078,919.7324829101562,0.4331
27,27,105,-48.608612060546875,245.24658203125,920.0233764648438,0.4162
27,27,106,-46.63311767578125,245.21800231933594,919.8169555664062,0.3437
27,27,107,-44.76603698730469,245.20379638671875,919.123779296875,0.3405
27,27,108,-43.10928726196289,245.20571899414062,918.0110473632812,0.3489
27,27,109,-41.746315002441406,245.2196502685547,916.5549926757812,0.2591
27,27,110,-40.6868896484375,245.2563018798828,914.8694458007812,0.2179
27,27,111,-39.909000396728516,245.30128479003906,913.0369262695312,0.1125
27,27,112,-39.27931213378906,245.3332977294922,911.1439208984375,0.0784
27,27,113,-38.430049896240234,245.37527465820312,909.346923828125,0.1331
27,27,114,-37.2227783203125,245.39492797851562,907.7686157226562,0.1042
27,27,115,-35.97018814086914,245.40438842773438,906.2152709960938,0.1565
27,27,116,-34.97008514404297,245.41854858398438,904.493896484375,0.132
27,27,117,-33.9300537109375,245.42111206054688,902.7913818359375,0.1625
27,27,118,-32.64609146118164,245.40139770507812,901.2731323242188,0.2003
27,27,119,-31.085161209106445,245.40135192871094,900.052001953125,0.1506
27,27,120,-29.301530838012695,245.3834686279297,899.1875610351562,0.104
27,27,121,-27.38132667541504,245.35244750976562,898.680908203125,0.2529
27,27,122,-25.400144577026367,245.31727600097656,898.519287109375,0.364
27,27,123,-23.422914505004883,245.27203369140625,898.7279052734375,0.3708
27,27,124,-21.543363571166992,245.21853637695312,899.3851318359375,0.2367
27,27,125,-19.927165985107422,245.16635131835938,900.5559692382812,0.326
27,27,126,-18.77442169189453,245.11656188964844,902.1842651367188,0.477
27,27,127,-18.07036590576172,245.0919647216797,904.0469360351562,0.558
27,27,128,-17.571792602539062,245.0511016845703,905.9779052734375,0.4944
27,27,129,-16.826087951660156,245.00640869140625,907.8218994140625,0.7783
27,27,130,-15.59634780883789,244.95883178710938,909.3639526367188,0.8221
27,27,131,-13.909019470214844,244.919189453125,910.3731689453125,0.8499
27,27,132,-11.975656509399414,244.886962890625,910.7510375976562,0.7992
27,27,133,-10.003859519958496,244.87588500976562,910.5791625976562,0.5992
27,27,134,-8.073760032653809,244.86111450195312,910.084228515625,0.5202
27,27,135,-6.129583835601807,244.83413696289062,909.6631469726562,0.3433
27,27,136,-4.145238399505615,244.78756713867188,909.6082763671875,0.34
27,27,137,-2.155103921890259,244.73367309570312,909.7576904296875,0.2386
27,27,138,-0.16422989964485168,244.67828369140625,909.8959350585938,0.0373
27,27,139,1.8210588693618774,244.60789489746094,910.086669921875,0.1892
27,27,140,3.80769944190979,244.52552795410156,910.2299194335938,0.2299
27,27,141,5.7764363288879395,244.44729614257812,910.028076171875,0.4385
27,27,142,7.5965118408203125,244.398681640625,909.2839965820312,0.4628
27,27,143,9.578561782836914,244.36557006835938,908.3446044921875,0.3706
27,27,144,7.871977806091309,244.5625457763672,905.5460205078125,0.3739
27,27,145,7.258204460144043,244.6650390625,903.87939453125,0.3633
27,27,146,9.220361709594727,244.6804962158203,902.0477294921875,0.2626
27,27,147,12.361709594726562,244.64791870117188,901.0399169921875,0.0615
27,27,148,13.897265434265137,244.6307373046875,900.987060546875,0.1046
27,27,149,14.240928649902344,244.6939697265625,899.1368408203125,0.2925
27,27,150,15.158808708190918,244.81082153320312,895.8763427734375,0.4667
27,27,151,16.188573837280273,244.87033081054688,893.8422241210938,0.4394
27,27,152,17.99803924560547,244.8630828857422,894.1163940429688,0.4018
27,27,153,21.3614501953125,244.81405639648438,894.5151977539062,0.3615
27,27,154,24.033605575561523,244.8367462158203,892.5061645507812,0.2805
27,27,155,23.07280158996582,244.86825561523438,889.614013671875,0.2007
27,27,156,19.64897346496582,244.88638305664062,888.6201171875,0.1314
27,27,157,16.6737060546875,244.93270874023438,888.17529296875,0.2024
27,27,158,15.829277038574219,244.94171142578125,885.9002685546875,0.2939
27,27,159,17.677738189697266,244.91708374023438,883.0213012695312,0.1381
27,27,160,20.074682235717773,244.87319946289062,881.246337890625,0.1326
27,27,161,20.393020629882812,244.87188720703125,879.379150390625,0.2613
27,27,162,18.11834144592285,244.92578125,877.092529296875,0.3179
27,27,163,15.20060920715332,244.98541259765625,876.1399536132812,0.2996
27,27,164,13.995122909545898,245.00244140625,875.072509765625,0.1845
27,27,165,14.648350715637207,244.9898681640625,872.2278442382812,0.3704
27,27,166,16.199462890625,244.9306640625,869.2925415039062,0.4465
27,27,167,16.487323760986328,244.89633178710938,867.5628051757812,0.5505
27,27,168,14.404687881469727,244.88809204101562,866.2168579101562,0.5737
27,27,169,11.610572814941406,244.84097290039062,864.1114501953125,0.4836
27,27,170,10.866016387939453,244.84658813476562,861.5468139648438,0.401
27,27,171,13.127893447875977,244.83883666992188,859.851806640625,0.4183
27,27,172,16.594261169433594,244.77392578125,859.607177734375,0.6064
27,27,173,18.72601890563965,244.71905517578125,859.5887451171875,0.6443
27,27,174,19.246728897094727,244.6993408203125,857.8571166992188,0.5602
27,27,175,20.19301986694336,244.68325805664062,854.6137084960938,0.5205
27,27,176,21.957624435424805,244.61651611328125,852.558349609375,0.386
27,27,177,23.69131851196289,244.57476806640625,853.0364990234375,0.3511
27,27,178,26.490509033203125,244.52230834960938,854.7975463867188,0.1843
27,27,179,29.75868797302246,244.51138305664062,854.7536010742188,0.1913
27,27,180,30.806791305541992,244.51068115234375,852.3311767578125,0.1823
27,27,181,29.137468338012695,244.50706481933594,849.3540649414062,0.1079
27,27,182,27.092500686645508,244.5076904296875,847.174072265625,0.0691
27,27,183,27.13810157775879,244.4935302734375,845.5921020507812,0.2439
27,27,184,29.308137893676758,244.44412231445312,843.5116577148438,0.2496
28,28,0,30.357337951660156,247.2838134765625,843.1871337890625,0.1397
28,28,1,27.1635799407959,247.28182983398438,842.1118774414062,0.2766
28,28,2,24.486526489257812,247.28298950195312,841.584716796875,0.1867
28,28,3,23.929931640625,247.27447509765625,840.1942138671875,0.1845
28,28,4,24.251483917236328,247.23745727539062,837.0850219726562,0.0428
28,28,5,23.390579223632812,247.1943359375,833.9367065429688,0.2172
28,28,6,21.397308349609375,247.19041442871094,833.2573852539062,0.2042
28,28,7,18.746522903442383,247.22256469726562,834.7997436523438,0.1629
28,28,8,15.403696060180664,247.227783203125,835.5691528320312,0.3306
28,28,9,13.588695526123047,247.19276428222656,834.0376586914062,0.2691
28,28,10,14.11986255645752,247.118408203125,831.1357421875,0.088
28,28,11,14.29616928100586,247.0328369140625,827.6119995117188,0.3384
28,28,12,12.16283130645752,246.9564971923828,825.7471313476562,0.4086
28,28,13,9.43094539642334,247.02415466308594,827.2495727539062,0.1646
28,28,14,7.40798807144165,247.111083984375,830.1729736328125,0.2969
28,28,15,4.930552959442139,247.14437866210938,831.2800903320312,0.4059
28,28,16,2.9916558265686035,247.08981323242188,829.05712890625,0.3278
28,28,17,2.3778059482574463,246.9918975830078,825.5238037109375,0.1556
28,28,18,0.9492385387420654,246.93736267089844,823.2085571289062,0.1279
28,28,19,-1.6546692848205566,246.96600341796875,823.7379150390625,0.1252
28,28,20,-3.945136070251465,247.0818634033203,826.3814086914062,0.423
28,28,21,-5.344374179840088,247.166259765625,828.3977661132812,0.3414
28,28,22,-7.013059139251709,247.18931579589844,828.0484008789062,0.3592
28,28,23,-9.944256782531738,247.1983642578125,826.5181274414062,0.3952
28,28,24,-12.97568416595459,247.2659912109375,826.14794921875,0.5988
28,28,25,-12.614372253417969,247.3756103515625,829.6463012695312,0.5735
28,28,26,-14.178262710571289,247.447509765625,830.8805541992188,0.6642
28,28,27,-15.681377410888672,247.51519775390625,832.18896484375,0.7079
28,28,28,-17.08342170715332,247.57681274414062,833.6050415039062,0.7191
28,28,29,-18.59954261779785,247.62481689453125,834.8975219726562,0.6469
28,28,30,-20.215970993041992,247.6522216796875,836.0623168945312,0.6288
28,28,31,-21.655248641967773,247.68472290039062,837.4351196289062,0.4586
28,28,32,-22.616561889648438,247.73294067382812,839.1640014648438,0.4353
28,28,33,-22.918323516845703,247.77474975585938,841.1178588867188,0.3754
28,28,34,-22.76060676574707,247.80288696289062,843.0984497070312,0.2652
28,28,35,-22.672237396240234,247.82220458984375,845.088134765625,0.2267
28,28,36,-22.960430145263672,247.84584045410156,847.0474853515625,0.1485
28,28,37,-23.752473831176758,247.8607940673828,848.8529052734375,0.2403
28,28,38,-25.025161743164062,247.8701171875,850.3574829101562,0.0424
28,28,39,-26.64398765563965,247.87490844726562,851.4942626953125,0.2292
28,28,40,-28.43700408935547,247.86773681640625,852.359375,0.2399
28,28,41,-30.195283889770508,247.84286499023438,853.2761840820312,0.1142
28,28,42,-31.660091400146484,247.80686950683594,854.5924682617188,0.0169
28,28,43,-32.72218322753906,247.7684326171875,856.2665405273438,0.111
28,28,44,-33.662506103515625,247.74200439453125,858.0209350585938,0.1804
28,28,45,-34.86103057861328,247.72549438476562,859.5966796875,0.1829
28,28,46,-36.36961364746094,247.72950744628906,860.8876953125,0.131
28,28,47,-37.92891311645508,247.740966796875,862.122802734375,0.1693
28,28,48,-39.19976806640625,247.74951171875,863.6387939453125,0.1518
28,28,49,-40.37446975708008,247.7655487060547,865.2476196289062,0.323
28,28,50,-41.76383972167969,247.7716064453125,866.6618041992188,0.2948
28,28,51,-43.39691925048828,247.78054809570312,867.7889404296875,0.2607
28,28,52,-45.08831787109375,247.78750610351562,868.84033203125,0.2128
28,28,53,-46.61615753173828,247.8065948486328,870.1043701171875,0.1133
28,28,54,-47.9625244140625,247.8299560546875,871.5723876953125,0.0595
28,28,55,-49.33058547973633,247.8671875,873.013916015625,0.1444
28,28,56,-50.91957092285156,247.89163208007812,874.1991577148438,0.1587
28,28,57,-52.72236633300781,247.91531372070312,875.0301513671875,0.1788
28,28,58,-54.64760971069336,247.94515991210938,875.5381469726562,0.2503
28,28,59,-56.60289001464844,247.979736328125,875.9205932617188,0.3004
28,28,60,-58.54410934448242,248.03680419921875,876.3679809570312,0.3614
28,28,61,-60.51302719116211,248.11984252929688,876.6707153320312,0.4002
28,28,62,-62.48878860473633,248.17140197753906,876.9141235351562,0.403
28,28,63,-64.41850280761719,248.19935607910156,877.3973999023438,0.4528
28,28,64,-66.28369903564453,248.21693420410156,878.0999755859375,0.3318
28,28,65,-68.11487579345703,248.2330322265625,878.8781127929688,0.2187
28,28,66,-69.84613800048828,248.24375915527344,879.8626098632812,0.2049
28,28,67,-71.54532623291016,248.2698974609375,880.8977661132812,0.2642
28,28,68,-73.3746566772461,248.2976837158203,881.6734619140625,0.3656
28,28,69,-75.3091812133789,248.32498168945312,882.1504516601562,0.5081
28,28,70,-77.27291870117188,248.337158203125,882.4779052734375,0.6486
28,28,71,-79.24968719482422,248.33181762695312,882.7115478515625,0.5339
28,28,72,-81.17074584960938,248.30978393554688,883.2111206054688,0.345
28,28,73,-82.88280487060547,248.2832794189453,884.1629638671875,0.3071
28,28,74,-84.16830444335938,248.24781799316406,885.6737670898438,0.2462
28,28,75,-84.97442626953125,248.22218322753906,887.4966430664062,0.2322
28,28,76,-85.20166778564453,248.21676635742188,889.4708251953125,0.2396
28,28,77,-84.8903579711914,248.22836303710938,891.4242553710938,0.2861
28,28,78,-84.13229370117188,248.24388122558594,893.2542114257812,0.2655
28,28,79,-83.10652160644531,248.24862670898438,894.959228515625,0.2913
28,28,80,-82.07040405273438,248.24459838867188,896.660888671875,0.37
28,28,81,-80.98235321044922,248.23422241210938,898.328857421875,0.2479
28,28,82,-79.72339630126953,248.22286987304688,899.8699951171875,0.3712
28,28,83,-78.46389770507812,248.2135467529297,901.41357421875,0.2895
28,28,84,-77.41629028320312,248.1981964111328,903.1028442382812,0.1474
28,28,85,-76.34378051757812,248.17706298828125,904.780517578125,0.1641
28,28,86,-75.0511245727539,248.15966796875,906.28759765625,0.2619
28,28,87,-73.55075073242188,248.14007568359375,907.5921630859375,0.2939
28,28,88,-71.98379516601562,248.1201629638672,908.8236083984375,0.3302
28,28,89,-70.36746978759766,248.09454345703125,909.9861450195312,0.3507
28,28,90,-68.80521392822266,248.0615234375,911.216796875,0.3051
28,28,91,-67.4894790649414,248.01739501953125,912.6992797851562,0.3573
28,28,92,-66.40679931640625,247.96994018554688,914.3688354492188,0.2344
28,28,93,-65.27616882324219,247.91017150878906,916.001220703125,0.1529
28,28,94,-63.81193542480469,247.8578643798828,917.31640625,0.362
28,28,95,-62.008182525634766,247.81747436523438,918.095947265625,0.5678
28,28,96,-60.043209075927734,247.7958984375,918.3125,0.6657
28,28,97,-58.056861877441406,247.78640747070312,918.1687622070312,0.7557
28,28,98,-56.07600784301758,247.78012084960938,918.0757446289062,0.8306
28,28,99,-54.12181091308594,247.76583862304688,918.4063720703125,0.7554
28,28,100,-52.20916748046875,247.74526977539062,918.9645385742188,0.5575
28,28,101,-50.25898742675781,247.7172088623047,919.3294067382812,0.5069
28,28,102,-48.27883529663086,247.69827270507812,919.2852783203125,0.522
28,28,103,-46.36457443237305,247.69129943847656,918.7635498046875,0.4185
28,28,104,-44.62030792236328,247.68502807617188,917.805419921875,0.3702
28,28,105,-43.12006378173828,247.68600463867188,916.4932250976562,0.463
28,28,106,-41.883602142333984,247.6968994140625,914.9321899414062,0.3752
28,28,107,-40.805419921875,247.71682739257812,913.257568359375,0.2566
28,28,108,-39.72372817993164,247.72848510742188,911.5835571289062,0.1309
28,28,109,-38.727630615234375,247.74794006347656,909.8580932617188,0.1186
28,28,110,-37.58984375,247.7608642578125,908.2235717773438,0.2761
28,28,111,-36.27847671508789,247.7652587890625,906.7240600585938,0.2633
28,28,112,-35.07731628417969,247.77059936523438,905.1343383789062,0.2733
28,28,113,-33.984046936035156,247.772705078125,903.4683227539062,0.2076
28,28,114,-32.654762268066406,247.76197814941406,901.9889526367188,0.3101
28,28,115,-30.984790802001953,247.75958251953125,900.9247436523438,0.2943
28,28,116,-29.094974517822266,247.7525634765625,900.3316040039062,0.2131
28,28,117,-27.124988555908203,247.7360076904297,900.0597534179688,0.2747
28,28,118,-25.147682189941406,247.71444702148438,899.8118896484375,0.2543
28,28,119,-23.160507202148438,247.69215393066406,899.770263671875,0.1763
28,28,120,-21.26205825805664,247.665283203125,900.2958374023438,0.1296
28,28,121,-19.720687866210938,247.63897705078125,901.510009765625,0.2147
28,28,122,-18.685260772705078,247.6189422607422,903.1893920898438,0.2679
28,28,123,-17.97187042236328,247.60336303710938,905.0455322265625,0.3733
28,28,124,-17.164777755737305,247.58013916015625,906.86181640625,0.5148
28,28,125,-15.984847068786621,247.55589294433594,908.4402465820312,0.6839
28,28,126,-14.390989303588867,247.53768920898438,909.5900268554688,0.6975
28,28,127,-12.519013404846191,247.52001953125,910.2009887695312,0.6843
28,28,128,-10.543365478515625,247.50994873046875,910.2852172851562,0.6288
28,28,129,-8.576898574829102,247.50123596191406,909.9814453125,0.4662
28,28,130,-6.624637126922607,247.48727416992188,909.5996704101562,0.2339
28,28,131,-4.639577865600586,247.46640014648438,909.5010375976562,0.2567
28,28,132,-2.649927854537964,247.44113159179688,909.6158447265625,0.1981
28,28,133,-0.6577020287513733,247.41445922851562,909.6687622070312,0.1787
28,28,134,1.3333505392074585,247.38525390625,909.72314453125,0.0858
28,28,135,3.3208582401275635,247.34713745117188,909.8392333984375,0.2754
28,28,136,5.29971981048584,247.30685424804688,909.6981811523438,0.432
28,28,137,7.177918434143066,247.28021240234375,909.0720825195312,0.455
28,28,138,10.648163795471191,247.205322265625,909.5542602539062,0.1921
28,28,139,9.817659378051758,247.29498291015625,906.1798095703125,0.3213
28,28,140,7.778812408447266,247.39183044433594,903.8224487304688,0.3614
28,28,141,7.694037914276123,247.43211364746094,901.7979125976562,0.3673
28,28,142,10.439874649047852,247.42184448242188,900.1150512695312,0.1373
28,28,143,13.551689147949219,247.39981079101562,900.1871948242188,0.1548
28,28,144,14.900047302246094,247.39263916015625,900.087158203125,0.202
28,28,145,15.78579330444336,247.4324493408203,897.6702880859375,0.3513
28,28,146,16.383983612060547,247.49618530273438,894.3731689453125,0.5408
28,28,147,16.9389705657959,247.5049285888672,892.7615356445312,0.3591
28,28,148,19.06572914123535,247.49923706054688,892.81591796875,0.3412
28,28,149,22.376575469970703,247.49240112304688,891.7385864257812,0.2567
28,28,150,23.50751304626465,247.50006103515625,888.8485717773438,0.2585
28,28,151,21.292461395263672,247.50184631347656,887.0889282226562,0.1354
28,28,152,17.776514053344727,247.53359985351562,886.55322265625,0.0693
28,28,153,15.303976058959961,247.538330078125,885.0634155273438,0.1587
28,28,154,15.750826835632324,247.53781127929688,882.5032348632812,0.1466
28,28,155,18.473379135131836,247.5149688720703,880.2958374023438,0.3979
28,28,156,20.685344696044922,247.50128173828125,878.3909912109375,0.3368
28,28,157,20.05861473083496,247.50762939453125,875.9539794921875,0.241
28,28,158,16.834047317504883,247.54164123535156,874.5863037109375,0.4159
28,28,159,13.847125053405762,247.5672607421875,873.8203125,0.403
28,28,160,13.115983009338379,247.56813049316406,871.71826171875,0.5052
28,28,161,14.90035343170166,247.53561401367188,868.9400024414062,0.5703
28,28,162,17.122928619384766,247.4938201904297,866.7512817382812,0.7014
28,28,163,17.318058013916016,247.47486877441406,865.1076049804688,0.8173
28,28,164,15.24972915649414,247.4672393798828,863.0895385742188,0.7889
28,28,165,13.294280052185059,247.48056030273438,860.2255249023438,0.5618
28,28,166,13.971379280090332,247.49351501464844,857.6767578125,0.5867
28,28,167,17.080720901489258,247.4524688720703,857.2185668945312,0.5693
28,28,168,20.242904663085938,247.39846801757812,858.4287719726562,0.5876
28,28,169,22.171066284179688,247.37315368652344,858.6769409179688,0.6069
28,28,170,23.424549102783203,247.35748291015625,856.457275390625,0.3976
28,28,171,23.929523468017578,247.35079956054688,853.1279907226562,0.2793
28,28,172,24.029882431030273,247.34686279296875,851.2261352539062,0.2629
28,28,173,25.919326782226562,247.32298278808594,850.8135375976562,0.1897
28,28,174,29.271974563598633,247.3192596435547,850.0534057617188,0.2222
28,28,175,31.413549423217773,247.317626953125,848.1025390625,0.2492
28,28,176,30.50959587097168,247.30767822265625,845.7001953125,0.1698
28,28,177,27.485971450805664,247.2943115234375,843.8846435546875,0.1277
29,29,0,27.076406478881836,250.13092041015625,844.0650024414062,0.152
29,29,1,28.88928985595703,250.13092041015625,841.2557983398438,0.0969
29,29,2,28.033308029174805,250.13092041015625,838.9747314453125,0.1234
29,29,3,24.856407165527344,250.13092041015625,838.4403076171875,0.245
29,29,4,21.69220733642578,250.13092041015625,839.0973510742188,0.2118
29,29,5,20.045812606811523,250.13092041015625,838.7528686523438,0.1672
29,29,6,19.269453048706055,250.13092041015625,836.1387939453125,0.227
29,29,7,18.98562240600586,250.13092041015625,832.8134765625,0.2117
29,29,8,18.427038192749023,250.13092041015625,831.0670776367188,0.189
29,29,9,15.973245620727539,250.13092041015625,830.8682861328125,0.1871
29,29,10,12.651840209960938,250.13092041015625,831.4703369140625,0.1704
29,29,11,10.856783866882324,250.13092041015625,831.8999633789062,0.3308
29,29,12,9.95313549041748,250.13092041015625,830.2673950195312,0.2888
29,29,13,8.159200668334961,250.13092041015625,828.6758422851562,0.1689
29,29,14,6.1685566902160645,250.13092041015625,828.751708984375,0.2121
29,29,15,4.222160816192627,250.13092041015625,828.4146118164062,0.2401
29,29,16,2.0591108798980713,250.13092041015625,828.5527954101562,0.171
29,29,17,-0.3306674063205719,250.13092041015625,829.8684692382812,0.1269
29,29,18,-1.8328640460968018,250.13092041015625,828.8756713867188,0.1676
29,29,19,-3.4619674682617188,250.13092041015625,826.028076171875,0.3129
29,29,20,-5.86786413192749,250.13092041015625,823.9058837890625,0.2153
29,29,21,-8.179346084594727,250.13092041015625,824.6971435546875,0.2671
29,29,22,-9.213854789733887,250.13092041015625,827.8864135742188,0.4085
29,29,23,-9.543414115905762,250.13092041015625,831.0257568359375,0.4657
29,29,24,-12.56683349609375,250.13092041015625,830.0442504882812,0.5945
29,29,25,-14.27640151977539,250.13092041015625,831.0740966796875,0.6697
29,29,26,-15.860567092895508,250.13092041015625,832.286376953125,0.7815
29,29,27,-17.225069046020508,250.13092041015625,833.7429809570312,0.7612
29,29,28,-18.6638126373291,250.13092041015625,835.12548828125,0.6276
29,29,29,-20.207069396972656,250.13092041015625,836.3895874023438,0.5698
29,29,30,-21.56450653076172,250.13092041015625,837.848876953125,0.5006
29,29,31,-22.512353897094727,250.13092041015625,839.6025390625,0.4869
29,29,32,-22.935104370117188,250.13092041015625,841.5531616210938,0.3742
29,29,33,-22.984811782836914,250.13092041015625,843.5486450195312,0.3143
29,29,34,-23.210163116455078,250.13092041015625,845.5316162109375,0.194
29,29,35,-23.81222915649414,250.13092041015625,847.4296875,0.1354
29,29,36,-24.826845169067383,250.13092041015625,849.1378173828125,0.2007
29,29,37,-26.185226440429688,250.13092041015625,850.5868530273438,0.1551
29,29,38,-27.785154342651367,250.13092041015625,851.76806640625,0.1233
29,29,39,-29.49520492553711,250.13092041015625,852.7960815429688,0.0546
29,29,40,-31.08550453186035,250.13092041015625,853.9837646484375,0.1471
29,29,41,-32.351806640625,250.13092041015625,855.5059814453125,0.1116
29,29,42,-33.3364143371582,250.13092041015625,857.2382202148438,0.1485
29,29,43,-34.35850524902344,250.13092041015625,858.9461059570312,0.1673
29,29,44,-35.669830322265625,250.13092041015625,860.4356079101562,0.0735
29,29,45,-37.249481201171875,250.13092041015625,861.6453857421875,0.0565
29,29,46,-38.710235595703125,250.13092041015625,862.989013671875,0.0462
29,29,47,-39.85193634033203,250.13092041015625,864.6183471679688,0.2298
29,29,48,-41.01218032836914,250.13092041015625,866.2416381835938,0.4181
29,29,49,-42.469295501708984,250.13092041015625,867.5926513671875,0.2283
29,29,50,-44.22544860839844,250.13092041015625,868.5265502929688,0.2858
29,29,51,-45.931114196777344,250.13092041015625,869.5621337890625,0.1997
29,29,52,-47.48496627807617,250.13092041015625,870.8115844726562,0.1404
29,29,53,-49.05264663696289,250.13092041015625,872.0469360351562,0.353
29,29,54,-50.706321716308594,250.13092041015625,873.1615600585938,0.3488
29,29,55,-52.4211311340332,250.13092041015625,874.1823120117188,0.271
29,29,56,-54.23551940917969,250.13092041015625,875.0006103515625,0.2599
29,29,57,-56.15686798095703,250.13092041015625,875.5218505859375,0.2224
29,29,58,-58.0660285949707,250.13092041015625,876.0968017578125,0.2472
29,29,59,-59.98930740356445,250.13092041015625,876.6276245117188,0.2976
29,29,60,-61.96124267578125,250.13092041015625,876.9069213867188,0.3521
29,29,61,-63.905242919921875,250.13092041015625,877.345947265625,0.253
29,29,62,-65.77182006835938,250.13092041015625,878.0465698242188,0.224
29,29,63,-67.62909698486328,250.13092041015625,878.7779541015625,0.1262
29,29,64,-69.42655944824219,250.13092041015625,879.6427612304688,0.1025
29,29,65,-71.16175079345703,250.13092041015625,880.6279296875,0.2664
29,29,66,-72.96870422363281,250.13092041015625,881.4674682617188,0.36
29,29,67,-74.88333129882812,250.13092041015625,882.011474609375,0.5603
29,29,68,-76.8076171875,250.13092041015625,882.5404663085938,0.5969
29,29,69,-78.73967742919922,250.13092041015625,883.0415649414062,0.5667
29,29,70,-80.60557556152344,250.13092041015625,883.7416381835938,0.3927
29,29,71,-82.29202270507812,250.13092041015625,884.7864990234375,0.1413
29,29,72,-83.6622085571289,250.13092041015625,886.20947265625,0.0977
29,29,73,-84.52672576904297,250.13092041015625,887.9730224609375,0.0998
29,29,74,-84.69646453857422,250.13092041015625,889.923095703125,0.1057
29,29,75,-84.1984634399414,250.13092041015625,891.832275390625,0.1576
29,29,76,-83.30384063720703,250.13092041015625,893.6123046875,0.1122
29,29,77,-82.34664916992188,250.13092041015625,895.3619384765625,0.2191
29,29,78,-81.44281005859375,250.13092041015625,897.1409912109375,0.186
29,29,79,-80.4139633178711,250.13092041015625,898.8479614257812,0.1456
29,29,80,-79.2265853881836,250.13092041015625,900.4515991210938,0.187
29,29,81,-78.03437042236328,250.13092041015625,902.04931640625,0.1273
29,29,82,-76.93036651611328,250.13092041015625,903.7114868164062,0.0692
29,29,83,-75.7048110961914,250.13092041015625,905.2827758789062,0.183
29,29,84,-74.30188751220703,250.13092041015625,906.6991577148438,0.274
29,29,85,-72.8171615600586,250.13092041015625,908.0325317382812,0.3471
29,29,86,-71.33753204345703,250.13092041015625,909.3695678710938,0.3423
29,29,87,-69.76549530029297,250.13092041015625,910.5993041992188,0.4015
29,29,88,-68.25159454345703,250.13092041015625,911.88427734375,0.4564
29,29,89,-67.01115417480469,250.13092041015625,913.4446411132812,0.4573
29,29,90,-65.83702087402344,250.13092041015625,915.053955078125,0.1886
29,29,91,-64.42459869384766,250.13092041015625,916.4475708007812,0.1519
29,29,92,-62.704437255859375,250.13092041015625,917.4325561523438,0.2954
29,29,93,-60.77207946777344,250.13092041015625,917.8948364257812,0.3977
29,29,94,-58.777366638183594,250.13092041015625,917.894287109375,0.4956
29,29,95,-56.790470123291016,250.13092041015625,917.7326049804688,0.6103
29,29,96,-54.804901123046875,250.13092041015625,917.904296875,0.563
29,29,97,-52.868133544921875,250.13092041015625,918.3850708007812,0.5124
29,29,98,-50.89945983886719,250.13092041015625,918.7003784179688,0.5009
29,29,99,-48.90711975097656,250.13092041015625,918.5908813476562,0.5293
29,29,100,-47.012203216552734,250.13092041015625,917.96337890625,0.4629
29,29,101,-45.29831314086914,250.13092041015625,916.9429321289062,0.4591
29,29,102,-43.66533279418945,250.13092041015625,915.795654296875,0.4303
29,29,103,-42.208099365234375,250.13092041015625,914.4356079101562,0.3349
29,29,104,-40.95248794555664,250.13092041015625,912.8877563476562,0.2256
29,29,105,-39.697052001953125,250.13092041015625,911.3359985351562,0.1071
29,29,106,-38.62129211425781,250.13092041015625,909.655517578125,0.2522
29,29,107,-37.45586013793945,250.13092041015625,908.03515625,0.4784
29,29,108,-36.06780242919922,250.13092041015625,906.60302734375,0.4784
29,29,109,-34.85623550415039,250.13092041015625,905.0172729492188,0.5657
29,29,110,-33.716217041015625,250.13092041015625,903.381103515625,0.4403
29,29,111,-32.33742141723633,250.13092041015625,901.9388427734375,0.4283
29,29,112,-30.611173629760742,250.13092041015625,900.9365234375,0.4311
29,29,113,-28.675796508789062,250.13092041015625,900.4661254882812,0.4208
29,29,114,-26.6848201751709,250.13092041015625,900.3925170898438,0.2835
29,29,115,-24.6992244720459,250.13092041015625,900.1928100585938,0.2066
29,29,116,-22.715084075927734,250.13092041015625,900.0466918945312,0.126
29,29,117,-20.870983123779297,250.13092041015625,900.7393798828125,0.1471
29,29,118,-19.490720748901367,250.13092041015625,902.1616821289062,0.2769
29,29,119,-18.505586624145508,250.13092041015625,903.8958740234375,0.3657
29,29,120,-17.64769172668457,250.13092041015625,905.6947631835938,0.3948
29,29,121,-16.47587013244629,250.13092041015625,907.3025512695312,0.3275
29,29,122,-14.89706039428711,250.13092041015625,908.5154418945312,0.3505
29,29,123,-13.080938339233398,250.13092041015625,909.3323364257812,0.4892
29,29,124,-11.141836166381836,250.13092041015625,909.7696533203125,0.4346
29,29,125,-9.154379844665527,250.13092041015625,909.7783203125,0.33
29,29,126,-7.173248291015625,250.13092041015625,909.5423583984375,0.2886
29,29,127,-5.181200981140137,250.13092041015625,909.4389038085938,0.2845
29,29,128,-3.1866543292999268,250.13092041015625,909.47998046875,0.2805
29,29,129,-1.1966474056243896,250.13092041015625,909.3256225585938,0.1252
29,29,130,0.7867286205291748,250.13092041015625,909.1278076171875,0.1369
29,29,131,2.7772457599639893,250.13092041015625,909.2637939453125,0.1295
29,29,132,4.766946792602539,250.13092041015625,909.1978759765625,0.2314
29,29,133,6.69161319732666,250.13092041015625,908.708740234375,0.2511
29,29,134,10.174532890319824,250.13092041015625,909.5636596679688,0.119
29,29,135,9.782055854797363,250.13092041015625,906.15478515625,0.1074
29,29,136,7.905795574188232,250.13092041015625,903.5756225585938,0.2402
29,29,137,7.7613677978515625,250.13092041015625,901.501708984375,0.2273
29,29,138,10.540690422058105,250.13092041015625,899.9957275390625,0.1807
29,29,139,13.799304962158203,250.13092041015625,900.0026245117188,0.2386
29,29,140,15.345394134521484,250.13092041015625,899.8216552734375,0.2349
29,29,141,16.060850143432617,250.13092041015625,897.4594116210938,0.2976
29,29,142,16.31864356994629,250.13092041015625,894.0673828125,0.5329
29,29,143,16.658735275268555,250.13092041015625,892.2089233398438,0.4896
29,29,144,18.680774688720703,250.13092041015625,891.9951171875,0.5967
29,29,145,21.955202102661133,250.13092041015625,890.9136962890625,0.5234
29,29,146,23.393869400024414,250.13092041015625,888.275146484375,0.2938
29,29,147,21.645917892456055,250.13092041015625,886.36767578125,0.1103
29,29,148,18.35973358154297,250.13092041015625,885.2174682617188,0.2119
29,29,149,16.00762367248535,250.13092041015625,883.60595703125,0.0455
29,29,150,16.419841766357422,250.13092041015625,881.3779296875,0.0613
29,29,151,18.868431091308594,250.13092041015625,879.0095825195312,0.3355
29,29,152,20.88975715637207,250.13092041015625,876.7456665039062,0.3432
29,29,153,20.137754440307617,250.13092041015625,874.575439453125,0.319
29,29,154,17.033666610717773,250.13092041015625,873.2603759765625,0.4351
29,29,155,14.14409065246582,250.13092041015625,871.80712890625,0.4582
29,29,156,13.786425590515137,250.13092041015625,869.6358032226562,0.437
29,29,157,15.980794906616211,250.13092041015625,867.3348999023438,0.6037
29,29,158,18.602428436279297,250.13092041015625,865.3535766601562,0.8234
29,29,159,19.06743812561035,250.13092041015625,863.5445556640625,0.7857
29,29,160,17.14876365661621,250.13092041015625,861.5202026367188,0.6216
29,29,161,15.3621244430542,250.13092041015625,858.4991455078125,0.5561
29,29,162,16.26215171813965,250.13092041015625,855.9027099609375,0.478
29,29,163,19.317808151245117,250.13092041015625,855.785400390625,0.4432
29,29,164,22.51727867126465,250.13092041015625,857.2594604492188,0.3006
29,29,165,25.10912322998047,250.13092041015625,857.204833984375,0.1778
29,29,166,25.973880767822266,250.13092041015625,854.4166259765625,0.2432
29,29,167,24.78249740600586,250.13092041015625,851.1372680664062,0.1997
29,29,168,23.934879302978516,250.13092041015625,849.1064453125,0.2008
29,29,169,25.408742904663086,250.13092041015625,847.8178100585938,0.1323
29,29,170,28.324382781982422,250.13092041015625,846.0176391601562,0.151
29,29,171,29.990184783935547,250.13092041015625,843.7589111328125,0.0741
